<?xml version='1.0' encoding='UTF-8'?>
<osm version="0.6" generator="KCityV5Strict">
  <tag k="format_version" v="1.1"/>
  <tag k="map_version" v="1"/>
  <node id="1" lat="37.2427482" lon="126.7746589"/>
  <node id="2" lat="37.2427488" lon="126.77469"/>
  <node id="3" lat="37.2427492" lon="126.7747109"/>
  <node id="4" lat="37.2427492" lon="126.7747115"/>
  <node id="5" lat="37.2427501" lon="126.7747453"/>
  <node id="6" lat="37.2427509" lon="126.7747791"/>
  <node id="7" lat="37.2427517" lon="126.7748129"/>
  <node id="8" lat="37.2427525" lon="126.7748467"/>
  <node id="9" lat="37.2427527" lon="126.7748537"/>
  <node id="10" lat="37.2427087" lon="126.7746663"/>
  <node id="11" lat="37.2427098" lon="126.7746805"/>
  <node id="12" lat="37.2427106" lon="126.7746941"/>
  <node id="13" lat="37.2427113" lon="126.7747117"/>
  <node id="14" lat="37.2427113" lon="126.774725"/>
  <node id="15" lat="37.2427116" lon="126.774749"/>
  <node id="16" lat="37.2427122" lon="126.7747718"/>
  <node id="17" lat="37.2427132" lon="126.7748056"/>
  <node id="18" lat="37.2427141" lon="126.7748394"/>
  <node id="19" lat="37.2427141" lon="126.7748495"/>
  <node id="20" lat="37.2427141" lon="126.7748548"/>
  <node id="21" lat="37.2427294" lon="126.7746592"/>
  <node id="22" lat="37.2427299" lon="126.7746852"/>
  <node id="23" lat="37.2427304" lon="126.7747112"/>
  <node id="24" lat="37.2427304" lon="126.7747113"/>
  <node id="25" lat="37.2427304" lon="126.7747116"/>
  <node id="26" lat="37.2427304" lon="126.7747182"/>
  <node id="27" lat="37.2427304" lon="126.7747248"/>
  <node id="28" lat="37.2427305" lon="126.7747302"/>
  <node id="29" lat="37.2427306" lon="126.7747351"/>
  <node id="30" lat="37.2427307" lon="126.7747471"/>
  <node id="31" lat="37.2427307" lon="126.7747483"/>
  <node id="32" lat="37.242731" lon="126.7747586"/>
  <node id="33" lat="37.2427312" lon="126.7747644"/>
  <node id="34" lat="37.2427315" lon="126.7747754"/>
  <node id="35" lat="37.2427315" lon="126.774776"/>
  <node id="36" lat="37.242732" lon="126.7747924"/>
  <node id="37" lat="37.2427324" lon="126.7748092"/>
  <node id="38" lat="37.2427324" lon="126.7748098"/>
  <node id="39" lat="37.2427329" lon="126.7748261"/>
  <node id="40" lat="37.2427333" lon="126.774839"/>
  <node id="41" lat="37.2427333" lon="126.774843"/>
  <node id="42" lat="37.2427333" lon="126.774844"/>
  <node id="43" lat="37.2427334" lon="126.7748542"/>
  <node id="44" lat="37.2396431" lon="126.7733927"/>
  <node id="45" lat="37.2396368" lon="126.7733883"/>
  <node id="46" lat="37.2396263" lon="126.7733814"/>
  <node id="47" lat="37.2396191" lon="126.7733766"/>
  <node id="48" lat="37.2396086" lon="126.7733697"/>
  <node id="49" lat="37.2396018" lon="126.7733652"/>
  <node id="50" lat="37.2395928" lon="126.7733593"/>
  <node id="51" lat="37.2395833" lon="126.7733532"/>
  <node id="52" lat="37.2395795" lon="126.7733507"/>
  <node id="53" lat="37.2395739" lon="126.773347"/>
  <node id="54" lat="37.2395701" lon="126.7733445"/>
  <node id="55" lat="37.2395638" lon="126.7733404"/>
  <node id="56" lat="37.2395615" lon="126.7733389"/>
  <node id="57" lat="37.2395556" lon="126.7733351"/>
  <node id="58" lat="37.2395469" lon="126.7733294"/>
  <node id="59" lat="37.2395422" lon="126.7733263"/>
  <node id="60" lat="37.2395331" lon="126.7733202"/>
  <node id="61" lat="37.2395276" lon="126.7733167"/>
  <node id="62" lat="37.2395184" lon="126.7733106"/>
  <node id="63" lat="37.2395142" lon="126.7733078"/>
  <node id="64" lat="37.2395046" lon="126.7733015"/>
  <node id="65" lat="37.2394993" lon="126.773298"/>
  <node id="66" lat="37.2394937" lon="126.7732943"/>
  <node id="67" lat="37.2394832" lon="126.7732875"/>
  <node id="68" lat="37.239479" lon="126.7732847"/>
  <node id="69" lat="37.2394687" lon="126.7732779"/>
  <node id="70" lat="37.2394681" lon="126.7732775"/>
  <node id="71" lat="37.2394533" lon="126.7732678"/>
  <node id="72" lat="37.2394526" lon="126.7732673"/>
  <node id="73" lat="37.239439" lon="126.7732584"/>
  <node id="74" lat="37.2394382" lon="126.7732579"/>
  <node id="75" lat="37.2394306" lon="126.7732529"/>
  <node id="76" lat="37.2394299" lon="126.7732524"/>
  <node id="77" lat="37.2394222" lon="126.7732474"/>
  <node id="78" lat="37.2394216" lon="126.773247"/>
  <node id="79" lat="37.2394071" lon="126.7732374"/>
  <node id="80" lat="37.2394069" lon="126.7732373"/>
  <node id="81" lat="37.2393902" lon="126.7732263"/>
  <node id="82" lat="37.2393861" lon="126.7732236"/>
  <node id="83" lat="37.2393815" lon="126.7732206"/>
  <node id="84" lat="37.23938" lon="126.7732196"/>
  <node id="85" lat="37.2393713" lon="126.7732139"/>
  <node id="86" lat="37.2393641" lon="126.7732092"/>
  <node id="87" lat="37.239362" lon="126.7732078"/>
  <node id="88" lat="37.2393533" lon="126.7732021"/>
  <node id="89" lat="37.2393443" lon="126.7731962"/>
  <node id="90" lat="37.239344" lon="126.773196"/>
  <node id="91" lat="37.2393279" lon="126.7731855"/>
  <node id="92" lat="37.2393254" lon="126.7731838"/>
  <node id="93" lat="37.2393114" lon="126.7731747"/>
  <node id="94" lat="37.2393061" lon="126.7731711"/>
  <node id="95" lat="37.2392957" lon="126.7731643"/>
  <node id="96" lat="37.2392837" lon="126.7731565"/>
  <node id="97" lat="37.2392792" lon="126.7731535"/>
  <node id="98" lat="37.2392637" lon="126.7731434"/>
  <node id="99" lat="37.2392595" lon="126.7731406"/>
  <node id="100" lat="37.2392495" lon="126.773134"/>
  <node id="101" lat="37.2392472" lon="126.7731326"/>
  <node id="102" lat="37.2392374" lon="126.7731261"/>
  <node id="103" lat="37.2392317" lon="126.7731224"/>
  <node id="104" lat="37.2392274" lon="126.7731196"/>
  <node id="105" lat="37.2392153" lon="126.7731117"/>
  <node id="106" lat="37.2392108" lon="126.7731087"/>
  <node id="107" lat="37.239208" lon="126.7731069"/>
  <node id="108" lat="37.2391995" lon="126.7731013"/>
  <node id="109" lat="37.2391947" lon="126.7730982"/>
  <node id="110" lat="37.2391844" lon="126.7730914"/>
  <node id="111" lat="37.2391837" lon="126.7730909"/>
  <node id="112" lat="37.2391728" lon="126.7730838"/>
  <node id="113" lat="37.2391691" lon="126.7730813"/>
  <node id="114" lat="37.2391595" lon="126.773075"/>
  <node id="115" lat="37.239154" lon="126.7730714"/>
  <node id="116" lat="37.2391506" lon="126.7730692"/>
  <node id="117" lat="37.2391403" lon="126.7730624"/>
  <node id="118" lat="37.2391383" lon="126.7730611"/>
  <node id="119" lat="37.2391314" lon="126.7730566"/>
  <node id="120" lat="37.239121" lon="126.7730498"/>
  <node id="121" lat="37.239121" lon="126.7730497"/>
  <node id="122" lat="37.2391056" lon="126.7730396"/>
  <node id="123" lat="37.239097" lon="126.773034"/>
  <node id="124" lat="37.2390883" lon="126.7730283"/>
  <node id="125" lat="37.2390739" lon="126.7730188"/>
  <node id="126" lat="37.2390572" lon="126.7730078"/>
  <node id="127" lat="37.2390427" lon="126.7729983"/>
  <node id="128" lat="37.2390343" lon="126.7729928"/>
  <node id="129" lat="37.239026" lon="126.7729873"/>
  <node id="130" lat="37.2390175" lon="126.7729818"/>
  <node id="131" lat="37.239011" lon="126.7729775"/>
  <node id="132" lat="37.2389985" lon="126.7729693"/>
  <node id="133" lat="37.238992" lon="126.7729651"/>
  <node id="134" lat="37.2389798" lon="126.7729571"/>
  <node id="135" lat="37.2389687" lon="126.7729498"/>
  <node id="136" lat="37.2389638" lon="126.7729465"/>
  <node id="137" lat="37.2389478" lon="126.7729357"/>
  <node id="138" lat="37.2389361" lon="126.7729279"/>
  <node id="139" lat="37.2389356" lon="126.7729275"/>
  <node id="140" lat="37.2389217" lon="126.7729176"/>
  <node id="141" lat="37.2389035" lon="126.7729036"/>
  <node id="142" lat="37.2388908" lon="126.7728936"/>
  <node id="143" lat="37.2388758" lon="126.7728811"/>
  <node id="144" lat="37.2388616" lon="126.7728685"/>
  <node id="145" lat="37.2388474" lon="126.772856"/>
  <node id="146" lat="37.2388465" lon="126.772855"/>
  <node id="147" lat="37.2396615" lon="126.7733539"/>
  <node id="148" lat="37.2396462" lon="126.7733438"/>
  <node id="149" lat="37.2396224" lon="126.7733279"/>
  <node id="150" lat="37.2395985" lon="126.7733121"/>
  <node id="151" lat="37.2395982" lon="126.7733118"/>
  <node id="152" lat="37.2395815" lon="126.773301"/>
  <node id="153" lat="37.2395692" lon="126.773293"/>
  <node id="154" lat="37.2395569" lon="126.7732851"/>
  <node id="155" lat="37.239533" lon="126.7732694"/>
  <node id="156" lat="37.2395091" lon="126.7732537"/>
  <node id="157" lat="37.2394852" lon="126.7732381"/>
  <node id="158" lat="37.2394614" lon="126.7732224"/>
  <node id="159" lat="37.2394375" lon="126.7732067"/>
  <node id="160" lat="37.2394136" lon="126.773191"/>
  <node id="161" lat="37.2394009" lon="126.7731827"/>
  <node id="162" lat="37.2393771" lon="126.7731671"/>
  <node id="163" lat="37.2393533" lon="126.7731516"/>
  <node id="164" lat="37.2393295" lon="126.773136"/>
  <node id="165" lat="37.2393057" lon="126.7731204"/>
  <node id="166" lat="37.2392819" lon="126.7731048"/>
  <node id="167" lat="37.2392581" lon="126.7730892"/>
  <node id="168" lat="37.2392343" lon="126.7730737"/>
  <node id="169" lat="37.2392105" lon="126.7730581"/>
  <node id="170" lat="37.2391926" lon="126.7730464"/>
  <node id="171" lat="37.2391688" lon="126.7730307"/>
  <node id="172" lat="37.2391449" lon="126.7730149"/>
  <node id="173" lat="37.2391211" lon="126.7729992"/>
  <node id="174" lat="37.2390972" lon="126.7729835"/>
  <node id="175" lat="37.2390734" lon="126.7729677"/>
  <node id="176" lat="37.2390495" lon="126.772952"/>
  <node id="177" lat="37.239041" lon="126.7729463"/>
  <node id="178" lat="37.2390289" lon="126.7729389"/>
  <node id="179" lat="37.2390095" lon="126.7729264"/>
  <node id="180" lat="37.2389855" lon="126.7729108"/>
  <node id="181" lat="37.2389783" lon="126.7729059"/>
  <node id="182" lat="37.2389664" lon="126.7728978"/>
  <node id="183" lat="37.2389546" lon="126.7728897"/>
  <node id="184" lat="37.2389484" lon="126.7728853"/>
  <node id="185" lat="37.2389367" lon="126.7728768"/>
  <node id="186" lat="37.238925" lon="126.7728684"/>
  <node id="187" lat="37.2389025" lon="126.7728502"/>
  <node id="188" lat="37.2389012" lon="126.7728491"/>
  <node id="189" lat="37.2388852" lon="126.7728355"/>
  <node id="190" lat="37.238871" lon="126.7728214"/>
  <node id="191" lat="37.2388636" lon="126.7728142"/>
  <node id="192" lat="37.2396531" lon="126.7733741"/>
  <node id="193" lat="37.2396511" lon="126.7733728"/>
  <node id="194" lat="37.239647" lon="126.7733702"/>
  <node id="195" lat="37.239643" lon="126.7733676"/>
  <node id="196" lat="37.2396416" lon="126.7733667"/>
  <node id="197" lat="37.2396299" lon="126.7733588"/>
  <node id="198" lat="37.2396263" lon="126.7733564"/>
  <node id="199" lat="37.2396261" lon="126.7733563"/>
  <node id="200" lat="37.239621" lon="126.7733529"/>
  <node id="201" lat="37.2396176" lon="126.7733506"/>
  <node id="202" lat="37.2396115" lon="126.7733466"/>
  <node id="203" lat="37.2396057" lon="126.7733427"/>
  <node id="204" lat="37.2396012" lon="126.7733397"/>
  <node id="205" lat="37.2395965" lon="126.7733365"/>
  <node id="206" lat="37.2395946" lon="126.7733353"/>
  <node id="207" lat="37.2395827" lon="126.7733274"/>
  <node id="208" lat="37.2395798" lon="126.7733256"/>
  <node id="209" lat="37.239578" lon="126.7733244"/>
  <node id="210" lat="37.2395748" lon="126.7733223"/>
  <node id="211" lat="37.2395737" lon="126.7733216"/>
  <node id="212" lat="37.2395707" lon="126.7733196"/>
  <node id="213" lat="37.2395588" lon="126.7733118"/>
  <node id="214" lat="37.2395544" lon="126.7733089"/>
  <node id="215" lat="37.2395521" lon="126.7733074"/>
  <node id="216" lat="37.2395475" lon="126.7733043"/>
  <node id="217" lat="37.2395355" lon="126.7732965"/>
  <node id="218" lat="37.2395328" lon="126.7732947"/>
  <node id="219" lat="37.2395282" lon="126.7732917"/>
  <node id="220" lat="37.2395261" lon="126.7732903"/>
  <node id="221" lat="37.2395213" lon="126.7732871"/>
  <node id="222" lat="37.2395093" lon="126.7732793"/>
  <node id="223" lat="37.2395067" lon="126.7732775"/>
  <node id="224" lat="37.2395039" lon="126.7732757"/>
  <node id="225" lat="37.2394986" lon="126.7732722"/>
  <node id="226" lat="37.2394867" lon="126.7732644"/>
  <node id="227" lat="37.2394845" lon="126.773263"/>
  <node id="228" lat="37.2394794" lon="126.7732596"/>
  <node id="229" lat="37.2394791" lon="126.7732594"/>
  <node id="230" lat="37.2394671" lon="126.7732515"/>
  <node id="231" lat="37.2394597" lon="126.7732467"/>
  <node id="232" lat="37.2394594" lon="126.7732464"/>
  <node id="233" lat="37.2394526" lon="126.773242"/>
  <node id="234" lat="37.2394522" lon="126.7732417"/>
  <node id="235" lat="37.2394402" lon="126.7732338"/>
  <node id="236" lat="37.2394364" lon="126.7732313"/>
  <node id="237" lat="37.2394361" lon="126.7732311"/>
  <node id="238" lat="37.2394322" lon="126.7732286"/>
  <node id="239" lat="37.2394319" lon="126.7732284"/>
  <node id="240" lat="37.2394251" lon="126.7732239"/>
  <node id="241" lat="37.2394178" lon="126.7732191"/>
  <node id="242" lat="37.2394058" lon="126.7732113"/>
  <node id="243" lat="37.2393974" lon="126.7732058"/>
  <node id="244" lat="37.2393954" lon="126.7732044"/>
  <node id="245" lat="37.2393931" lon="126.7732029"/>
  <node id="246" lat="37.2393923" lon="126.7732024"/>
  <node id="247" lat="37.2393803" lon="126.7731946"/>
  <node id="248" lat="37.239376" lon="126.7731918"/>
  <node id="249" lat="37.2393724" lon="126.7731894"/>
  <node id="250" lat="37.2393713" lon="126.7731887"/>
  <node id="251" lat="37.239367" lon="126.7731858"/>
  <node id="252" lat="37.239355" lon="126.773178"/>
  <node id="253" lat="37.2393505" lon="126.7731751"/>
  <node id="254" lat="37.2393504" lon="126.773175"/>
  <node id="255" lat="37.2393423" lon="126.7731697"/>
  <node id="256" lat="37.2393303" lon="126.7731619"/>
  <node id="257" lat="37.2393291" lon="126.7731611"/>
  <node id="258" lat="37.2393221" lon="126.7731565"/>
  <node id="259" lat="37.2393213" lon="126.7731559"/>
  <node id="260" lat="37.2393186" lon="126.7731542"/>
  <node id="261" lat="37.2393066" lon="126.7731463"/>
  <node id="262" lat="37.2393014" lon="126.7731429"/>
  <node id="263" lat="37.2392954" lon="126.773139"/>
  <node id="264" lat="37.2392932" lon="126.7731375"/>
  <node id="265" lat="37.2392812" lon="126.7731296"/>
  <node id="266" lat="37.2392734" lon="126.7731245"/>
  <node id="267" lat="37.2392714" lon="126.7731232"/>
  <node id="268" lat="37.2392594" lon="126.7731153"/>
  <node id="269" lat="37.2392544" lon="126.773112"/>
  <node id="270" lat="37.2392533" lon="126.7731113"/>
  <node id="271" lat="37.2392484" lon="126.7731081"/>
  <node id="272" lat="37.2392455" lon="126.7731062"/>
  <node id="273" lat="37.2392335" lon="126.7730983"/>
  <node id="274" lat="37.2392314" lon="126.7730969"/>
  <node id="275" lat="37.2392253" lon="126.773093"/>
  <node id="276" lat="37.2392231" lon="126.7730915"/>
  <node id="277" lat="37.2392217" lon="126.7730906"/>
  <node id="278" lat="37.2392097" lon="126.7730827"/>
  <node id="279" lat="37.2392055" lon="126.7730799"/>
  <node id="280" lat="37.2392031" lon="126.7730784"/>
  <node id="281" lat="37.2391979" lon="126.773075"/>
  <node id="282" lat="37.2391976" lon="126.7730747"/>
  <node id="283" lat="37.239189" lon="126.7730691"/>
  <node id="284" lat="37.2391886" lon="126.7730688"/>
  <node id="285" lat="37.2391856" lon="126.7730669"/>
  <node id="286" lat="37.2391832" lon="126.7730652"/>
  <node id="287" lat="37.2391802" lon="126.7730633"/>
  <node id="288" lat="37.2391783" lon="126.7730621"/>
  <node id="289" lat="37.2391735" lon="126.7730589"/>
  <node id="290" lat="37.2391645" lon="126.773053"/>
  <node id="291" lat="37.2391618" lon="126.7730512"/>
  <node id="292" lat="37.2391616" lon="126.773051"/>
  <node id="293" lat="37.2391601" lon="126.7730501"/>
  <node id="294" lat="37.2391588" lon="126.7730492"/>
  <node id="295" lat="37.2391571" lon="126.7730481"/>
  <node id="296" lat="37.2391519" lon="126.7730447"/>
  <node id="297" lat="37.239151" lon="126.7730441"/>
  <node id="298" lat="37.2391419" lon="126.7730381"/>
  <node id="299" lat="37.239139" lon="126.7730362"/>
  <node id="300" lat="37.2391385" lon="126.7730359"/>
  <node id="301" lat="37.2391356" lon="126.773034"/>
  <node id="302" lat="37.2391333" lon="126.7730325"/>
  <node id="303" lat="37.2391304" lon="126.7730305"/>
  <node id="304" lat="37.2391303" lon="126.7730305"/>
  <node id="305" lat="37.2391227" lon="126.7730255"/>
  <node id="306" lat="37.2391212" lon="126.7730245"/>
  <node id="307" lat="37.2391135" lon="126.7730195"/>
  <node id="308" lat="37.2391107" lon="126.7730176"/>
  <node id="309" lat="37.2391064" lon="126.7730148"/>
  <node id="310" lat="37.239102" lon="126.7730119"/>
  <node id="311" lat="37.2390929" lon="126.7730059"/>
  <node id="312" lat="37.2390857" lon="126.7730012"/>
  <node id="313" lat="37.2390763" lon="126.7729951"/>
  <node id="314" lat="37.2390737" lon="126.7729933"/>
  <node id="315" lat="37.239068" lon="126.7729896"/>
  <node id="316" lat="37.2390654" lon="126.7729879"/>
  <node id="317" lat="37.2390582" lon="126.7729831"/>
  <node id="318" lat="37.2390478" lon="126.7729764"/>
  <node id="319" lat="37.2390436" lon="126.7729737"/>
  <node id="320" lat="37.2390395" lon="126.7729709"/>
  <node id="321" lat="37.2390306" lon="126.7729652"/>
  <node id="322" lat="37.2390275" lon="126.7729631"/>
  <node id="323" lat="37.2390264" lon="126.7729624"/>
  <node id="324" lat="37.2390232" lon="126.7729604"/>
  <node id="325" lat="37.2390199" lon="126.7729582"/>
  <node id="326" lat="37.2390137" lon="126.7729541"/>
  <node id="327" lat="37.239004" lon="126.7729478"/>
  <node id="328" lat="37.2390008" lon="126.7729457"/>
  <node id="329" lat="37.2389946" lon="126.7729417"/>
  <node id="330" lat="37.238985" lon="126.7729355"/>
  <node id="331" lat="37.2389826" lon="126.772934"/>
  <node id="332" lat="37.2389795" lon="126.7729319"/>
  <node id="333" lat="37.2389771" lon="126.7729303"/>
  <node id="334" lat="37.2389746" lon="126.7729287"/>
  <node id="335" lat="37.238971" lon="126.7729262"/>
  <node id="336" lat="37.238963" lon="126.7729208"/>
  <node id="337" lat="37.2389512" lon="126.7729127"/>
  <node id="338" lat="37.2389453" lon="126.7729088"/>
  <node id="339" lat="37.2389451" lon="126.7729086"/>
  <node id="340" lat="37.238942" lon="126.7729064"/>
  <node id="341" lat="37.238935" lon="126.7729014"/>
  <node id="342" lat="37.2389233" lon="126.772893"/>
  <node id="343" lat="37.2389186" lon="126.7728896"/>
  <node id="344" lat="37.2389183" lon="126.7728894"/>
  <node id="345" lat="37.2389139" lon="126.772886"/>
  <node id="346" lat="37.2389082" lon="126.7728817"/>
  <node id="347" lat="37.238897" lon="126.7728726"/>
  <node id="348" lat="37.238895" lon="126.7728709"/>
  <node id="349" lat="37.2388943" lon="126.7728704"/>
  <node id="350" lat="37.2388884" lon="126.7728654"/>
  <node id="351" lat="37.2388836" lon="126.7728615"/>
  <node id="352" lat="37.2388799" lon="126.7728584"/>
  <node id="353" lat="37.2388752" lon="126.7728545"/>
  <node id="354" lat="37.2388745" lon="126.7728539"/>
  <node id="355" lat="37.2388724" lon="126.7728521"/>
  <node id="356" lat="37.2388717" lon="126.7728516"/>
  <node id="357" lat="37.2388676" lon="126.772848"/>
  <node id="358" lat="37.2388633" lon="126.7728442"/>
  <node id="359" lat="37.2388619" lon="126.772843"/>
  <node id="360" lat="37.2388556" lon="126.7728365"/>
  <node id="361" lat="37.2398214" lon="126.7735224"/>
  <node id="362" lat="37.2398328" lon="126.7735295"/>
  <node id="363" lat="37.2398329" lon="126.7735295"/>
  <node id="364" lat="37.2398469" lon="126.7735387"/>
  <node id="365" lat="37.2398557" lon="126.7735445"/>
  <node id="366" lat="37.2398569" lon="126.7735452"/>
  <node id="367" lat="37.2398658" lon="126.7735511"/>
  <node id="368" lat="37.2398747" lon="126.7735569"/>
  <node id="369" lat="37.2398847" lon="126.7735634"/>
  <node id="370" lat="37.2398973" lon="126.7735717"/>
  <node id="371" lat="37.2399006" lon="126.7735739"/>
  <node id="372" lat="37.2399071" lon="126.7735781"/>
  <node id="373" lat="37.2399105" lon="126.7735804"/>
  <node id="374" lat="37.2399198" lon="126.7735864"/>
  <node id="375" lat="37.2399204" lon="126.7735868"/>
  <node id="376" lat="37.2399284" lon="126.7735921"/>
  <node id="377" lat="37.2399296" lon="126.7735929"/>
  <node id="378" lat="37.2399365" lon="126.7735973"/>
  <node id="379" lat="37.2399394" lon="126.7735993"/>
  <node id="380" lat="37.2399463" lon="126.7736038"/>
  <node id="381" lat="37.239952" lon="126.7736075"/>
  <node id="382" lat="37.239956" lon="126.7736101"/>
  <node id="383" lat="37.2399617" lon="126.7736139"/>
  <node id="384" lat="37.2399743" lon="126.7736221"/>
  <node id="385" lat="37.2399824" lon="126.7736274"/>
  <node id="386" lat="37.2398045" lon="126.7735633"/>
  <node id="387" lat="37.2398238" lon="126.7735745"/>
  <node id="388" lat="37.2398367" lon="126.7735832"/>
  <node id="389" lat="37.2398606" lon="126.7735989"/>
  <node id="390" lat="37.2398845" lon="126.7736146"/>
  <node id="391" lat="37.2399085" lon="126.7736303"/>
  <node id="392" lat="37.2399324" lon="126.773646"/>
  <node id="393" lat="37.2399558" lon="126.7736613"/>
  <node id="394" lat="37.2399653" lon="126.7736674"/>
  <node id="395" lat="37.239813" lon="126.773543"/>
  <node id="396" lat="37.2398178" lon="126.7735459"/>
  <node id="397" lat="37.2398216" lon="126.7735484"/>
  <node id="398" lat="37.2398267" lon="126.7735515"/>
  <node id="399" lat="37.2398337" lon="126.7735561"/>
  <node id="400" lat="37.2398418" lon="126.7735609"/>
  <node id="401" lat="37.2398462" lon="126.7735638"/>
  <node id="402" lat="37.2398468" lon="126.7735642"/>
  <node id="403" lat="37.2398512" lon="126.7735671"/>
  <node id="404" lat="37.2398632" lon="126.773575"/>
  <node id="405" lat="37.2398676" lon="126.7735779"/>
  <node id="406" lat="37.2398726" lon="126.7735812"/>
  <node id="407" lat="37.2398846" lon="126.773589"/>
  <node id="408" lat="37.2398909" lon="126.7735931"/>
  <node id="409" lat="37.2398926" lon="126.7735942"/>
  <node id="410" lat="37.2398958" lon="126.7735964"/>
  <node id="411" lat="37.2398975" lon="126.7735975"/>
  <node id="412" lat="37.2399095" lon="126.7736053"/>
  <node id="413" lat="37.2399141" lon="126.7736084"/>
  <node id="414" lat="37.2399144" lon="126.7736085"/>
  <node id="415" lat="37.2399184" lon="126.7736112"/>
  <node id="416" lat="37.2399185" lon="126.7736112"/>
  <node id="417" lat="37.2399191" lon="126.7736116"/>
  <node id="418" lat="37.2399225" lon="126.7736138"/>
  <node id="419" lat="37.2399344" lon="126.7736217"/>
  <node id="420" lat="37.2399359" lon="126.7736226"/>
  <node id="421" lat="37.2399394" lon="126.7736249"/>
  <node id="422" lat="37.2399422" lon="126.7736267"/>
  <node id="423" lat="37.2399442" lon="126.7736281"/>
  <node id="424" lat="37.2399471" lon="126.7736299"/>
  <node id="425" lat="37.2399588" lon="126.7736376"/>
  <node id="426" lat="37.2399651" lon="126.7736417"/>
  <node id="427" lat="37.2399693" lon="126.7736445"/>
  <node id="428" lat="37.2399738" lon="126.7736475"/>
  <node id="429" lat="37.2402807" lon="126.7738244"/>
  <node id="430" lat="37.2402988" lon="126.7738361"/>
  <node id="431" lat="37.2403132" lon="126.7738454"/>
  <node id="432" lat="37.2403311" lon="126.7738571"/>
  <node id="433" lat="37.2403502" lon="126.7738694"/>
  <node id="434" lat="37.2403645" lon="126.7738787"/>
  <node id="435" lat="37.2403853" lon="126.7738927"/>
  <node id="436" lat="37.240408" lon="126.7739078"/>
  <node id="437" lat="37.2404226" lon="126.7739175"/>
  <node id="438" lat="37.2402641" lon="126.773864"/>
  <node id="439" lat="37.2402769" lon="126.7738723"/>
  <node id="440" lat="37.2402897" lon="126.7738806"/>
  <node id="441" lat="37.240313" lon="126.7738962"/>
  <node id="442" lat="37.2403251" lon="126.7739043"/>
  <node id="443" lat="37.2403371" lon="126.7739123"/>
  <node id="444" lat="37.2403605" lon="126.7739279"/>
  <node id="445" lat="37.2403839" lon="126.7739435"/>
  <node id="446" lat="37.240406" lon="126.7739575"/>
  <node id="447" lat="37.2402727" lon="126.7738439"/>
  <node id="448" lat="37.2402817" lon="126.7738499"/>
  <node id="449" lat="37.2402937" lon="126.7738578"/>
  <node id="450" lat="37.2403024" lon="126.7738635"/>
  <node id="451" lat="37.2403143" lon="126.7738713"/>
  <node id="452" lat="37.2403215" lon="126.773876"/>
  <node id="453" lat="37.2403302" lon="126.7738817"/>
  <node id="454" lat="37.2403422" lon="126.7738896"/>
  <node id="455" lat="37.2403494" lon="126.7738943"/>
  <node id="456" lat="37.2403614" lon="126.7739021"/>
  <node id="457" lat="37.2403733" lon="126.77391"/>
  <node id="458" lat="37.2403735" lon="126.7739101"/>
  <node id="459" lat="37.2403855" lon="126.773918"/>
  <node id="460" lat="37.2403975" lon="126.7739258"/>
  <node id="461" lat="37.2403986" lon="126.7739266"/>
  <node id="462" lat="37.2404106" lon="126.7739344"/>
  <node id="463" lat="37.2404145" lon="126.7739369"/>
  <node id="464" lat="37.239828" lon="126.7741563"/>
  <node id="465" lat="37.2398236" lon="126.7741536"/>
  <node id="466" lat="37.2398022" lon="126.7741397"/>
  <node id="467" lat="37.2397997" lon="126.7741381"/>
  <node id="468" lat="37.23978" lon="126.7741251"/>
  <node id="469" lat="37.2397561" lon="126.7741093"/>
  <node id="470" lat="37.2397323" lon="126.7740935"/>
  <node id="471" lat="37.2397084" lon="126.7740778"/>
  <node id="472" lat="37.2397064" lon="126.7740765"/>
  <node id="473" lat="37.2396827" lon="126.7740608"/>
  <node id="474" lat="37.2396621" lon="126.7740472"/>
  <node id="475" lat="37.2396514" lon="126.7740391"/>
  <node id="476" lat="37.2396443" lon="126.7740329"/>
  <node id="477" lat="37.2396317" lon="126.7740194"/>
  <node id="478" lat="37.2396245" lon="126.7740106"/>
  <node id="479" lat="37.239619" lon="126.7740029"/>
  <node id="480" lat="37.2396137" lon="126.7739946"/>
  <node id="481" lat="37.2396124" lon="126.7739927"/>
  <node id="482" lat="37.2398434" lon="126.7741216"/>
  <node id="483" lat="37.2398274" lon="126.7741113"/>
  <node id="484" lat="37.2398166" lon="126.7741042"/>
  <node id="485" lat="37.2397927" lon="126.7740884"/>
  <node id="486" lat="37.2397688" lon="126.7740727"/>
  <node id="487" lat="37.2397449" lon="126.7740569"/>
  <node id="488" lat="37.2397439" lon="126.7740563"/>
  <node id="489" lat="37.23972" lon="126.7740404"/>
  <node id="490" lat="37.2396991" lon="126.7740265"/>
  <node id="491" lat="37.2396834" lon="126.7740155"/>
  <node id="492" lat="37.2396739" lon="126.7740081"/>
  <node id="493" lat="37.2396673" lon="126.7740031"/>
  <node id="494" lat="37.2396609" lon="126.7739968"/>
  <node id="495" lat="37.2396517" lon="126.7739858"/>
  <node id="496" lat="37.2396441" lon="126.7739756"/>
  <node id="497" lat="37.2396401" lon="126.7739694"/>
  <node id="498" lat="37.2398354" lon="126.7741389"/>
  <node id="499" lat="37.239831" lon="126.7741359"/>
  <node id="500" lat="37.2398095" lon="126.774122"/>
  <node id="501" lat="37.2398072" lon="126.7741205"/>
  <node id="502" lat="37.2397874" lon="126.7741075"/>
  <node id="503" lat="37.2397635" lon="126.7740917"/>
  <node id="504" lat="37.2397397" lon="126.774076"/>
  <node id="505" lat="37.2397159" lon="126.7740602"/>
  <node id="506" lat="37.2397139" lon="126.7740589"/>
  <node id="507" lat="37.2396905" lon="126.7740434"/>
  <node id="508" lat="37.2396707" lon="126.7740298"/>
  <node id="509" lat="37.2396599" lon="126.7740215"/>
  <node id="510" lat="37.2396545" lon="126.7740167"/>
  <node id="511" lat="37.2396431" lon="126.7740044"/>
  <node id="512" lat="37.2396367" lon="126.7739964"/>
  <node id="513" lat="37.2396319" lon="126.7739895"/>
  <node id="514" lat="37.2396269" lon="126.773982"/>
  <node id="515" lat="37.2397076" lon="126.773568"/>
  <node id="516" lat="37.2397065" lon="126.7735705"/>
  <node id="517" lat="37.239695" lon="126.7735978"/>
  <node id="518" lat="37.2396824" lon="126.7736276"/>
  <node id="519" lat="37.2396699" lon="126.7736574"/>
  <node id="520" lat="37.2396627" lon="126.7736744"/>
  <node id="521" lat="37.2396564" lon="126.7736894"/>
  <node id="522" lat="37.2396501" lon="126.7737044"/>
  <node id="523" lat="37.2396438" lon="126.7737193"/>
  <node id="524" lat="37.2396376" lon="126.7737343"/>
  <node id="525" lat="37.2396297" lon="126.773753"/>
  <node id="526" lat="37.2396172" lon="126.773783"/>
  <node id="527" lat="37.2396048" lon="126.7738129"/>
  <node id="528" lat="37.2396009" lon="126.7738222"/>
  <node id="529" lat="37.2395995" lon="126.7738256"/>
  <node id="530" lat="37.2396285" lon="126.7738432"/>
  <node id="531" lat="37.2396389" lon="126.7738168"/>
  <node id="532" lat="37.2396514" lon="126.7737869"/>
  <node id="533" lat="37.2396536" lon="126.7737815"/>
  <node id="534" lat="37.2396662" lon="126.7737515"/>
  <node id="535" lat="37.2396787" lon="126.7737216"/>
  <node id="536" lat="37.2396865" lon="126.7737028"/>
  <node id="537" lat="37.239699" lon="126.7736728"/>
  <node id="538" lat="37.2397002" lon="126.7736697"/>
  <node id="539" lat="37.2397067" lon="126.773654"/>
  <node id="540" lat="37.2397132" lon="126.7736382"/>
  <node id="541" lat="37.2397223" lon="126.7736165"/>
  <node id="542" lat="37.2397278" lon="126.7736046"/>
  <node id="543" lat="37.2397317" lon="126.7735967"/>
  <node id="544" lat="37.239735" lon="126.7735912"/>
  <node id="545" lat="37.239614" lon="126.7738344"/>
  <node id="546" lat="37.2396191" lon="126.7738217"/>
  <node id="547" lat="37.2396313" lon="126.7737921"/>
  <node id="548" lat="37.2396438" lon="126.7737623"/>
  <node id="549" lat="37.2396516" lon="126.7737435"/>
  <node id="550" lat="37.2396579" lon="126.7737285"/>
  <node id="551" lat="37.2396642" lon="126.7737135"/>
  <node id="552" lat="37.2396705" lon="126.7736985"/>
  <node id="553" lat="37.2396767" lon="126.7736835"/>
  <node id="554" lat="37.2396839" lon="126.7736664"/>
  <node id="555" lat="37.2396963" lon="126.7736365"/>
  <node id="556" lat="37.2397086" lon="126.7736071"/>
  <node id="557" lat="37.2397206" lon="126.7735807"/>
  <node id="558" lat="37.2408164" lon="126.7741802"/>
  <node id="559" lat="37.2408291" lon="126.7741909"/>
  <node id="560" lat="37.2408372" lon="126.7742019"/>
  <node id="561" lat="37.2408463" lon="126.7742173"/>
  <node id="562" lat="37.240857" lon="126.7742282"/>
  <node id="563" lat="37.24087" lon="126.7742366"/>
  <node id="564" lat="37.2410068" lon="126.7743224"/>
  <node id="565" lat="37.2410731" lon="126.7743646"/>
  <node id="566" lat="37.2411612" lon="126.7744112"/>
  <node id="567" lat="37.2408027" lon="126.7742178"/>
  <node id="568" lat="37.2408206" lon="126.7742345"/>
  <node id="569" lat="37.2408321" lon="126.7742544"/>
  <node id="570" lat="37.240843" lon="126.7742648"/>
  <node id="571" lat="37.2408562" lon="126.774276"/>
  <node id="572" lat="37.2409443" lon="126.774328"/>
  <node id="573" lat="37.241065" lon="126.7743996"/>
  <node id="574" lat="37.2411573" lon="126.7744463"/>
  <node id="575" lat="37.2408121" lon="126.7742002"/>
  <node id="576" lat="37.2408275" lon="126.7742161"/>
  <node id="577" lat="37.2408394" lon="126.7742323"/>
  <node id="578" lat="37.240857" lon="126.7742465"/>
  <node id="579" lat="37.2408732" lon="126.7742579"/>
  <node id="580" lat="37.2408901" lon="126.7742688"/>
  <node id="581" lat="37.2409169" lon="126.7742882"/>
  <node id="582" lat="37.2409171" lon="126.7742884"/>
  <node id="583" lat="37.2409408" lon="126.7743031"/>
  <node id="584" lat="37.240965" lon="126.7743179"/>
  <node id="585" lat="37.2409827" lon="126.7743289"/>
  <node id="586" lat="37.2410069" lon="126.7743434"/>
  <node id="587" lat="37.2410084" lon="126.7743443"/>
  <node id="588" lat="37.2410328" lon="126.7743586"/>
  <node id="589" lat="37.2410461" lon="126.7743665"/>
  <node id="590" lat="37.2410585" lon="126.774374"/>
  <node id="591" lat="37.2410765" lon="126.7743843"/>
  <node id="592" lat="37.2410946" lon="126.7743946"/>
  <node id="593" lat="37.2411113" lon="126.7744038"/>
  <node id="594" lat="37.241128" lon="126.774413"/>
  <node id="595" lat="37.2411516" lon="126.7744245"/>
  <node id="596" lat="37.2411593" lon="126.7744282"/>
  <node id="597" lat="37.2415499" lon="126.7744989"/>
  <node id="598" lat="37.2417657" lon="126.7744997"/>
  <node id="599" lat="37.2415499" lon="126.7745378"/>
  <node id="600" lat="37.2416049" lon="126.7745369"/>
  <node id="601" lat="37.2417608" lon="126.7745409"/>
  <node id="602" lat="37.2415498" lon="126.7745187"/>
  <node id="603" lat="37.2415768" lon="126.7745188"/>
  <node id="604" lat="37.2416037" lon="126.7745188"/>
  <node id="605" lat="37.2416306" lon="126.7745189"/>
  <node id="606" lat="37.2416576" lon="126.7745189"/>
  <node id="607" lat="37.2416845" lon="126.774519"/>
  <node id="608" lat="37.2417114" lon="126.7745191"/>
  <node id="609" lat="37.2417383" lon="126.7745191"/>
  <node id="610" lat="37.2417642" lon="126.7745192"/>
  <node id="611" lat="37.2425002" lon="126.7745134"/>
  <node id="612" lat="37.2426058" lon="126.7745141"/>
  <node id="613" lat="37.2426493" lon="126.7745239"/>
  <node id="614" lat="37.2426954" lon="126.7745534"/>
  <node id="615" lat="37.2427237" lon="126.7745864"/>
  <node id="616" lat="37.2427383" lon="126.774623"/>
  <node id="617" lat="37.2427482" lon="126.7746587"/>
  <node id="618" lat="37.2425049" lon="126.7745524"/>
  <node id="619" lat="37.2425731" lon="126.7745556"/>
  <node id="620" lat="37.2426037" lon="126.7745585"/>
  <node id="621" lat="37.2426096" lon="126.7745592"/>
  <node id="622" lat="37.2426152" lon="126.7745604"/>
  <node id="623" lat="37.2426238" lon="126.7745633"/>
  <node id="624" lat="37.2426347" lon="126.7745675"/>
  <node id="625" lat="37.2426417" lon="126.7745709"/>
  <node id="626" lat="37.2426496" lon="126.7745754"/>
  <node id="627" lat="37.2426601" lon="126.7745824"/>
  <node id="628" lat="37.2426702" lon="126.7745913"/>
  <node id="629" lat="37.2426904" lon="126.7746181"/>
  <node id="630" lat="37.2427026" lon="126.7746425"/>
  <node id="631" lat="37.2427087" lon="126.7746659"/>
  <node id="632" lat="37.2425006" lon="126.7745332"/>
  <node id="633" lat="37.2425276" lon="126.7745329"/>
  <node id="634" lat="37.2425545" lon="126.7745327"/>
  <node id="635" lat="37.2425815" lon="126.7745324"/>
  <node id="636" lat="37.2426018" lon="126.7745322"/>
  <node id="637" lat="37.2426284" lon="126.7745385"/>
  <node id="638" lat="37.2426404" lon="126.7745414"/>
  <node id="639" lat="37.2426651" lon="126.7745551"/>
  <node id="640" lat="37.2426752" lon="126.7745606"/>
  <node id="641" lat="37.2426957" lon="126.7745823"/>
  <node id="642" lat="37.2426978" lon="126.7745845"/>
  <node id="643" lat="37.2427136" lon="126.774612"/>
  <node id="644" lat="37.2427198" lon="126.7746228"/>
  <node id="645" lat="37.2427282" lon="126.7746547"/>
  <node id="646" lat="37.2400005" lon="126.7736387"/>
  <node id="647" lat="37.2399832" lon="126.7736791"/>
  <node id="648" lat="37.2399833" lon="126.7736792"/>
  <node id="649" lat="37.240264" lon="126.773864"/>
  <node id="650" lat="37.2399977" lon="126.7736632"/>
  <node id="651" lat="37.2400216" lon="126.7736789"/>
  <node id="652" lat="37.2400455" lon="126.7736946"/>
  <node id="653" lat="37.2400694" lon="126.7737103"/>
  <node id="654" lat="37.2400932" lon="126.773726"/>
  <node id="655" lat="37.2401171" lon="126.7737417"/>
  <node id="656" lat="37.240141" lon="126.7737574"/>
  <node id="657" lat="37.2401649" lon="126.7737731"/>
  <node id="658" lat="37.2401888" lon="126.7737888"/>
  <node id="659" lat="37.2402126" lon="126.7738045"/>
  <node id="660" lat="37.2402365" lon="126.7738202"/>
  <node id="661" lat="37.2402604" lon="126.7738359"/>
  <node id="662" lat="37.2400644" lon="126.7743121"/>
  <node id="663" lat="37.240054" lon="126.7743052"/>
  <node id="664" lat="37.2400386" lon="126.7742951"/>
  <node id="665" lat="37.239828" lon="126.7741564"/>
  <node id="666" lat="37.2400795" lon="126.7742775"/>
  <node id="667" lat="37.2400558" lon="126.7742615"/>
  <node id="668" lat="37.2400535" lon="126.7742599"/>
  <node id="669" lat="37.2400534" lon="126.7742599"/>
  <node id="670" lat="37.2398434" lon="126.7741217"/>
  <node id="671" lat="37.240072" lon="126.7742948"/>
  <node id="672" lat="37.2400481" lon="126.774279"/>
  <node id="673" lat="37.2400242" lon="126.7742633"/>
  <node id="674" lat="37.2400003" lon="126.7742476"/>
  <node id="675" lat="37.2399765" lon="126.7742318"/>
  <node id="676" lat="37.2399526" lon="126.7742161"/>
  <node id="677" lat="37.2399287" lon="126.7742003"/>
  <node id="678" lat="37.2399048" lon="126.7741846"/>
  <node id="679" lat="37.2398809" lon="126.7741689"/>
  <node id="680" lat="37.239857" lon="126.7741531"/>
  <node id="681" lat="37.2395965" lon="126.7738328"/>
  <node id="682" lat="37.2395918" lon="126.7738459"/>
  <node id="683" lat="37.2395866" lon="126.7738674"/>
  <node id="684" lat="37.2395843" lon="126.7738892"/>
  <node id="685" lat="37.2395845" lon="126.7739114"/>
  <node id="686" lat="37.2395886" lon="126.7739364"/>
  <node id="687" lat="37.2395946" lon="126.7739568"/>
  <node id="688" lat="37.2396036" lon="126.773978"/>
  <node id="689" lat="37.2396378" lon="126.7739657"/>
  <node id="690" lat="37.2396324" lon="126.7739554"/>
  <node id="691" lat="37.239629" lon="126.7739472"/>
  <node id="692" lat="37.2396252" lon="126.7739374"/>
  <node id="693" lat="37.2396222" lon="126.7739274"/>
  <node id="694" lat="37.23962" lon="126.7739171"/>
  <node id="695" lat="37.2396186" lon="126.7739074"/>
  <node id="696" lat="37.2396182" lon="126.7738954"/>
  <node id="697" lat="37.2396189" lon="126.7738806"/>
  <node id="698" lat="37.2396206" lon="126.7738697"/>
  <node id="699" lat="37.2396232" lon="126.773859"/>
  <node id="700" lat="37.2396271" lon="126.7738469"/>
  <node id="701" lat="37.2396147" lon="126.7739579"/>
  <node id="702" lat="37.2396044" lon="126.7739272"/>
  <node id="703" lat="37.2396013" lon="126.7739059"/>
  <node id="704" lat="37.2396027" lon="126.7738723"/>
  <node id="705" lat="37.2396121" lon="126.7738407"/>
  <node id="706" lat="37.2396407" lon="126.7734042"/>
  <node id="707" lat="37.2398213" lon="126.7735224"/>
  <node id="708" lat="37.2396209" lon="126.7734443"/>
  <node id="709" lat="37.2398044" lon="126.7735633"/>
  <node id="710" lat="37.2396305" lon="126.773423"/>
  <node id="711" lat="37.2396544" lon="126.7734387"/>
  <node id="712" lat="37.2396782" lon="126.7734544"/>
  <node id="713" lat="37.2397021" lon="126.7734701"/>
  <node id="714" lat="37.239726" lon="126.7734858"/>
  <node id="715" lat="37.2397499" lon="126.7735015"/>
  <node id="716" lat="37.2397737" lon="126.7735172"/>
  <node id="717" lat="37.2397976" lon="126.7735329"/>
  <node id="718" lat="37.2397126" lon="126.7735433"/>
  <node id="719" lat="37.2397108" lon="126.7735153"/>
  <node id="720" lat="37.2397055" lon="126.7734875"/>
  <node id="721" lat="37.2396993" lon="126.7734679"/>
  <node id="722" lat="37.2396912" lon="126.7734462"/>
  <node id="723" lat="37.2396765" lon="126.7734225"/>
  <node id="724" lat="37.239662" lon="126.7734065"/>
  <node id="725" lat="37.239735" lon="126.7735911"/>
  <node id="726" lat="37.2397487" lon="126.7735505"/>
  <node id="727" lat="37.2397508" lon="126.7735139"/>
  <node id="728" lat="37.239746" lon="126.7734747"/>
  <node id="729" lat="37.2397384" lon="126.7734438"/>
  <node id="730" lat="37.2397263" lon="126.7734145"/>
  <node id="731" lat="37.2397097" lon="126.7733918"/>
  <node id="732" lat="37.2396902" lon="126.7733733"/>
  <node id="733" lat="37.2396616" lon="126.773354"/>
  <node id="734" lat="37.2397299" lon="126.7735492"/>
  <node id="735" lat="37.2397304" lon="126.7735474"/>
  <node id="736" lat="37.2397313" lon="126.7735143"/>
  <node id="737" lat="37.2397284" lon="126.7734942"/>
  <node id="738" lat="37.2397211" lon="126.7734687"/>
  <node id="739" lat="37.239714" lon="126.7734441"/>
  <node id="740" lat="37.2396976" lon="126.7734154"/>
  <node id="741" lat="37.2396848" lon="126.7734004"/>
  <node id="742" lat="37.2396622" lon="126.7733817"/>
  <node id="743" lat="37.2388375" lon="126.7728762"/>
  <node id="744" lat="37.238843" lon="126.7728795"/>
  <node id="745" lat="37.2388625" lon="126.7728924"/>
  <node id="746" lat="37.2388821" lon="126.7729052"/>
  <node id="747" lat="37.2389016" lon="126.7729181"/>
  <node id="748" lat="37.2389241" lon="126.7729328"/>
  <node id="749" lat="37.23894" lon="126.7729435"/>
  <node id="750" lat="37.2389528" lon="126.7729521"/>
  <node id="751" lat="37.2389657" lon="126.7729607"/>
  <node id="752" lat="37.2389844" lon="126.7729729"/>
  <node id="753" lat="37.2389913" lon="126.7729774"/>
  <node id="754" lat="37.2390038" lon="126.7729855"/>
  <node id="755" lat="37.2390102" lon="126.7729895"/>
  <node id="756" lat="37.2390187" lon="126.7729952"/>
  <node id="757" lat="37.2390269" lon="126.7730008"/>
  <node id="758" lat="37.2390355" lon="126.7730062"/>
  <node id="759" lat="37.2390497" lon="126.7730157"/>
  <node id="760" lat="37.2390664" lon="126.7730268"/>
  <node id="761" lat="37.2390809" lon="126.7730362"/>
  <node id="762" lat="37.2390894" lon="126.773042"/>
  <node id="763" lat="37.2390983" lon="126.7730477"/>
  <node id="764" lat="37.2391137" lon="126.7730577"/>
  <node id="765" lat="37.2391239" lon="126.7730643"/>
  <node id="766" lat="37.239131" lon="126.773069"/>
  <node id="767" lat="37.2391432" lon="126.7730769"/>
  <node id="768" lat="37.2391522" lon="126.7730829"/>
  <node id="769" lat="37.2391618" lon="126.773089"/>
  <node id="770" lat="37.2391656" lon="126.7730915"/>
  <node id="771" lat="37.2391772" lon="126.7730991"/>
  <node id="772" lat="37.2391874" lon="126.7731058"/>
  <node id="773" lat="37.2392007" lon="126.7731145"/>
  <node id="774" lat="37.239208" lon="126.7731193"/>
  <node id="775" lat="37.23922" lon="126.7731273"/>
  <node id="776" lat="37.23923" lon="126.7731339"/>
  <node id="777" lat="37.2392399" lon="126.7731403"/>
  <node id="778" lat="37.2392521" lon="126.7731484"/>
  <node id="779" lat="37.2392719" lon="126.7731613"/>
  <node id="780" lat="37.2392884" lon="126.773172"/>
  <node id="781" lat="37.2392987" lon="126.7731789"/>
  <node id="782" lat="37.239318" lon="126.7731916"/>
  <node id="783" lat="37.2393367" lon="126.7732037"/>
  <node id="784" lat="37.239346" lon="126.77321"/>
  <node id="785" lat="37.2393547" lon="126.7732154"/>
  <node id="786" lat="37.2393641" lon="126.7732218"/>
  <node id="787" lat="37.2393742" lon="126.7732286"/>
  <node id="788" lat="37.239383" lon="126.773234"/>
  <node id="789" lat="37.2393996" lon="126.7732452"/>
  <node id="790" lat="37.2394149" lon="126.773255"/>
  <node id="791" lat="37.2394232" lon="126.7732605"/>
  <node id="792" lat="37.2394309" lon="126.7732654"/>
  <node id="793" lat="37.239446" lon="126.7732755"/>
  <node id="794" lat="37.2394613" lon="126.7732855"/>
  <node id="795" lat="37.2394717" lon="126.7732921"/>
  <node id="796" lat="37.2394864" lon="126.773302"/>
  <node id="797" lat="37.2394922" lon="126.7733056"/>
  <node id="798" lat="37.2394974" lon="126.7733091"/>
  <node id="799" lat="37.2395069" lon="126.7733153"/>
  <node id="800" lat="37.2395205" lon="126.7733243"/>
  <node id="801" lat="37.2395259" lon="126.773328"/>
  <node id="802" lat="37.2395398" lon="126.7733368"/>
  <node id="803" lat="37.2395483" lon="126.7733426"/>
  <node id="804" lat="37.2395543" lon="126.7733466"/>
  <node id="805" lat="37.2395628" lon="126.7733521"/>
  <node id="806" lat="37.2395723" lon="126.7733584"/>
  <node id="807" lat="37.2395765" lon="126.7733612"/>
  <node id="808" lat="37.2395946" lon="126.7733734"/>
  <node id="809" lat="37.2396069" lon="126.7733815"/>
  <node id="810" lat="37.2396165" lon="126.7733879"/>
  <node id="811" lat="37.2396283" lon="126.7733957"/>
  <node id="812" lat="37.2396386" lon="126.7734028"/>
  <node id="813" lat="37.2388272" lon="126.772921"/>
  <node id="814" lat="37.2389316" lon="126.7729892"/>
  <node id="815" lat="37.2389361" lon="126.7729921"/>
  <node id="816" lat="37.2389482" lon="126.7730003"/>
  <node id="817" lat="37.2389603" lon="126.7730084"/>
  <node id="818" lat="37.238984" lon="126.7730242"/>
  <node id="819" lat="37.2389879" lon="126.7730268"/>
  <node id="820" lat="37.2390119" lon="126.7730423"/>
  <node id="821" lat="37.2390267" lon="126.7730519"/>
  <node id="822" lat="37.2390387" lon="126.7730597"/>
  <node id="823" lat="37.2390507" lon="126.7730676"/>
  <node id="824" lat="37.2390627" lon="126.7730754"/>
  <node id="825" lat="37.2390746" lon="126.7730833"/>
  <node id="826" lat="37.2390866" lon="126.7730911"/>
  <node id="827" lat="37.2390986" lon="126.773099"/>
  <node id="828" lat="37.2391105" lon="126.7731068"/>
  <node id="829" lat="37.2391225" lon="126.7731147"/>
  <node id="830" lat="37.2391345" lon="126.7731225"/>
  <node id="831" lat="37.2391465" lon="126.7731303"/>
  <node id="832" lat="37.2391585" lon="126.7731382"/>
  <node id="833" lat="37.2391704" lon="126.773146"/>
  <node id="834" lat="37.2391824" lon="126.7731539"/>
  <node id="835" lat="37.2391944" lon="126.7731617"/>
  <node id="836" lat="37.2392064" lon="126.7731696"/>
  <node id="837" lat="37.2392183" lon="126.7731774"/>
  <node id="838" lat="37.2392303" lon="126.7731853"/>
  <node id="839" lat="37.2392423" lon="126.7731931"/>
  <node id="840" lat="37.2392543" lon="126.773201"/>
  <node id="841" lat="37.2392662" lon="126.7732088"/>
  <node id="842" lat="37.2392782" lon="126.7732167"/>
  <node id="843" lat="37.2392902" lon="126.7732245"/>
  <node id="844" lat="37.2393022" lon="126.7732324"/>
  <node id="845" lat="37.2393141" lon="126.7732402"/>
  <node id="846" lat="37.2393261" lon="126.7732481"/>
  <node id="847" lat="37.2393381" lon="126.7732559"/>
  <node id="848" lat="37.2393501" lon="126.7732638"/>
  <node id="849" lat="37.239362" lon="126.7732716"/>
  <node id="850" lat="37.239374" lon="126.7732795"/>
  <node id="851" lat="37.239386" lon="126.7732873"/>
  <node id="852" lat="37.239398" lon="126.7732952"/>
  <node id="853" lat="37.2394099" lon="126.773303"/>
  <node id="854" lat="37.2394219" lon="126.7733109"/>
  <node id="855" lat="37.2394339" lon="126.7733187"/>
  <node id="856" lat="37.2394459" lon="126.7733266"/>
  <node id="857" lat="37.2394578" lon="126.7733344"/>
  <node id="858" lat="37.2394698" lon="126.7733423"/>
  <node id="859" lat="37.2394818" lon="126.7733501"/>
  <node id="860" lat="37.2394938" lon="126.773358"/>
  <node id="861" lat="37.2395057" lon="126.7733658"/>
  <node id="862" lat="37.2395181" lon="126.7733739"/>
  <node id="863" lat="37.2395378" lon="126.7733866"/>
  <node id="864" lat="37.2395603" lon="126.7734009"/>
  <node id="865" lat="37.239576" lon="126.7734114"/>
  <node id="866" lat="37.239595" lon="126.7734243"/>
  <node id="867" lat="37.2396075" lon="126.7734336"/>
  <node id="868" lat="37.2396172" lon="126.7734418"/>
  <node id="869" lat="37.2396208" lon="126.7734442"/>
  <node id="870" lat="37.2388339" lon="126.7728994"/>
  <node id="871" lat="37.2388416" lon="126.7729043"/>
  <node id="872" lat="37.2388657" lon="126.7729194"/>
  <node id="873" lat="37.2388675" lon="126.7729207"/>
  <node id="874" lat="37.2388913" lon="126.7729363"/>
  <node id="875" lat="37.2389151" lon="126.7729519"/>
  <node id="876" lat="37.2389212" lon="126.7729563"/>
  <node id="877" lat="37.2389215" lon="126.7729564"/>
  <node id="878" lat="37.2389274" lon="126.7729605"/>
  <node id="879" lat="37.2389373" lon="126.7729673"/>
  <node id="880" lat="37.2389451" lon="126.7729727"/>
  <node id="881" lat="37.2389522" lon="126.7729772"/>
  <node id="882" lat="37.2389603" lon="126.7729826"/>
  <node id="883" lat="37.2389722" lon="126.7729904"/>
  <node id="884" lat="37.2389783" lon="126.7729946"/>
  <node id="885" lat="37.2389816" lon="126.7729969"/>
  <node id="886" lat="37.2389821" lon="126.7729972"/>
  <node id="887" lat="37.2389896" lon="126.7730021"/>
  <node id="888" lat="37.2389959" lon="126.7730061"/>
  <node id="889" lat="37.2389991" lon="126.7730082"/>
  <node id="890" lat="37.2390033" lon="126.773011"/>
  <node id="891" lat="37.2390137" lon="126.7730178"/>
  <node id="892" lat="37.2390178" lon="126.7730206"/>
  <node id="893" lat="37.2390221" lon="126.7730233"/>
  <node id="894" lat="37.2390297" lon="126.7730283"/>
  <node id="895" lat="37.2390368" lon="126.7730331"/>
  <node id="896" lat="37.2390472" lon="126.7730401"/>
  <node id="897" lat="37.2390487" lon="126.7730411"/>
  <node id="898" lat="37.2390555" lon="126.7730456"/>
  <node id="899" lat="37.239057" lon="126.7730466"/>
  <node id="900" lat="37.2390612" lon="126.7730494"/>
  <node id="901" lat="37.2390684" lon="126.7730541"/>
  <node id="902" lat="37.2390722" lon="126.7730563"/>
  <node id="903" lat="37.2390742" lon="126.7730575"/>
  <node id="904" lat="37.2390785" lon="126.7730604"/>
  <node id="905" lat="37.2390849" lon="126.7730647"/>
  <node id="906" lat="37.2390894" lon="126.7730675"/>
  <node id="907" lat="37.239097" lon="126.7730725"/>
  <node id="908" lat="37.239109" lon="126.7730803"/>
  <node id="909" lat="37.2391141" lon="126.7730837"/>
  <node id="910" lat="37.2391177" lon="126.773086"/>
  <node id="911" lat="37.2391252" lon="126.7730909"/>
  <node id="912" lat="37.2391313" lon="126.7730948"/>
  <node id="913" lat="37.2391358" lon="126.7730978"/>
  <node id="914" lat="37.2391403" lon="126.7731008"/>
  <node id="915" lat="37.2391448" lon="126.7731037"/>
  <node id="916" lat="37.2391478" lon="126.7731057"/>
  <node id="917" lat="37.2391496" lon="126.7731068"/>
  <node id="918" lat="37.2391526" lon="126.7731088"/>
  <node id="919" lat="37.2391545" lon="126.77311"/>
  <node id="920" lat="37.2391603" lon="126.7731138"/>
  <node id="921" lat="37.2391634" lon="126.7731159"/>
  <node id="922" lat="37.2391692" lon="126.7731197"/>
  <node id="923" lat="37.2391722" lon="126.7731217"/>
  <node id="924" lat="37.2391773" lon="126.773125"/>
  <node id="925" lat="37.239183" lon="126.7731287"/>
  <node id="926" lat="37.2391896" lon="126.7731331"/>
  <node id="927" lat="37.2391933" lon="126.7731355"/>
  <node id="928" lat="37.2392023" lon="126.7731414"/>
  <node id="929" lat="37.2392053" lon="126.7731433"/>
  <node id="930" lat="37.2392083" lon="126.7731453"/>
  <node id="931" lat="37.2392113" lon="126.7731473"/>
  <node id="932" lat="37.2392163" lon="126.7731506"/>
  <node id="933" lat="37.2392283" lon="126.7731584"/>
  <node id="934" lat="37.2392332" lon="126.7731616"/>
  <node id="935" lat="37.2392393" lon="126.7731657"/>
  <node id="936" lat="37.2392513" lon="126.7731735"/>
  <node id="937" lat="37.2392612" lon="126.77318"/>
  <node id="938" lat="37.2392732" lon="126.7731878"/>
  <node id="939" lat="37.2392814" lon="126.7731932"/>
  <node id="940" lat="37.2392865" lon="126.7731966"/>
  <node id="941" lat="37.2392985" lon="126.7732044"/>
  <node id="942" lat="37.2393082" lon="126.7732108"/>
  <node id="943" lat="37.2393083" lon="126.7732109"/>
  <node id="944" lat="37.2393176" lon="126.773217"/>
  <node id="945" lat="37.2393296" lon="126.7732248"/>
  <node id="946" lat="37.2393343" lon="126.7732279"/>
  <node id="947" lat="37.2393386" lon="126.7732306"/>
  <node id="948" lat="37.2393506" lon="126.7732385"/>
  <node id="949" lat="37.2393553" lon="126.7732417"/>
  <node id="950" lat="37.2393603" lon="126.773245"/>
  <node id="951" lat="37.2393723" lon="126.7732529"/>
  <node id="952" lat="37.2393767" lon="126.7732556"/>
  <node id="953" lat="37.239385" lon="126.7732612"/>
  <node id="954" lat="37.239397" lon="126.7732691"/>
  <node id="955" lat="37.2394047" lon="126.7732739"/>
  <node id="956" lat="37.2394088" lon="126.7732767"/>
  <node id="957" lat="37.2394208" lon="126.7732845"/>
  <node id="958" lat="37.2394246" lon="126.773287"/>
  <node id="959" lat="37.2394322" lon="126.7732921"/>
  <node id="960" lat="37.2394441" lon="126.7732999"/>
  <node id="961" lat="37.2394518" lon="126.7733049"/>
  <node id="962" lat="37.239457" lon="126.7733082"/>
  <node id="963" lat="37.239469" lon="126.773316"/>
  <node id="964" lat="37.2394763" lon="126.773321"/>
  <node id="965" lat="37.2394792" lon="126.7733228"/>
  <node id="966" lat="37.2394818" lon="126.7733245"/>
  <node id="967" lat="37.2394938" lon="126.7733324"/>
  <node id="968" lat="37.2394985" lon="126.7733355"/>
  <node id="969" lat="37.2395053" lon="126.77334"/>
  <node id="970" lat="37.2395173" lon="126.7733478"/>
  <node id="971" lat="37.23952" lon="126.7733496"/>
  <node id="972" lat="37.2395269" lon="126.7733541"/>
  <node id="973" lat="37.2395385" lon="126.7733616"/>
  <node id="974" lat="37.2395427" lon="126.7733645"/>
  <node id="975" lat="37.2395457" lon="126.7733665"/>
  <node id="976" lat="37.23955" lon="126.7733693"/>
  <node id="977" lat="37.2395599" lon="126.7733756"/>
  <node id="978" lat="37.2395646" lon="126.7733788"/>
  <node id="979" lat="37.2395666" lon="126.77338"/>
  <node id="980" lat="37.2395712" lon="126.7733829"/>
  <node id="981" lat="37.2395799" lon="126.7733888"/>
  <node id="982" lat="37.2395845" lon="126.7733919"/>
  <node id="983" lat="37.2395879" lon="126.7733943"/>
  <node id="984" lat="37.2395976" lon="126.7734009"/>
  <node id="985" lat="37.2396028" lon="126.7734043"/>
  <node id="986" lat="37.2396064" lon="126.7734065"/>
  <node id="987" lat="37.2396128" lon="126.7734113"/>
  <node id="988" lat="37.239618" lon="126.7734148"/>
  <node id="989" lat="37.2396233" lon="126.7734183"/>
  <node id="990" lat="37.2396271" lon="126.7734208"/>
  <node id="991" lat="37.2396284" lon="126.7734216"/>
  <node id="992" lat="37.2400645" lon="126.7743121"/>
  <node id="993" lat="37.2400779" lon="126.7743209"/>
  <node id="994" lat="37.2401018" lon="126.7743367"/>
  <node id="995" lat="37.2401257" lon="126.7743524"/>
  <node id="996" lat="37.2401274" lon="126.7743535"/>
  <node id="997" lat="37.2401514" lon="126.7743692"/>
  <node id="998" lat="37.2401754" lon="126.7743848"/>
  <node id="999" lat="37.2401993" lon="126.7744005"/>
  <node id="1000" lat="37.2402335" lon="126.7744209"/>
  <node id="1001" lat="37.2402126" lon="126.7744086"/>
  <node id="1002" lat="37.2402425" lon="126.7743832"/>
  <node id="1003" lat="37.2402266" lon="126.7743735"/>
  <node id="1004" lat="37.2402102" lon="126.7743633"/>
  <node id="1005" lat="37.2401865" lon="126.7743479"/>
  <node id="1006" lat="37.240165" lon="126.7743336"/>
  <node id="1007" lat="37.240147" lon="126.774322"/>
  <node id="1008" lat="37.2401242" lon="126.7743072"/>
  <node id="1009" lat="37.2401121" lon="126.7742992"/>
  <node id="1010" lat="37.2401" lon="126.7742912"/>
  <node id="1011" lat="37.2402389" lon="126.7744017"/>
  <node id="1012" lat="37.2402344" lon="126.774399"/>
  <node id="1013" lat="37.24023" lon="126.7743968"/>
  <node id="1014" lat="37.2402244" lon="126.7743935"/>
  <node id="1015" lat="37.2402201" lon="126.7743912"/>
  <node id="1016" lat="37.2402129" lon="126.7743868"/>
  <node id="1017" lat="37.2402048" lon="126.7743817"/>
  <node id="1018" lat="37.2401995" lon="126.7743782"/>
  <node id="1019" lat="37.2401928" lon="126.7743739"/>
  <node id="1020" lat="37.2401875" lon="126.7743704"/>
  <node id="1021" lat="37.2401822" lon="126.7743669"/>
  <node id="1022" lat="37.2401762" lon="126.774363"/>
  <node id="1023" lat="37.2401702" lon="126.7743591"/>
  <node id="1024" lat="37.2401642" lon="126.7743552"/>
  <node id="1025" lat="37.2401583" lon="126.7743513"/>
  <node id="1026" lat="37.2401499" lon="126.7743458"/>
  <node id="1027" lat="37.2401379" lon="126.774338"/>
  <node id="1028" lat="37.2401371" lon="126.7743374"/>
  <node id="1029" lat="37.2401251" lon="126.7743296"/>
  <node id="1030" lat="37.2401131" lon="126.7743217"/>
  <node id="1031" lat="37.2401011" lon="126.7743139"/>
  <node id="1032" lat="37.2400892" lon="126.774306"/>
  <node id="1033" lat="37.2400772" lon="126.7742981"/>
  <node id="1034" lat="37.2426528" lon="126.7749775"/>
  <node id="1035" lat="37.2426524" lon="126.7749775"/>
  <node id="1036" lat="37.2426389" lon="126.7749781"/>
  <node id="1037" lat="37.2426254" lon="126.7749786"/>
  <node id="1038" lat="37.2425983" lon="126.7749796"/>
  <node id="1039" lat="37.2425713" lon="126.7749806"/>
  <node id="1040" lat="37.2425443" lon="126.7749816"/>
  <node id="1041" lat="37.2425308" lon="126.7749822"/>
  <node id="1042" lat="37.2425173" lon="126.7749827"/>
  <node id="1043" lat="37.2424903" lon="126.7749837"/>
  <node id="1044" lat="37.2424632" lon="126.7749847"/>
  <node id="1045" lat="37.2424362" lon="126.7749857"/>
  <node id="1046" lat="37.2424092" lon="126.7749867"/>
  <node id="1047" lat="37.2423822" lon="126.7749878"/>
  <node id="1048" lat="37.2423552" lon="126.7749888"/>
  <node id="1049" lat="37.2423383" lon="126.7749894"/>
  <node id="1050" lat="37.2423248" lon="126.7749899"/>
  <node id="1051" lat="37.2423113" lon="126.7749905"/>
  <node id="1052" lat="37.2422978" lon="126.774991"/>
  <node id="1053" lat="37.2422843" lon="126.7749915"/>
  <node id="1054" lat="37.2422708" lon="126.774992"/>
  <node id="1055" lat="37.2422573" lon="126.7749926"/>
  <node id="1056" lat="37.2422438" lon="126.7749931"/>
  <node id="1057" lat="37.2422303" lon="126.7749936"/>
  <node id="1058" lat="37.2422032" lon="126.7749946"/>
  <node id="1059" lat="37.2421897" lon="126.7749952"/>
  <node id="1060" lat="37.2421762" lon="126.7749957"/>
  <node id="1061" lat="37.2421627" lon="126.7749962"/>
  <node id="1062" lat="37.2421492" lon="126.7749967"/>
  <node id="1063" lat="37.2421357" lon="126.7749973"/>
  <node id="1064" lat="37.2421222" lon="126.7749978"/>
  <node id="1065" lat="37.2421157" lon="126.774998"/>
  <node id="1066" lat="37.2420887" lon="126.774999"/>
  <node id="1067" lat="37.2420617" lon="126.775"/>
  <node id="1068" lat="37.2420347" lon="126.775001"/>
  <node id="1069" lat="37.2420212" lon="126.7750015"/>
  <node id="1070" lat="37.2420077" lon="126.775002"/>
  <node id="1071" lat="37.2419942" lon="126.7750025"/>
  <node id="1072" lat="37.2419806" lon="126.775003"/>
  <node id="1073" lat="37.2419671" lon="126.7750035"/>
  <node id="1074" lat="37.2419536" lon="126.775004"/>
  <node id="1075" lat="37.2419401" lon="126.7750045"/>
  <node id="1076" lat="37.2419266" lon="126.775005"/>
  <node id="1077" lat="37.2419022" lon="126.7750059"/>
  <node id="1078" lat="37.2418752" lon="126.7750067"/>
  <node id="1079" lat="37.2418687" lon="126.7750069"/>
  <node id="1080" lat="37.2418522" lon="126.7750073"/>
  <node id="1081" lat="37.2418392" lon="126.7750069"/>
  <node id="1082" lat="37.2426511" lon="126.7749374"/>
  <node id="1083" lat="37.2426344" lon="126.7749386"/>
  <node id="1084" lat="37.24262" lon="126.7749392"/>
  <node id="1085" lat="37.2426045" lon="126.7749398"/>
  <node id="1086" lat="37.242591" lon="126.7749403"/>
  <node id="1087" lat="37.2425774" lon="126.7749408"/>
  <node id="1088" lat="37.2425504" lon="126.7749419"/>
  <node id="1089" lat="37.2425369" lon="126.7749424"/>
  <node id="1090" lat="37.2425234" lon="126.7749429"/>
  <node id="1091" lat="37.2425099" lon="126.7749434"/>
  <node id="1092" lat="37.2424964" lon="126.7749439"/>
  <node id="1093" lat="37.2424694" lon="126.774945"/>
  <node id="1094" lat="37.2424424" lon="126.774946"/>
  <node id="1095" lat="37.2424154" lon="126.7749471"/>
  <node id="1096" lat="37.2424018" lon="126.7749476"/>
  <node id="1097" lat="37.2423883" lon="126.7749481"/>
  <node id="1098" lat="37.2423613" lon="126.7749491"/>
  <node id="1099" lat="37.2423343" lon="126.7749502"/>
  <node id="1100" lat="37.2423208" lon="126.7749507"/>
  <node id="1101" lat="37.2423073" lon="126.7749512"/>
  <node id="1102" lat="37.2422803" lon="126.7749522"/>
  <node id="1103" lat="37.2422668" lon="126.7749528"/>
  <node id="1104" lat="37.2422532" lon="126.7749533"/>
  <node id="1105" lat="37.2422262" lon="126.7749543"/>
  <node id="1106" lat="37.2421992" lon="126.7749554"/>
  <node id="1107" lat="37.2421722" lon="126.7749564"/>
  <node id="1108" lat="37.2421452" lon="126.7749574"/>
  <node id="1109" lat="37.2421182" lon="126.7749585"/>
  <node id="1110" lat="37.2421047" lon="126.774959"/>
  <node id="1111" lat="37.2420912" lon="126.7749595"/>
  <node id="1112" lat="37.2420641" lon="126.7749605"/>
  <node id="1113" lat="37.2420371" lon="126.7749616"/>
  <node id="1114" lat="37.2420236" lon="126.7749621"/>
  <node id="1115" lat="37.2420101" lon="126.7749626"/>
  <node id="1116" lat="37.2419916" lon="126.7749632"/>
  <node id="1117" lat="37.2419646" lon="126.774964"/>
  <node id="1118" lat="37.2419375" lon="126.7749648"/>
  <node id="1119" lat="37.2419105" lon="126.7749657"/>
  <node id="1120" lat="37.2418835" lon="126.7749665"/>
  <node id="1121" lat="37.2418565" lon="126.7749673"/>
  <node id="1122" lat="37.2418463" lon="126.7749676"/>
  <node id="1123" lat="37.2418391" lon="126.7749678"/>
  <node id="1124" lat="37.242651" lon="126.7749575"/>
  <node id="1125" lat="37.2426433" lon="126.7749579"/>
  <node id="1126" lat="37.2426299" lon="126.7749586"/>
  <node id="1127" lat="37.2426227" lon="126.7749589"/>
  <node id="1128" lat="37.2426149" lon="126.7749592"/>
  <node id="1129" lat="37.2426014" lon="126.7749597"/>
  <node id="1130" lat="37.2425908" lon="126.7749601"/>
  <node id="1131" lat="37.2425879" lon="126.7749602"/>
  <node id="1132" lat="37.2425773" lon="126.7749606"/>
  <node id="1133" lat="37.2425744" lon="126.7749607"/>
  <node id="1134" lat="37.2425609" lon="126.7749612"/>
  <node id="1135" lat="37.2425474" lon="126.7749618"/>
  <node id="1136" lat="37.2425372" lon="126.7749621"/>
  <node id="1137" lat="37.2425339" lon="126.7749623"/>
  <node id="1138" lat="37.2425237" lon="126.7749627"/>
  <node id="1139" lat="37.2425204" lon="126.7749628"/>
  <node id="1140" lat="37.2425102" lon="126.7749632"/>
  <node id="1141" lat="37.2425068" lon="126.7749633"/>
  <node id="1142" lat="37.2424967" lon="126.7749637"/>
  <node id="1143" lat="37.2424933" lon="126.7749638"/>
  <node id="1144" lat="37.2424798" lon="126.7749643"/>
  <node id="1145" lat="37.2424663" lon="126.7749648"/>
  <node id="1146" lat="37.2424562" lon="126.7749652"/>
  <node id="1147" lat="37.2424528" lon="126.7749654"/>
  <node id="1148" lat="37.2424427" lon="126.7749657"/>
  <node id="1149" lat="37.2424393" lon="126.7749659"/>
  <node id="1150" lat="37.2424292" lon="126.7749663"/>
  <node id="1151" lat="37.2424258" lon="126.7749664"/>
  <node id="1152" lat="37.2424157" lon="126.7749668"/>
  <node id="1153" lat="37.2424123" lon="126.7749669"/>
  <node id="1154" lat="37.2424022" lon="126.7749673"/>
  <node id="1155" lat="37.2423988" lon="126.7749674"/>
  <node id="1156" lat="37.2423886" lon="126.7749678"/>
  <node id="1157" lat="37.2423853" lon="126.7749679"/>
  <node id="1158" lat="37.2423718" lon="126.7749684"/>
  <node id="1159" lat="37.2423582" lon="126.774969"/>
  <node id="1160" lat="37.2423475" lon="126.7749694"/>
  <node id="1161" lat="37.2423447" lon="126.7749695"/>
  <node id="1162" lat="37.2423391" lon="126.7749697"/>
  <node id="1163" lat="37.2423363" lon="126.7749698"/>
  <node id="1164" lat="37.2423262" lon="126.7749702"/>
  <node id="1165" lat="37.2423228" lon="126.7749703"/>
  <node id="1166" lat="37.2423127" lon="126.7749707"/>
  <node id="1167" lat="37.2423093" lon="126.7749708"/>
  <node id="1168" lat="37.2422958" lon="126.7749714"/>
  <node id="1169" lat="37.2422823" lon="126.7749719"/>
  <node id="1170" lat="37.2422688" lon="126.7749724"/>
  <node id="1171" lat="37.2422581" lon="126.7749728"/>
  <node id="1172" lat="37.2422553" lon="126.7749729"/>
  <node id="1173" lat="37.2422451" lon="126.7749733"/>
  <node id="1174" lat="37.2422417" lon="126.7749734"/>
  <node id="1175" lat="37.2422316" lon="126.7749738"/>
  <node id="1176" lat="37.2422282" lon="126.774974"/>
  <node id="1177" lat="37.2422147" lon="126.7749745"/>
  <node id="1178" lat="37.2422012" lon="126.774975"/>
  <node id="1179" lat="37.2421911" lon="126.7749754"/>
  <node id="1180" lat="37.2421877" lon="126.7749755"/>
  <node id="1181" lat="37.2421776" lon="126.7749759"/>
  <node id="1182" lat="37.2421742" lon="126.774976"/>
  <node id="1183" lat="37.2421641" lon="126.7749764"/>
  <node id="1184" lat="37.2421607" lon="126.7749766"/>
  <node id="1185" lat="37.2421506" lon="126.774977"/>
  <node id="1186" lat="37.2421472" lon="126.7749771"/>
  <node id="1187" lat="37.2421337" lon="126.7749776"/>
  <node id="1188" lat="37.2421202" lon="126.7749781"/>
  <node id="1189" lat="37.2421169" lon="126.7749783"/>
  <node id="1190" lat="37.2421062" lon="126.7749787"/>
  <node id="1191" lat="37.2421034" lon="126.7749788"/>
  <node id="1192" lat="37.2420927" lon="126.7749792"/>
  <node id="1193" lat="37.2420899" lon="126.7749793"/>
  <node id="1194" lat="37.2420798" lon="126.7749797"/>
  <node id="1195" lat="37.2420764" lon="126.7749798"/>
  <node id="1196" lat="37.2420663" lon="126.7749802"/>
  <node id="1197" lat="37.2420629" lon="126.7749803"/>
  <node id="1198" lat="37.2420528" lon="126.7749807"/>
  <node id="1199" lat="37.2420494" lon="126.7749808"/>
  <node id="1200" lat="37.2420393" lon="126.7749812"/>
  <node id="1201" lat="37.2420359" lon="126.7749813"/>
  <node id="1202" lat="37.2420224" lon="126.7749818"/>
  <node id="1203" lat="37.2420089" lon="126.7749823"/>
  <node id="1204" lat="37.2419996" lon="126.7749826"/>
  <node id="1205" lat="37.2419861" lon="126.7749831"/>
  <node id="1206" lat="37.2419755" lon="126.7749834"/>
  <node id="1207" lat="37.2419726" lon="126.7749835"/>
  <node id="1208" lat="37.2419591" lon="126.774984"/>
  <node id="1209" lat="37.2419486" lon="126.7749844"/>
  <node id="1210" lat="37.2419456" lon="126.7749844"/>
  <node id="1211" lat="37.2419321" lon="126.7749849"/>
  <node id="1212" lat="37.2419186" lon="126.7749854"/>
  <node id="1213" lat="37.2419064" lon="126.7749858"/>
  <node id="1214" lat="37.2418962" lon="126.7749861"/>
  <node id="1215" lat="37.2418929" lon="126.7749862"/>
  <node id="1216" lat="37.2418827" lon="126.7749865"/>
  <node id="1217" lat="37.2418793" lon="126.7749866"/>
  <node id="1218" lat="37.2418761" lon="126.7749867"/>
  <node id="1219" lat="37.2418692" lon="126.7749869"/>
  <node id="1220" lat="37.241866" lon="126.774987"/>
  <node id="1221" lat="37.2418626" lon="126.7749871"/>
  <node id="1222" lat="37.2418543" lon="126.7749873"/>
  <node id="1223" lat="37.2418479" lon="126.7749875"/>
  <node id="1224" lat="37.2427526" lon="126.7748558"/>
  <node id="1225" lat="37.2427524" lon="126.7748768"/>
  <node id="1226" lat="37.2427458" lon="126.7749015"/>
  <node id="1227" lat="37.2427342" lon="126.7749297"/>
  <node id="1228" lat="37.2427161" lon="126.7749536"/>
  <node id="1229" lat="37.2427053" lon="126.7749627"/>
  <node id="1230" lat="37.2426823" lon="126.7749719"/>
  <node id="1231" lat="37.2426682" lon="126.7749754"/>
  <node id="1232" lat="37.242653" lon="126.7749775"/>
  <node id="1233" lat="37.2427136" lon="126.7748651"/>
  <node id="1234" lat="37.2427119" lon="126.7748797"/>
  <node id="1235" lat="37.242708" lon="126.7748916"/>
  <node id="1236" lat="37.2427037" lon="126.7749009"/>
  <node id="1237" lat="37.2426991" lon="126.7749081"/>
  <node id="1238" lat="37.2426988" lon="126.7749085"/>
  <node id="1239" lat="37.2426948" lon="126.7749139"/>
  <node id="1240" lat="37.2426905" lon="126.7749192"/>
  <node id="1241" lat="37.2426868" lon="126.7749226"/>
  <node id="1242" lat="37.2426815" lon="126.7749267"/>
  <node id="1243" lat="37.2426717" lon="126.7749326"/>
  <node id="1244" lat="37.242663" lon="126.7749357"/>
  <node id="1245" lat="37.2426514" lon="126.7749373"/>
  <node id="1246" lat="37.2427334" lon="126.7748559"/>
  <node id="1247" lat="37.2427322" lon="126.7748756"/>
  <node id="1248" lat="37.2427266" lon="126.774895"/>
  <node id="1249" lat="37.2427157" lon="126.774917"/>
  <node id="1250" lat="37.2427033" lon="126.7749344"/>
  <node id="1251" lat="37.2426896" lon="126.7749466"/>
  <node id="1252" lat="37.242676" lon="126.7749536"/>
  <node id="1253" lat="37.2426625" lon="126.7749564"/>
  <node id="1254" lat="37.2426519" lon="126.7749574"/>
  <node id="1255" lat="37.2418386" lon="126.7750069"/>
  <node id="1256" lat="37.2415662" lon="126.7750076"/>
  <node id="1257" lat="37.2411572" lon="126.7749702"/>
  <node id="1258" lat="37.2407656" lon="126.774792"/>
  <node id="1259" lat="37.240483" lon="126.7745726"/>
  <node id="1260" lat="37.240234" lon="126.7744211"/>
  <node id="1261" lat="37.2418379" lon="126.7749677"/>
  <node id="1262" lat="37.2415732" lon="126.7749684"/>
  <node id="1263" lat="37.2411642" lon="126.774931"/>
  <node id="1264" lat="37.2407726" lon="126.7747529"/>
  <node id="1265" lat="37.24049" lon="126.7745334"/>
  <node id="1266" lat="37.2402429" lon="126.7743833"/>
  <node id="1267" lat="37.2418442" lon="126.7749881"/>
  <node id="1268" lat="37.2415718" lon="126.7749888"/>
  <node id="1269" lat="37.2411627" lon="126.7749514"/>
  <node id="1270" lat="37.2407712" lon="126.7747732"/>
  <node id="1271" lat="37.2404886" lon="126.7745538"/>
  <node id="1272" lat="37.2402396" lon="126.7744023"/>
  <node id="1273" lat="37.240441" lon="126.7739295"/>
  <node id="1274" lat="37.2404417" lon="126.77393"/>
  <node id="1275" lat="37.2408163" lon="126.7741801"/>
  <node id="1276" lat="37.2404239" lon="126.7739694"/>
  <node id="1277" lat="37.2404241" lon="126.7739696"/>
  <node id="1278" lat="37.2406303" lon="126.7741061"/>
  <node id="1279" lat="37.2408024" lon="126.7742174"/>
  <node id="1280" lat="37.2404382" lon="126.7739528"/>
  <node id="1281" lat="37.2404619" lon="126.7739687"/>
  <node id="1282" lat="37.2404856" lon="126.7739846"/>
  <node id="1283" lat="37.2405093" lon="126.7740005"/>
  <node id="1284" lat="37.240533" lon="126.7740164"/>
  <node id="1285" lat="37.2405567" lon="126.7740323"/>
  <node id="1286" lat="37.2405804" lon="126.7740482"/>
  <node id="1287" lat="37.2406041" lon="126.7740641"/>
  <node id="1288" lat="37.2406278" lon="126.77408"/>
  <node id="1289" lat="37.2406344" lon="126.7740844"/>
  <node id="1290" lat="37.2406574" lon="126.7740995"/>
  <node id="1291" lat="37.2406805" lon="126.7741147"/>
  <node id="1292" lat="37.2407005" lon="126.7741275"/>
  <node id="1293" lat="37.2407205" lon="126.7741404"/>
  <node id="1294" lat="37.2407381" lon="126.774152"/>
  <node id="1295" lat="37.2407557" lon="126.7741637"/>
  <node id="1296" lat="37.2407706" lon="126.7741734"/>
  <node id="1297" lat="37.2407854" lon="126.7741831"/>
  <node id="1298" lat="37.2407978" lon="126.7741908"/>
  <node id="1299" lat="37.2408102" lon="126.7741986"/>
  <node id="1300" lat="37.2417659" lon="126.7744997"/>
  <node id="1301" lat="37.2417927" lon="126.7745034"/>
  <node id="1302" lat="37.2417985" lon="126.7745041"/>
  <node id="1303" lat="37.241812" lon="126.7745058"/>
  <node id="1304" lat="37.2418254" lon="126.7745074"/>
  <node id="1305" lat="37.2418389" lon="126.774509"/>
  <node id="1306" lat="37.2418523" lon="126.7745106"/>
  <node id="1307" lat="37.2418698" lon="126.7745127"/>
  <node id="1308" lat="37.2418833" lon="126.7745143"/>
  <node id="1309" lat="37.2418967" lon="126.774516"/>
  <node id="1310" lat="37.2419102" lon="126.7745176"/>
  <node id="1311" lat="37.2419236" lon="126.7745193"/>
  <node id="1312" lat="37.2419386" lon="126.7745211"/>
  <node id="1313" lat="37.2419654" lon="126.7745245"/>
  <node id="1314" lat="37.2419913" lon="126.7745278"/>
  <node id="1315" lat="37.2420127" lon="126.7745291"/>
  <node id="1316" lat="37.2420396" lon="126.7745284"/>
  <node id="1317" lat="37.2420533" lon="126.7745281"/>
  <node id="1318" lat="37.242141" lon="126.7745259"/>
  <node id="1319" lat="37.242164" lon="126.774525"/>
  <node id="1320" lat="37.2421679" lon="126.7745248"/>
  <node id="1321" lat="37.24217" lon="126.7745248"/>
  <node id="1322" lat="37.2421969" lon="126.774524"/>
  <node id="1323" lat="37.2422238" lon="126.7745232"/>
  <node id="1324" lat="37.242225" lon="126.7745231"/>
  <node id="1325" lat="37.2422391" lon="126.7745226"/>
  <node id="1326" lat="37.242252" lon="126.7745222"/>
  <node id="1327" lat="37.2422655" lon="126.7745218"/>
  <node id="1328" lat="37.242279" lon="126.7745213"/>
  <node id="1329" lat="37.2422971" lon="126.7745207"/>
  <node id="1330" lat="37.242324" lon="126.7745197"/>
  <node id="1331" lat="37.242351" lon="126.7745188"/>
  <node id="1332" lat="37.242378" lon="126.7745178"/>
  <node id="1333" lat="37.2424049" lon="126.7745168"/>
  <node id="1334" lat="37.2424319" lon="126.7745158"/>
  <node id="1335" lat="37.2424589" lon="126.7745149"/>
  <node id="1336" lat="37.2424858" lon="126.7745139"/>
  <node id="1337" lat="37.2425001" lon="126.7745134"/>
  <node id="1338" lat="37.241761" lon="126.7745408"/>
  <node id="1339" lat="37.2417676" lon="126.7745402"/>
  <node id="1340" lat="37.2417749" lon="126.7745409"/>
  <node id="1341" lat="37.2417943" lon="126.7745434"/>
  <node id="1342" lat="37.2418211" lon="126.7745466"/>
  <node id="1343" lat="37.2418478" lon="126.7745498"/>
  <node id="1344" lat="37.2418514" lon="126.7745502"/>
  <node id="1345" lat="37.2418781" lon="126.7745534"/>
  <node id="1346" lat="37.2419049" lon="126.7745565"/>
  <node id="1347" lat="37.2419067" lon="126.7745567"/>
  <node id="1348" lat="37.2419335" lon="126.77456"/>
  <node id="1349" lat="37.2419604" lon="126.7745633"/>
  <node id="1350" lat="37.2419714" lon="126.7745647"/>
  <node id="1351" lat="37.2419918" lon="126.7745669"/>
  <node id="1352" lat="37.2420039" lon="126.7745674"/>
  <node id="1353" lat="37.2420309" lon="126.7745671"/>
  <node id="1354" lat="37.242048" lon="126.774567"/>
  <node id="1355" lat="37.2421487" lon="126.7745645"/>
  <node id="1356" lat="37.242149" lon="126.7745645"/>
  <node id="1357" lat="37.242167" lon="126.7745639"/>
  <node id="1358" lat="37.2421759" lon="126.7745636"/>
  <node id="1359" lat="37.2422028" lon="126.7745627"/>
  <node id="1360" lat="37.2422053" lon="126.7745627"/>
  <node id="1361" lat="37.2422188" lon="126.7745622"/>
  <node id="1362" lat="37.2422323" lon="126.7745617"/>
  <node id="1363" lat="37.2422426" lon="126.7745614"/>
  <node id="1364" lat="37.2422593" lon="126.7745608"/>
  <node id="1365" lat="37.2422845" lon="126.77456"/>
  <node id="1366" lat="37.2423114" lon="126.7745591"/>
  <node id="1367" lat="37.2423383" lon="126.7745581"/>
  <node id="1368" lat="37.2423652" lon="126.7745572"/>
  <node id="1369" lat="37.2423921" lon="126.7745563"/>
  <node id="1370" lat="37.2423937" lon="126.7745562"/>
  <node id="1371" lat="37.2424206" lon="126.7745553"/>
  <node id="1372" lat="37.2424475" lon="126.7745544"/>
  <node id="1373" lat="37.2424743" lon="126.7745536"/>
  <node id="1374" lat="37.2425012" lon="126.7745527"/>
  <node id="1375" lat="37.2425036" lon="126.7745527"/>
  <node id="1376" lat="37.2417806" lon="126.7745215"/>
  <node id="1377" lat="37.2417969" lon="126.7745238"/>
  <node id="1378" lat="37.2418104" lon="126.7745254"/>
  <node id="1379" lat="37.2418239" lon="126.7745271"/>
  <node id="1380" lat="37.2418374" lon="126.7745287"/>
  <node id="1381" lat="37.2418508" lon="126.7745303"/>
  <node id="1382" lat="37.2418684" lon="126.7745324"/>
  <node id="1383" lat="37.2418818" lon="126.774534"/>
  <node id="1384" lat="37.2418953" lon="126.7745356"/>
  <node id="1385" lat="37.2419221" lon="126.7745388"/>
  <node id="1386" lat="37.2419371" lon="126.7745407"/>
  <node id="1387" lat="37.2419639" lon="126.774544"/>
  <node id="1388" lat="37.24199" lon="126.7745472"/>
  <node id="1389" lat="37.2420128" lon="126.7745483"/>
  <node id="1390" lat="37.2420397" lon="126.7745478"/>
  <node id="1391" lat="37.2420536" lon="126.7745475"/>
  <node id="1392" lat="37.2420675" lon="126.7745472"/>
  <node id="1393" lat="37.2420945" lon="126.7745463"/>
  <node id="1394" lat="37.2421214" lon="126.7745455"/>
  <node id="1395" lat="37.2421484" lon="126.7745446"/>
  <node id="1396" lat="37.2421642" lon="126.7745441"/>
  <node id="1397" lat="37.2421761" lon="126.7745438"/>
  <node id="1398" lat="37.2422016" lon="126.7745433"/>
  <node id="1399" lat="37.2422242" lon="126.7745427"/>
  <node id="1400" lat="37.2422254" lon="126.7745427"/>
  <node id="1401" lat="37.2422399" lon="126.7745421"/>
  <node id="1402" lat="37.2422524" lon="126.7745418"/>
  <node id="1403" lat="37.2422659" lon="126.7745413"/>
  <node id="1404" lat="37.2422794" lon="126.7745409"/>
  <node id="1405" lat="37.2422975" lon="126.7745402"/>
  <node id="1406" lat="37.2423245" lon="126.7745393"/>
  <node id="1407" lat="37.2423514" lon="126.7745383"/>
  <node id="1408" lat="37.2423784" lon="126.7745374"/>
  <node id="1409" lat="37.2424054" lon="126.7745365"/>
  <node id="1410" lat="37.2424323" lon="126.7745355"/>
  <node id="1411" lat="37.2424593" lon="126.7745346"/>
  <node id="1412" lat="37.2424642" lon="126.7745344"/>
  <node id="1413" lat="37.2424863" lon="126.7745337"/>
  <node id="1414" lat="37.2411707" lon="126.7744156"/>
  <node id="1415" lat="37.2411814" lon="126.7744205"/>
  <node id="1416" lat="37.2411945" lon="126.774426"/>
  <node id="1417" lat="37.2412075" lon="126.7744314"/>
  <node id="1418" lat="37.2412333" lon="126.774441"/>
  <node id="1419" lat="37.241259" lon="126.7744506"/>
  <node id="1420" lat="37.2412607" lon="126.7744512"/>
  <node id="1421" lat="37.2412866" lon="126.7744599"/>
  <node id="1422" lat="37.2413126" lon="126.7744686"/>
  <node id="1423" lat="37.2413194" lon="126.7744709"/>
  <node id="1424" lat="37.2413325" lon="126.7744748"/>
  <node id="1425" lat="37.2413457" lon="126.7744788"/>
  <node id="1426" lat="37.2413527" lon="126.7744809"/>
  <node id="1427" lat="37.2413661" lon="126.7744833"/>
  <node id="1428" lat="37.2413795" lon="126.7744857"/>
  <node id="1429" lat="37.2413917" lon="126.7744879"/>
  <node id="1430" lat="37.2414051" lon="126.7744898"/>
  <node id="1431" lat="37.2414186" lon="126.7744918"/>
  <node id="1432" lat="37.2414289" lon="126.7744933"/>
  <node id="1433" lat="37.2414559" lon="126.774495"/>
  <node id="1434" lat="37.2414629" lon="126.7744954"/>
  <node id="1435" lat="37.2414769" lon="126.7744962"/>
  <node id="1436" lat="37.2414909" lon="126.7744971"/>
  <node id="1437" lat="37.2415177" lon="126.7744979"/>
  <node id="1438" lat="37.2415446" lon="126.7744987"/>
  <node id="1439" lat="37.2411761" lon="126.7744556"/>
  <node id="1440" lat="37.2412015" lon="126.7744673"/>
  <node id="1441" lat="37.2412254" lon="126.7744784"/>
  <node id="1442" lat="37.2412325" lon="126.7744814"/>
  <node id="1443" lat="37.2412581" lon="126.774492"/>
  <node id="1444" lat="37.2412755" lon="126.7744983"/>
  <node id="1445" lat="37.2412974" lon="126.7745058"/>
  <node id="1446" lat="37.2413162" lon="126.7745112"/>
  <node id="1447" lat="37.2413396" lon="126.774517"/>
  <node id="1448" lat="37.2413631" lon="126.7745224"/>
  <node id="1449" lat="37.2413666" lon="126.7745231"/>
  <node id="1450" lat="37.2413933" lon="126.7745282"/>
  <node id="1451" lat="37.2414155" lon="126.7745313"/>
  <node id="1452" lat="37.241441" lon="126.7745344"/>
  <node id="1453" lat="37.2414606" lon="126.7745361"/>
  <node id="1454" lat="37.2414841" lon="126.7745378"/>
  <node id="1455" lat="37.241487" lon="126.7745379"/>
  <node id="1456" lat="37.241514" lon="126.7745382"/>
  <node id="1457" lat="37.24152" lon="126.7745381"/>
  <node id="1458" lat="37.2415471" lon="126.7745379"/>
  <node id="1459" lat="37.2415498" lon="126.7745378"/>
  <node id="1460" lat="37.2411753" lon="126.7744359"/>
  <node id="1461" lat="37.2411931" lon="126.7744439"/>
  <node id="1462" lat="37.2412109" lon="126.7744519"/>
  <node id="1463" lat="37.2412286" lon="126.7744599"/>
  <node id="1464" lat="37.24125" lon="126.7744678"/>
  <node id="1465" lat="37.2412713" lon="126.7744758"/>
  <node id="1466" lat="37.2412933" lon="126.7744833"/>
  <node id="1467" lat="37.2413153" lon="126.7744908"/>
  <node id="1468" lat="37.2413314" lon="126.7744949"/>
  <node id="1469" lat="37.2413476" lon="126.774499"/>
  <node id="1470" lat="37.2413619" lon="126.7745023"/>
  <node id="1471" lat="37.2413763" lon="126.7745056"/>
  <node id="1472" lat="37.2414007" lon="126.7745089"/>
  <node id="1473" lat="37.2414252" lon="126.7745123"/>
  <node id="1474" lat="37.2414445" lon="126.7745139"/>
  <node id="1475" lat="37.2414638" lon="126.7745154"/>
  <node id="1476" lat="37.2414832" lon="126.774517"/>
  <node id="1477" lat="37.2415054" lon="126.7745176"/>
  <node id="1478" lat="37.2415276" lon="126.7745181"/>
  <node id="1479" lat="37.2427678" lon="126.7748533"/>
  <node id="1480" lat="37.2427829" lon="126.7748529"/>
  <node id="1481" lat="37.2396214" lon="126.7734456"/>
  <node id="1482" lat="37.2399548" lon="126.7736917"/>
  <node id="1483" lat="37.2399632" lon="126.7736725"/>
  <node id="1484" lat="37.2404038" lon="126.7739628"/>
  <node id="1485" lat="37.2403967" lon="126.7739795"/>
  <node id="1486" lat="37.2424971" lon="126.7743952"/>
  <node id="1487" lat="37.2424977" lon="126.7744141"/>
  <node id="1488" lat="37.2424982" lon="126.774433"/>
  <node id="1489" lat="37.2424986" lon="126.7744536"/>
  <node id="1490" lat="37.2424991" lon="126.7744743"/>
  <node id="1491" lat="37.2424996" lon="126.7744939"/>
  <node id="1492" lat="37.2425011" lon="126.774553"/>
  <node id="1493" lat="37.2425012" lon="126.7745573"/>
  <node id="1494" lat="37.2415502" lon="126.7744196"/>
  <node id="1495" lat="37.2415501" lon="126.7744393"/>
  <node id="1496" lat="37.24155" lon="126.7744591"/>
  <node id="1497" lat="37.2415499" lon="126.774479"/>
  <node id="1498" lat="37.2420663" lon="126.7744881"/>
  <node id="1499" lat="37.2420667" lon="126.7745078"/>
  <node id="1500" lat="37.2420671" lon="126.7745278"/>
  <node id="1501" lat="37.2420679" lon="126.7745671"/>
  <node id="1502" lat="37.2420682" lon="126.7745818"/>
  <node id="1503" lat="37.2399726" lon="126.7737035"/>
  <node id="1504" lat="37.2400194" lon="126.7735946"/>
  <node id="1505" lat="37.2400348" lon="126.7736012"/>
  <node id="1506" lat="37.239988" lon="126.7737101"/>
  <node id="1507" lat="37.2399927" lon="126.7737098"/>
  <node id="1508" lat="37.2400391" lon="126.7736018"/>
  <node id="1509" lat="37.2400547" lon="126.7736085"/>
  <node id="1510" lat="37.2400083" lon="126.7737165"/>
  <node id="1511" lat="37.2403031" lon="126.773771"/>
  <node id="1512" lat="37.2402575" lon="126.7738803"/>
  <node id="1513" lat="37.2402424" lon="126.7738739"/>
  <node id="1514" lat="37.240288" lon="126.7737647"/>
  <node id="1515" lat="37.2402833" lon="126.7737643"/>
  <node id="1516" lat="37.2402377" lon="126.7738739"/>
  <node id="1517" lat="37.2402223" lon="126.7738675"/>
  <node id="1518" lat="37.2402679" lon="126.7737579"/>
  <node id="1519" lat="37.2400563" lon="126.7742541"/>
  <node id="1520" lat="37.2400276" lon="126.7743213"/>
  <node id="1521" lat="37.2400124" lon="126.7743148"/>
  <node id="1522" lat="37.2400411" lon="126.7742476"/>
  <node id="1523" lat="37.240036" lon="126.7742487"/>
  <node id="1524" lat="37.2400072" lon="126.7743148"/>
  <node id="1525" lat="37.2399918" lon="126.7743081"/>
  <node id="1526" lat="37.2400206" lon="126.774242"/>
  <node id="1527" lat="37.2399431" lon="126.7742019"/>
  <node id="1528" lat="37.2400029" lon="126.7741908"/>
  <node id="1529" lat="37.2400092" lon="126.7742242"/>
  <node id="1530" lat="37.2399493" lon="126.7742354"/>
  <node id="1531" lat="37.2399067" lon="126.7742083"/>
  <node id="1532" lat="37.2399108" lon="126.7742433"/>
  <node id="1533" lat="37.2398849" lon="126.7742464"/>
  <node id="1534" lat="37.2398807" lon="126.7742114"/>
  <node id="1535" lat="37.2399378" lon="126.7742817"/>
  <node id="1536" lat="37.2399255" lon="126.7742482"/>
  <node id="1537" lat="37.2399518" lon="126.7742385"/>
  <node id="1538" lat="37.2399641" lon="126.7742721"/>
  <node id="1539" lat="37.2399108" lon="126.7742079"/>
  <node id="1540" lat="37.2398895" lon="126.774149"/>
  <node id="1541" lat="37.239916" lon="126.7741394"/>
  <node id="1542" lat="37.2399373" lon="126.7741983"/>
  <node id="1543" lat="37.2404751" lon="126.773891"/>
  <node id="1544" lat="37.2404287" lon="126.7739998"/>
  <node id="1545" lat="37.2404137" lon="126.7739934"/>
  <node id="1546" lat="37.2404601" lon="126.7738846"/>
  <node id="1547" lat="37.2404337" lon="126.7739998"/>
  <node id="1548" lat="37.24048" lon="126.7738913"/>
  <node id="1549" lat="37.2404954" lon="126.7738979"/>
  <node id="1550" lat="37.2404491" lon="126.7740064"/>
  <node id="1551" lat="37.2398543" lon="126.774138"/>
  <node id="1552" lat="37.2398253" lon="126.7742045"/>
  <node id="1553" lat="37.2398096" lon="126.7741977"/>
  <node id="1554" lat="37.2398387" lon="126.7741312"/>
  <node id="1555" lat="37.2398748" lon="126.7741442"/>
  <node id="1556" lat="37.2398454" lon="126.77421"/>
  <node id="1557" lat="37.23983" lon="126.7742031"/>
  <node id="1558" lat="37.2398594" lon="126.7741373"/>
  <node id="1559" lat="37.2406529" lon="126.7739841"/>
  <node id="1560" lat="37.2406078" lon="126.7740945"/>
  <node id="1561" lat="37.2405927" lon="126.7740883"/>
  <node id="1562" lat="37.2406378" lon="126.7739779"/>
  <node id="1563" lat="37.2406736" lon="126.7739903"/>
  <node id="1564" lat="37.2406279" lon="126.7741005"/>
  <node id="1565" lat="37.2406125" lon="126.7740941"/>
  <node id="1566" lat="37.2406582" lon="126.7739839"/>
  <node id="1567" lat="37.2425303" lon="126.7745663"/>
  <node id="1568" lat="37.2425247" lon="126.7743421"/>
  <node id="1569" lat="37.2425587" lon="126.7743412"/>
  <node id="1570" lat="37.2425643" lon="126.7745655"/>
  <node id="1571" lat="37.2425963" lon="126.7743341"/>
  <node id="1572" lat="37.2426025" lon="126.7745572"/>
  <node id="1573" lat="37.2425689" lon="126.7745581"/>
  <node id="1574" lat="37.2425627" lon="126.774335"/>
  <node id="1575" lat="37.2421113" lon="126.774498"/>
  <node id="1576" lat="37.2421135" lon="126.7745806"/>
  <node id="1577" lat="37.2420886" lon="126.7745813"/>
  <node id="1578" lat="37.2420863" lon="126.7744987"/>
  <node id="1579" lat="37.24214" lon="126.7744905"/>
  <node id="1580" lat="37.2421422" lon="126.7745727"/>
  <node id="1581" lat="37.2421174" lon="126.7745734"/>
  <node id="1582" lat="37.2421152" lon="126.7744911"/>
  <node id="1583" lat="37.2426896" lon="126.7745928"/>
  <node id="1584" lat="37.2428681" lon="126.7745856"/>
  <node id="1585" lat="37.2428694" lon="126.7746178"/>
  <node id="1586" lat="37.2426909" lon="126.774625"/>
  <node id="1587" lat="37.2428657" lon="126.7746541"/>
  <node id="1588" lat="37.2427073" lon="126.77466"/>
  <node id="1589" lat="37.2427062" lon="126.7746293"/>
  <node id="1590" lat="37.2428645" lon="126.7746233"/>
  <way id="1">
    <nd ref="1"/>
    <nd ref="2"/>
    <nd ref="3"/>
    <nd ref="4"/>
    <nd ref="5"/>
    <nd ref="6"/>
    <nd ref="7"/>
    <nd ref="8"/>
    <nd ref="9"/>
    <tag k="type" v="line_thin"/>
    <tag k="subtype" v="solid"/>
  </way>
  <way id="2">
    <nd ref="10"/>
    <nd ref="11"/>
    <nd ref="12"/>
    <nd ref="13"/>
    <nd ref="14"/>
    <nd ref="15"/>
    <nd ref="16"/>
    <nd ref="17"/>
    <nd ref="18"/>
    <nd ref="19"/>
    <nd ref="20"/>
    <tag k="type" v="line_thin"/>
    <tag k="subtype" v="solid"/>
  </way>
  <way id="3">
    <nd ref="21"/>
    <nd ref="22"/>
    <nd ref="23"/>
    <nd ref="24"/>
    <nd ref="25"/>
    <nd ref="26"/>
    <nd ref="27"/>
    <nd ref="28"/>
    <nd ref="29"/>
    <nd ref="30"/>
    <nd ref="31"/>
    <nd ref="32"/>
    <nd ref="33"/>
    <nd ref="34"/>
    <nd ref="35"/>
    <nd ref="36"/>
    <nd ref="37"/>
    <nd ref="38"/>
    <nd ref="39"/>
    <nd ref="40"/>
    <nd ref="41"/>
    <nd ref="42"/>
    <nd ref="43"/>
  </way>
  <way id="4">
    <nd ref="44"/>
    <nd ref="45"/>
    <nd ref="46"/>
    <nd ref="47"/>
    <nd ref="48"/>
    <nd ref="49"/>
    <nd ref="50"/>
    <nd ref="51"/>
    <nd ref="52"/>
    <nd ref="53"/>
    <nd ref="54"/>
    <nd ref="55"/>
    <nd ref="56"/>
    <nd ref="57"/>
    <nd ref="58"/>
    <nd ref="59"/>
    <nd ref="60"/>
    <nd ref="61"/>
    <nd ref="62"/>
    <nd ref="63"/>
    <nd ref="64"/>
    <nd ref="65"/>
    <nd ref="66"/>
    <nd ref="67"/>
    <nd ref="68"/>
    <nd ref="69"/>
    <nd ref="70"/>
    <nd ref="71"/>
    <nd ref="72"/>
    <nd ref="73"/>
    <nd ref="74"/>
    <nd ref="75"/>
    <nd ref="76"/>
    <nd ref="77"/>
    <nd ref="78"/>
    <nd ref="79"/>
    <nd ref="80"/>
    <nd ref="81"/>
    <nd ref="82"/>
    <nd ref="83"/>
    <nd ref="84"/>
    <nd ref="85"/>
    <nd ref="86"/>
    <nd ref="87"/>
    <nd ref="88"/>
    <nd ref="89"/>
    <nd ref="90"/>
    <nd ref="91"/>
    <nd ref="92"/>
    <nd ref="93"/>
    <nd ref="94"/>
    <nd ref="95"/>
    <nd ref="96"/>
    <nd ref="97"/>
    <nd ref="98"/>
    <nd ref="99"/>
    <nd ref="100"/>
    <nd ref="101"/>
    <nd ref="102"/>
    <nd ref="103"/>
    <nd ref="104"/>
    <nd ref="105"/>
    <nd ref="106"/>
    <nd ref="107"/>
    <nd ref="108"/>
    <nd ref="109"/>
    <nd ref="110"/>
    <nd ref="111"/>
    <nd ref="112"/>
    <nd ref="113"/>
    <nd ref="114"/>
    <nd ref="115"/>
    <nd ref="116"/>
    <nd ref="117"/>
    <nd ref="118"/>
    <nd ref="119"/>
    <nd ref="120"/>
    <nd ref="121"/>
    <nd ref="122"/>
    <nd ref="123"/>
    <nd ref="124"/>
    <nd ref="125"/>
    <nd ref="126"/>
    <nd ref="127"/>
    <nd ref="128"/>
    <nd ref="129"/>
    <nd ref="130"/>
    <nd ref="131"/>
    <nd ref="132"/>
    <nd ref="133"/>
    <nd ref="134"/>
    <nd ref="135"/>
    <nd ref="136"/>
    <nd ref="137"/>
    <nd ref="138"/>
    <nd ref="139"/>
    <nd ref="140"/>
    <nd ref="141"/>
    <nd ref="142"/>
    <nd ref="143"/>
    <nd ref="144"/>
    <nd ref="145"/>
    <nd ref="146"/>
    <tag k="type" v="line_thin"/>
    <tag k="subtype" v="solid"/>
  </way>
  <way id="5">
    <nd ref="147"/>
    <nd ref="148"/>
    <nd ref="149"/>
    <nd ref="150"/>
    <nd ref="151"/>
    <nd ref="152"/>
    <nd ref="153"/>
    <nd ref="154"/>
    <nd ref="155"/>
    <nd ref="156"/>
    <nd ref="157"/>
    <nd ref="158"/>
    <nd ref="159"/>
    <nd ref="160"/>
    <nd ref="161"/>
    <nd ref="162"/>
    <nd ref="163"/>
    <nd ref="164"/>
    <nd ref="165"/>
    <nd ref="166"/>
    <nd ref="167"/>
    <nd ref="168"/>
    <nd ref="169"/>
    <nd ref="170"/>
    <nd ref="171"/>
    <nd ref="172"/>
    <nd ref="173"/>
    <nd ref="174"/>
    <nd ref="175"/>
    <nd ref="176"/>
    <nd ref="177"/>
    <nd ref="178"/>
    <nd ref="179"/>
    <nd ref="180"/>
    <nd ref="181"/>
    <nd ref="182"/>
    <nd ref="183"/>
    <nd ref="184"/>
    <nd ref="185"/>
    <nd ref="186"/>
    <nd ref="187"/>
    <nd ref="188"/>
    <nd ref="189"/>
    <nd ref="190"/>
    <nd ref="191"/>
    <tag k="type" v="line_thin"/>
    <tag k="subtype" v="solid"/>
  </way>
  <way id="6">
    <nd ref="192"/>
    <nd ref="193"/>
    <nd ref="194"/>
    <nd ref="195"/>
    <nd ref="196"/>
    <nd ref="197"/>
    <nd ref="198"/>
    <nd ref="199"/>
    <nd ref="200"/>
    <nd ref="201"/>
    <nd ref="202"/>
    <nd ref="203"/>
    <nd ref="204"/>
    <nd ref="205"/>
    <nd ref="206"/>
    <nd ref="207"/>
    <nd ref="208"/>
    <nd ref="209"/>
    <nd ref="210"/>
    <nd ref="211"/>
    <nd ref="212"/>
    <nd ref="213"/>
    <nd ref="214"/>
    <nd ref="215"/>
    <nd ref="216"/>
    <nd ref="217"/>
    <nd ref="218"/>
    <nd ref="219"/>
    <nd ref="220"/>
    <nd ref="221"/>
    <nd ref="222"/>
    <nd ref="223"/>
    <nd ref="224"/>
    <nd ref="225"/>
    <nd ref="226"/>
    <nd ref="227"/>
    <nd ref="228"/>
    <nd ref="229"/>
    <nd ref="230"/>
    <nd ref="231"/>
    <nd ref="232"/>
    <nd ref="233"/>
    <nd ref="234"/>
    <nd ref="235"/>
    <nd ref="236"/>
    <nd ref="237"/>
    <nd ref="238"/>
    <nd ref="239"/>
    <nd ref="240"/>
    <nd ref="241"/>
    <nd ref="242"/>
    <nd ref="243"/>
    <nd ref="244"/>
    <nd ref="245"/>
    <nd ref="246"/>
    <nd ref="247"/>
    <nd ref="248"/>
    <nd ref="249"/>
    <nd ref="250"/>
    <nd ref="251"/>
    <nd ref="252"/>
    <nd ref="253"/>
    <nd ref="254"/>
    <nd ref="255"/>
    <nd ref="256"/>
    <nd ref="257"/>
    <nd ref="258"/>
    <nd ref="259"/>
    <nd ref="260"/>
    <nd ref="261"/>
    <nd ref="262"/>
    <nd ref="263"/>
    <nd ref="264"/>
    <nd ref="265"/>
    <nd ref="266"/>
    <nd ref="267"/>
    <nd ref="268"/>
    <nd ref="269"/>
    <nd ref="270"/>
    <nd ref="271"/>
    <nd ref="272"/>
    <nd ref="273"/>
    <nd ref="274"/>
    <nd ref="275"/>
    <nd ref="276"/>
    <nd ref="277"/>
    <nd ref="278"/>
    <nd ref="279"/>
    <nd ref="280"/>
    <nd ref="281"/>
    <nd ref="282"/>
    <nd ref="283"/>
    <nd ref="284"/>
    <nd ref="285"/>
    <nd ref="286"/>
    <nd ref="287"/>
    <nd ref="288"/>
    <nd ref="289"/>
    <nd ref="290"/>
    <nd ref="291"/>
    <nd ref="292"/>
    <nd ref="293"/>
    <nd ref="294"/>
    <nd ref="295"/>
    <nd ref="296"/>
    <nd ref="297"/>
    <nd ref="298"/>
    <nd ref="299"/>
    <nd ref="300"/>
    <nd ref="301"/>
    <nd ref="302"/>
    <nd ref="303"/>
    <nd ref="304"/>
    <nd ref="305"/>
    <nd ref="306"/>
    <nd ref="307"/>
    <nd ref="308"/>
    <nd ref="309"/>
    <nd ref="310"/>
    <nd ref="311"/>
    <nd ref="312"/>
    <nd ref="313"/>
    <nd ref="314"/>
    <nd ref="315"/>
    <nd ref="316"/>
    <nd ref="317"/>
    <nd ref="318"/>
    <nd ref="319"/>
    <nd ref="320"/>
    <nd ref="321"/>
    <nd ref="322"/>
    <nd ref="323"/>
    <nd ref="324"/>
    <nd ref="325"/>
    <nd ref="326"/>
    <nd ref="327"/>
    <nd ref="328"/>
    <nd ref="329"/>
    <nd ref="330"/>
    <nd ref="331"/>
    <nd ref="332"/>
    <nd ref="333"/>
    <nd ref="334"/>
    <nd ref="335"/>
    <nd ref="336"/>
    <nd ref="337"/>
    <nd ref="338"/>
    <nd ref="339"/>
    <nd ref="340"/>
    <nd ref="341"/>
    <nd ref="342"/>
    <nd ref="343"/>
    <nd ref="344"/>
    <nd ref="345"/>
    <nd ref="346"/>
    <nd ref="347"/>
    <nd ref="348"/>
    <nd ref="349"/>
    <nd ref="350"/>
    <nd ref="351"/>
    <nd ref="352"/>
    <nd ref="353"/>
    <nd ref="354"/>
    <nd ref="355"/>
    <nd ref="356"/>
    <nd ref="357"/>
    <nd ref="358"/>
    <nd ref="359"/>
    <nd ref="360"/>
  </way>
  <way id="7">
    <nd ref="361"/>
    <nd ref="362"/>
    <nd ref="363"/>
    <nd ref="364"/>
    <nd ref="365"/>
    <nd ref="366"/>
    <nd ref="367"/>
    <nd ref="368"/>
    <nd ref="369"/>
    <nd ref="370"/>
    <nd ref="371"/>
    <nd ref="372"/>
    <nd ref="373"/>
    <nd ref="374"/>
    <nd ref="375"/>
    <nd ref="376"/>
    <nd ref="377"/>
    <nd ref="378"/>
    <nd ref="379"/>
    <nd ref="380"/>
    <nd ref="381"/>
    <nd ref="382"/>
    <nd ref="383"/>
    <nd ref="384"/>
    <nd ref="385"/>
    <tag k="type" v="line_thin"/>
    <tag k="subtype" v="solid"/>
  </way>
  <way id="8">
    <nd ref="386"/>
    <nd ref="387"/>
    <nd ref="388"/>
    <nd ref="389"/>
    <nd ref="390"/>
    <nd ref="391"/>
    <nd ref="392"/>
    <nd ref="393"/>
    <nd ref="394"/>
    <tag k="type" v="line_thin"/>
    <tag k="subtype" v="solid"/>
  </way>
  <way id="9">
    <nd ref="395"/>
    <nd ref="396"/>
    <nd ref="397"/>
    <nd ref="398"/>
    <nd ref="399"/>
    <nd ref="400"/>
    <nd ref="401"/>
    <nd ref="402"/>
    <nd ref="403"/>
    <nd ref="404"/>
    <nd ref="405"/>
    <nd ref="406"/>
    <nd ref="407"/>
    <nd ref="408"/>
    <nd ref="409"/>
    <nd ref="410"/>
    <nd ref="411"/>
    <nd ref="412"/>
    <nd ref="413"/>
    <nd ref="414"/>
    <nd ref="415"/>
    <nd ref="416"/>
    <nd ref="417"/>
    <nd ref="418"/>
    <nd ref="419"/>
    <nd ref="420"/>
    <nd ref="421"/>
    <nd ref="422"/>
    <nd ref="423"/>
    <nd ref="424"/>
    <nd ref="425"/>
    <nd ref="426"/>
    <nd ref="427"/>
    <nd ref="428"/>
  </way>
  <way id="10">
    <nd ref="429"/>
    <nd ref="430"/>
    <nd ref="431"/>
    <nd ref="432"/>
    <nd ref="433"/>
    <nd ref="434"/>
    <nd ref="435"/>
    <nd ref="436"/>
    <nd ref="437"/>
    <tag k="type" v="line_thin"/>
    <tag k="subtype" v="solid"/>
  </way>
  <way id="11">
    <nd ref="438"/>
    <nd ref="439"/>
    <nd ref="440"/>
    <nd ref="441"/>
    <nd ref="442"/>
    <nd ref="443"/>
    <nd ref="444"/>
    <nd ref="445"/>
    <nd ref="446"/>
    <tag k="type" v="line_thin"/>
    <tag k="subtype" v="solid"/>
  </way>
  <way id="12">
    <nd ref="447"/>
    <nd ref="448"/>
    <nd ref="449"/>
    <nd ref="450"/>
    <nd ref="451"/>
    <nd ref="452"/>
    <nd ref="453"/>
    <nd ref="454"/>
    <nd ref="455"/>
    <nd ref="456"/>
    <nd ref="457"/>
    <nd ref="458"/>
    <nd ref="459"/>
    <nd ref="460"/>
    <nd ref="461"/>
    <nd ref="462"/>
    <nd ref="463"/>
  </way>
  <way id="13">
    <nd ref="464"/>
    <nd ref="465"/>
    <nd ref="466"/>
    <nd ref="467"/>
    <nd ref="468"/>
    <nd ref="469"/>
    <nd ref="470"/>
    <nd ref="471"/>
    <nd ref="472"/>
    <nd ref="473"/>
    <nd ref="474"/>
    <nd ref="475"/>
    <nd ref="476"/>
    <nd ref="477"/>
    <nd ref="478"/>
    <nd ref="479"/>
    <nd ref="480"/>
    <nd ref="481"/>
    <tag k="type" v="line_thin"/>
    <tag k="subtype" v="solid"/>
  </way>
  <way id="14">
    <nd ref="482"/>
    <nd ref="483"/>
    <nd ref="484"/>
    <nd ref="485"/>
    <nd ref="486"/>
    <nd ref="487"/>
    <nd ref="488"/>
    <nd ref="489"/>
    <nd ref="490"/>
    <nd ref="491"/>
    <nd ref="492"/>
    <nd ref="493"/>
    <nd ref="494"/>
    <nd ref="495"/>
    <nd ref="496"/>
    <nd ref="497"/>
    <tag k="type" v="line_thin"/>
    <tag k="subtype" v="solid"/>
  </way>
  <way id="15">
    <nd ref="498"/>
    <nd ref="499"/>
    <nd ref="500"/>
    <nd ref="501"/>
    <nd ref="502"/>
    <nd ref="503"/>
    <nd ref="504"/>
    <nd ref="505"/>
    <nd ref="506"/>
    <nd ref="507"/>
    <nd ref="508"/>
    <nd ref="509"/>
    <nd ref="510"/>
    <nd ref="511"/>
    <nd ref="512"/>
    <nd ref="513"/>
    <nd ref="514"/>
  </way>
  <way id="16">
    <nd ref="515"/>
    <nd ref="516"/>
    <nd ref="517"/>
    <nd ref="518"/>
    <nd ref="519"/>
    <nd ref="520"/>
    <nd ref="521"/>
    <nd ref="522"/>
    <nd ref="523"/>
    <nd ref="524"/>
    <nd ref="525"/>
    <nd ref="526"/>
    <nd ref="527"/>
    <nd ref="528"/>
    <nd ref="529"/>
    <tag k="type" v="line_thin"/>
    <tag k="subtype" v="solid"/>
  </way>
  <way id="17">
    <nd ref="530"/>
    <nd ref="531"/>
    <nd ref="532"/>
    <nd ref="533"/>
    <nd ref="534"/>
    <nd ref="535"/>
    <nd ref="536"/>
    <nd ref="537"/>
    <nd ref="538"/>
    <nd ref="539"/>
    <nd ref="540"/>
    <nd ref="541"/>
    <nd ref="542"/>
    <nd ref="543"/>
    <nd ref="544"/>
    <tag k="type" v="line_thin"/>
    <tag k="subtype" v="solid"/>
  </way>
  <way id="18">
    <nd ref="545"/>
    <nd ref="546"/>
    <nd ref="547"/>
    <nd ref="548"/>
    <nd ref="549"/>
    <nd ref="550"/>
    <nd ref="551"/>
    <nd ref="552"/>
    <nd ref="553"/>
    <nd ref="554"/>
    <nd ref="555"/>
    <nd ref="556"/>
    <nd ref="557"/>
  </way>
  <way id="19">
    <nd ref="558"/>
    <nd ref="559"/>
    <nd ref="560"/>
    <nd ref="561"/>
    <nd ref="562"/>
    <nd ref="563"/>
    <nd ref="564"/>
    <nd ref="565"/>
    <nd ref="566"/>
    <tag k="type" v="line_thin"/>
    <tag k="subtype" v="solid"/>
  </way>
  <way id="20">
    <nd ref="567"/>
    <nd ref="568"/>
    <nd ref="569"/>
    <nd ref="570"/>
    <nd ref="571"/>
    <nd ref="572"/>
    <nd ref="573"/>
    <nd ref="574"/>
    <tag k="type" v="line_thin"/>
    <tag k="subtype" v="solid"/>
  </way>
  <way id="21">
    <nd ref="575"/>
    <nd ref="576"/>
    <nd ref="577"/>
    <nd ref="578"/>
    <nd ref="579"/>
    <nd ref="580"/>
    <nd ref="581"/>
    <nd ref="582"/>
    <nd ref="583"/>
    <nd ref="584"/>
    <nd ref="585"/>
    <nd ref="586"/>
    <nd ref="587"/>
    <nd ref="588"/>
    <nd ref="589"/>
    <nd ref="590"/>
    <nd ref="591"/>
    <nd ref="592"/>
    <nd ref="593"/>
    <nd ref="594"/>
    <nd ref="595"/>
    <nd ref="596"/>
  </way>
  <way id="22">
    <nd ref="597"/>
    <nd ref="598"/>
    <tag k="type" v="line_thin"/>
    <tag k="subtype" v="solid"/>
  </way>
  <way id="23">
    <nd ref="599"/>
    <nd ref="600"/>
    <nd ref="601"/>
    <tag k="type" v="line_thin"/>
    <tag k="subtype" v="solid"/>
  </way>
  <way id="24">
    <nd ref="602"/>
    <nd ref="603"/>
    <nd ref="604"/>
    <nd ref="605"/>
    <nd ref="606"/>
    <nd ref="607"/>
    <nd ref="608"/>
    <nd ref="609"/>
    <nd ref="610"/>
  </way>
  <way id="25">
    <nd ref="611"/>
    <nd ref="612"/>
    <nd ref="613"/>
    <nd ref="614"/>
    <nd ref="615"/>
    <nd ref="616"/>
    <nd ref="617"/>
    <tag k="type" v="line_thin"/>
    <tag k="subtype" v="solid"/>
  </way>
  <way id="26">
    <nd ref="618"/>
    <nd ref="619"/>
    <nd ref="620"/>
    <nd ref="621"/>
    <nd ref="622"/>
    <nd ref="623"/>
    <nd ref="624"/>
    <nd ref="625"/>
    <nd ref="626"/>
    <nd ref="627"/>
    <nd ref="628"/>
    <nd ref="629"/>
    <nd ref="630"/>
    <nd ref="631"/>
    <tag k="type" v="line_thin"/>
    <tag k="subtype" v="solid"/>
  </way>
  <way id="27">
    <nd ref="632"/>
    <nd ref="633"/>
    <nd ref="634"/>
    <nd ref="635"/>
    <nd ref="636"/>
    <nd ref="637"/>
    <nd ref="638"/>
    <nd ref="639"/>
    <nd ref="640"/>
    <nd ref="641"/>
    <nd ref="642"/>
    <nd ref="643"/>
    <nd ref="644"/>
    <nd ref="645"/>
    <nd ref="21"/>
  </way>
  <way id="28">
    <nd ref="385"/>
    <nd ref="646"/>
    <nd ref="429"/>
    <tag k="type" v="line_thin"/>
    <tag k="subtype" v="solid"/>
  </way>
  <way id="29">
    <nd ref="394"/>
    <nd ref="647"/>
    <nd ref="648"/>
    <nd ref="649"/>
    <tag k="type" v="line_thin"/>
    <tag k="subtype" v="solid"/>
  </way>
  <way id="30">
    <nd ref="428"/>
    <nd ref="650"/>
    <nd ref="651"/>
    <nd ref="652"/>
    <nd ref="653"/>
    <nd ref="654"/>
    <nd ref="655"/>
    <nd ref="656"/>
    <nd ref="657"/>
    <nd ref="658"/>
    <nd ref="659"/>
    <nd ref="660"/>
    <nd ref="661"/>
    <nd ref="447"/>
  </way>
  <way id="31">
    <nd ref="662"/>
    <nd ref="663"/>
    <nd ref="664"/>
    <nd ref="665"/>
    <tag k="type" v="line_thin"/>
    <tag k="subtype" v="solid"/>
  </way>
  <way id="32">
    <nd ref="666"/>
    <nd ref="667"/>
    <nd ref="668"/>
    <nd ref="669"/>
    <nd ref="670"/>
    <tag k="type" v="line_thin"/>
    <tag k="subtype" v="solid"/>
  </way>
  <way id="33">
    <nd ref="671"/>
    <nd ref="672"/>
    <nd ref="673"/>
    <nd ref="674"/>
    <nd ref="675"/>
    <nd ref="676"/>
    <nd ref="677"/>
    <nd ref="678"/>
    <nd ref="679"/>
    <nd ref="680"/>
    <nd ref="498"/>
  </way>
  <way id="34">
    <nd ref="529"/>
    <nd ref="681"/>
    <nd ref="682"/>
    <nd ref="683"/>
    <nd ref="684"/>
    <nd ref="685"/>
    <nd ref="686"/>
    <nd ref="687"/>
    <nd ref="688"/>
    <nd ref="481"/>
    <tag k="type" v="line_thin"/>
    <tag k="subtype" v="solid"/>
  </way>
  <way id="35">
    <nd ref="497"/>
    <nd ref="689"/>
    <nd ref="690"/>
    <nd ref="691"/>
    <nd ref="692"/>
    <nd ref="693"/>
    <nd ref="694"/>
    <nd ref="695"/>
    <nd ref="696"/>
    <nd ref="697"/>
    <nd ref="698"/>
    <nd ref="699"/>
    <nd ref="700"/>
    <nd ref="530"/>
    <tag k="type" v="line_thin"/>
    <tag k="subtype" v="solid"/>
  </way>
  <way id="36">
    <nd ref="514"/>
    <nd ref="701"/>
    <nd ref="702"/>
    <nd ref="703"/>
    <nd ref="704"/>
    <nd ref="705"/>
    <nd ref="545"/>
  </way>
  <way id="37">
    <nd ref="706"/>
    <nd ref="707"/>
    <tag k="type" v="line_thin"/>
    <tag k="subtype" v="solid"/>
  </way>
  <way id="38">
    <nd ref="708"/>
    <nd ref="709"/>
    <tag k="type" v="line_thin"/>
    <tag k="subtype" v="solid"/>
  </way>
  <way id="39">
    <nd ref="710"/>
    <nd ref="711"/>
    <nd ref="712"/>
    <nd ref="713"/>
    <nd ref="714"/>
    <nd ref="715"/>
    <nd ref="716"/>
    <nd ref="717"/>
    <nd ref="395"/>
  </way>
  <way id="40">
    <nd ref="515"/>
    <nd ref="718"/>
    <nd ref="719"/>
    <nd ref="720"/>
    <nd ref="721"/>
    <nd ref="722"/>
    <nd ref="723"/>
    <nd ref="724"/>
    <nd ref="44"/>
    <tag k="type" v="line_thin"/>
    <tag k="subtype" v="solid"/>
  </way>
  <way id="41">
    <nd ref="725"/>
    <nd ref="726"/>
    <nd ref="727"/>
    <nd ref="728"/>
    <nd ref="729"/>
    <nd ref="730"/>
    <nd ref="731"/>
    <nd ref="732"/>
    <nd ref="733"/>
    <tag k="type" v="line_thin"/>
    <tag k="subtype" v="solid"/>
  </way>
  <way id="42">
    <nd ref="557"/>
    <nd ref="734"/>
    <nd ref="735"/>
    <nd ref="736"/>
    <nd ref="737"/>
    <nd ref="738"/>
    <nd ref="739"/>
    <nd ref="740"/>
    <nd ref="741"/>
    <nd ref="742"/>
    <nd ref="192"/>
  </way>
  <way id="43">
    <nd ref="743"/>
    <nd ref="744"/>
    <nd ref="745"/>
    <nd ref="746"/>
    <nd ref="747"/>
    <nd ref="748"/>
    <nd ref="749"/>
    <nd ref="750"/>
    <nd ref="751"/>
    <nd ref="752"/>
    <nd ref="753"/>
    <nd ref="754"/>
    <nd ref="755"/>
    <nd ref="756"/>
    <nd ref="757"/>
    <nd ref="758"/>
    <nd ref="759"/>
    <nd ref="760"/>
    <nd ref="761"/>
    <nd ref="762"/>
    <nd ref="763"/>
    <nd ref="764"/>
    <nd ref="765"/>
    <nd ref="766"/>
    <nd ref="767"/>
    <nd ref="768"/>
    <nd ref="769"/>
    <nd ref="770"/>
    <nd ref="771"/>
    <nd ref="772"/>
    <nd ref="773"/>
    <nd ref="774"/>
    <nd ref="775"/>
    <nd ref="776"/>
    <nd ref="777"/>
    <nd ref="778"/>
    <nd ref="779"/>
    <nd ref="780"/>
    <nd ref="781"/>
    <nd ref="782"/>
    <nd ref="783"/>
    <nd ref="784"/>
    <nd ref="785"/>
    <nd ref="786"/>
    <nd ref="787"/>
    <nd ref="788"/>
    <nd ref="789"/>
    <nd ref="790"/>
    <nd ref="791"/>
    <nd ref="792"/>
    <nd ref="793"/>
    <nd ref="794"/>
    <nd ref="795"/>
    <nd ref="796"/>
    <nd ref="797"/>
    <nd ref="798"/>
    <nd ref="799"/>
    <nd ref="800"/>
    <nd ref="801"/>
    <nd ref="802"/>
    <nd ref="803"/>
    <nd ref="804"/>
    <nd ref="805"/>
    <nd ref="806"/>
    <nd ref="807"/>
    <nd ref="808"/>
    <nd ref="809"/>
    <nd ref="810"/>
    <nd ref="811"/>
    <nd ref="812"/>
    <tag k="type" v="line_thin"/>
    <tag k="subtype" v="solid"/>
  </way>
  <way id="44">
    <nd ref="813"/>
    <nd ref="814"/>
    <nd ref="815"/>
    <nd ref="816"/>
    <nd ref="817"/>
    <nd ref="818"/>
    <nd ref="819"/>
    <nd ref="820"/>
    <nd ref="821"/>
    <nd ref="822"/>
    <nd ref="823"/>
    <nd ref="824"/>
    <nd ref="825"/>
    <nd ref="826"/>
    <nd ref="827"/>
    <nd ref="828"/>
    <nd ref="829"/>
    <nd ref="830"/>
    <nd ref="831"/>
    <nd ref="832"/>
    <nd ref="833"/>
    <nd ref="834"/>
    <nd ref="835"/>
    <nd ref="836"/>
    <nd ref="837"/>
    <nd ref="838"/>
    <nd ref="839"/>
    <nd ref="840"/>
    <nd ref="841"/>
    <nd ref="842"/>
    <nd ref="843"/>
    <nd ref="844"/>
    <nd ref="845"/>
    <nd ref="846"/>
    <nd ref="847"/>
    <nd ref="848"/>
    <nd ref="849"/>
    <nd ref="850"/>
    <nd ref="851"/>
    <nd ref="852"/>
    <nd ref="853"/>
    <nd ref="854"/>
    <nd ref="855"/>
    <nd ref="856"/>
    <nd ref="857"/>
    <nd ref="858"/>
    <nd ref="859"/>
    <nd ref="860"/>
    <nd ref="861"/>
    <nd ref="862"/>
    <nd ref="863"/>
    <nd ref="864"/>
    <nd ref="865"/>
    <nd ref="866"/>
    <nd ref="867"/>
    <nd ref="868"/>
    <nd ref="869"/>
    <tag k="type" v="line_thin"/>
    <tag k="subtype" v="solid"/>
  </way>
  <way id="45">
    <nd ref="870"/>
    <nd ref="871"/>
    <nd ref="872"/>
    <nd ref="873"/>
    <nd ref="874"/>
    <nd ref="875"/>
    <nd ref="876"/>
    <nd ref="877"/>
    <nd ref="878"/>
    <nd ref="879"/>
    <nd ref="880"/>
    <nd ref="881"/>
    <nd ref="882"/>
    <nd ref="883"/>
    <nd ref="884"/>
    <nd ref="885"/>
    <nd ref="886"/>
    <nd ref="887"/>
    <nd ref="888"/>
    <nd ref="889"/>
    <nd ref="890"/>
    <nd ref="891"/>
    <nd ref="892"/>
    <nd ref="893"/>
    <nd ref="894"/>
    <nd ref="895"/>
    <nd ref="896"/>
    <nd ref="897"/>
    <nd ref="898"/>
    <nd ref="899"/>
    <nd ref="900"/>
    <nd ref="901"/>
    <nd ref="902"/>
    <nd ref="903"/>
    <nd ref="904"/>
    <nd ref="905"/>
    <nd ref="906"/>
    <nd ref="907"/>
    <nd ref="908"/>
    <nd ref="909"/>
    <nd ref="910"/>
    <nd ref="911"/>
    <nd ref="912"/>
    <nd ref="913"/>
    <nd ref="914"/>
    <nd ref="915"/>
    <nd ref="916"/>
    <nd ref="917"/>
    <nd ref="918"/>
    <nd ref="919"/>
    <nd ref="920"/>
    <nd ref="921"/>
    <nd ref="922"/>
    <nd ref="923"/>
    <nd ref="924"/>
    <nd ref="925"/>
    <nd ref="926"/>
    <nd ref="927"/>
    <nd ref="928"/>
    <nd ref="929"/>
    <nd ref="930"/>
    <nd ref="931"/>
    <nd ref="932"/>
    <nd ref="933"/>
    <nd ref="934"/>
    <nd ref="935"/>
    <nd ref="936"/>
    <nd ref="937"/>
    <nd ref="938"/>
    <nd ref="939"/>
    <nd ref="940"/>
    <nd ref="941"/>
    <nd ref="942"/>
    <nd ref="943"/>
    <nd ref="944"/>
    <nd ref="945"/>
    <nd ref="946"/>
    <nd ref="947"/>
    <nd ref="948"/>
    <nd ref="949"/>
    <nd ref="950"/>
    <nd ref="951"/>
    <nd ref="952"/>
    <nd ref="953"/>
    <nd ref="954"/>
    <nd ref="955"/>
    <nd ref="956"/>
    <nd ref="957"/>
    <nd ref="958"/>
    <nd ref="959"/>
    <nd ref="960"/>
    <nd ref="961"/>
    <nd ref="962"/>
    <nd ref="963"/>
    <nd ref="964"/>
    <nd ref="965"/>
    <nd ref="966"/>
    <nd ref="967"/>
    <nd ref="968"/>
    <nd ref="969"/>
    <nd ref="970"/>
    <nd ref="971"/>
    <nd ref="972"/>
    <nd ref="973"/>
    <nd ref="974"/>
    <nd ref="975"/>
    <nd ref="976"/>
    <nd ref="977"/>
    <nd ref="978"/>
    <nd ref="979"/>
    <nd ref="980"/>
    <nd ref="981"/>
    <nd ref="982"/>
    <nd ref="983"/>
    <nd ref="984"/>
    <nd ref="985"/>
    <nd ref="986"/>
    <nd ref="987"/>
    <nd ref="988"/>
    <nd ref="989"/>
    <nd ref="990"/>
    <nd ref="991"/>
    <nd ref="710"/>
  </way>
  <way id="46">
    <nd ref="662"/>
    <nd ref="992"/>
    <nd ref="993"/>
    <nd ref="994"/>
    <nd ref="995"/>
    <nd ref="996"/>
    <nd ref="997"/>
    <nd ref="998"/>
    <nd ref="999"/>
    <nd ref="1000"/>
    <nd ref="1001"/>
    <nd ref="999"/>
    <tag k="type" v="line_thin"/>
    <tag k="subtype" v="solid"/>
  </way>
  <way id="47">
    <nd ref="1002"/>
    <nd ref="1003"/>
    <nd ref="1004"/>
    <nd ref="1005"/>
    <nd ref="1006"/>
    <nd ref="1007"/>
    <nd ref="1008"/>
    <nd ref="1009"/>
    <nd ref="1010"/>
    <nd ref="666"/>
    <tag k="type" v="line_thin"/>
    <tag k="subtype" v="solid"/>
  </way>
  <way id="48">
    <nd ref="1011"/>
    <nd ref="1012"/>
    <nd ref="1013"/>
    <nd ref="1014"/>
    <nd ref="1015"/>
    <nd ref="1016"/>
    <nd ref="1017"/>
    <nd ref="1018"/>
    <nd ref="1019"/>
    <nd ref="1020"/>
    <nd ref="1021"/>
    <nd ref="1022"/>
    <nd ref="1023"/>
    <nd ref="1024"/>
    <nd ref="1025"/>
    <nd ref="1026"/>
    <nd ref="1027"/>
    <nd ref="1028"/>
    <nd ref="1029"/>
    <nd ref="1030"/>
    <nd ref="1031"/>
    <nd ref="1032"/>
    <nd ref="1033"/>
    <nd ref="671"/>
  </way>
  <way id="49">
    <nd ref="1034"/>
    <nd ref="1035"/>
    <nd ref="1036"/>
    <nd ref="1037"/>
    <nd ref="1038"/>
    <nd ref="1039"/>
    <nd ref="1040"/>
    <nd ref="1041"/>
    <nd ref="1042"/>
    <nd ref="1043"/>
    <nd ref="1044"/>
    <nd ref="1045"/>
    <nd ref="1046"/>
    <nd ref="1047"/>
    <nd ref="1048"/>
    <nd ref="1049"/>
    <nd ref="1050"/>
    <nd ref="1051"/>
    <nd ref="1052"/>
    <nd ref="1053"/>
    <nd ref="1054"/>
    <nd ref="1055"/>
    <nd ref="1056"/>
    <nd ref="1057"/>
    <nd ref="1058"/>
    <nd ref="1059"/>
    <nd ref="1060"/>
    <nd ref="1061"/>
    <nd ref="1062"/>
    <nd ref="1063"/>
    <nd ref="1064"/>
    <nd ref="1065"/>
    <nd ref="1066"/>
    <nd ref="1067"/>
    <nd ref="1068"/>
    <nd ref="1069"/>
    <nd ref="1070"/>
    <nd ref="1071"/>
    <nd ref="1072"/>
    <nd ref="1073"/>
    <nd ref="1074"/>
    <nd ref="1075"/>
    <nd ref="1076"/>
    <nd ref="1077"/>
    <nd ref="1078"/>
    <nd ref="1079"/>
    <nd ref="1080"/>
    <nd ref="1081"/>
    <tag k="type" v="line_thin"/>
    <tag k="subtype" v="solid"/>
  </way>
  <way id="50">
    <nd ref="1082"/>
    <nd ref="1083"/>
    <nd ref="1084"/>
    <nd ref="1085"/>
    <nd ref="1086"/>
    <nd ref="1087"/>
    <nd ref="1088"/>
    <nd ref="1089"/>
    <nd ref="1090"/>
    <nd ref="1091"/>
    <nd ref="1092"/>
    <nd ref="1093"/>
    <nd ref="1094"/>
    <nd ref="1095"/>
    <nd ref="1096"/>
    <nd ref="1097"/>
    <nd ref="1098"/>
    <nd ref="1099"/>
    <nd ref="1100"/>
    <nd ref="1101"/>
    <nd ref="1102"/>
    <nd ref="1103"/>
    <nd ref="1104"/>
    <nd ref="1105"/>
    <nd ref="1106"/>
    <nd ref="1107"/>
    <nd ref="1108"/>
    <nd ref="1109"/>
    <nd ref="1110"/>
    <nd ref="1111"/>
    <nd ref="1112"/>
    <nd ref="1113"/>
    <nd ref="1114"/>
    <nd ref="1115"/>
    <nd ref="1116"/>
    <nd ref="1117"/>
    <nd ref="1118"/>
    <nd ref="1119"/>
    <nd ref="1120"/>
    <nd ref="1121"/>
    <nd ref="1122"/>
    <nd ref="1123"/>
    <tag k="type" v="line_thin"/>
    <tag k="subtype" v="solid"/>
  </way>
  <way id="51">
    <nd ref="1124"/>
    <nd ref="1125"/>
    <nd ref="1126"/>
    <nd ref="1127"/>
    <nd ref="1128"/>
    <nd ref="1129"/>
    <nd ref="1130"/>
    <nd ref="1131"/>
    <nd ref="1132"/>
    <nd ref="1133"/>
    <nd ref="1134"/>
    <nd ref="1135"/>
    <nd ref="1136"/>
    <nd ref="1137"/>
    <nd ref="1138"/>
    <nd ref="1139"/>
    <nd ref="1140"/>
    <nd ref="1141"/>
    <nd ref="1142"/>
    <nd ref="1143"/>
    <nd ref="1144"/>
    <nd ref="1145"/>
    <nd ref="1146"/>
    <nd ref="1147"/>
    <nd ref="1148"/>
    <nd ref="1149"/>
    <nd ref="1150"/>
    <nd ref="1151"/>
    <nd ref="1152"/>
    <nd ref="1153"/>
    <nd ref="1154"/>
    <nd ref="1155"/>
    <nd ref="1156"/>
    <nd ref="1157"/>
    <nd ref="1158"/>
    <nd ref="1159"/>
    <nd ref="1160"/>
    <nd ref="1161"/>
    <nd ref="1162"/>
    <nd ref="1163"/>
    <nd ref="1164"/>
    <nd ref="1165"/>
    <nd ref="1166"/>
    <nd ref="1167"/>
    <nd ref="1168"/>
    <nd ref="1169"/>
    <nd ref="1170"/>
    <nd ref="1171"/>
    <nd ref="1172"/>
    <nd ref="1173"/>
    <nd ref="1174"/>
    <nd ref="1175"/>
    <nd ref="1176"/>
    <nd ref="1177"/>
    <nd ref="1178"/>
    <nd ref="1179"/>
    <nd ref="1180"/>
    <nd ref="1181"/>
    <nd ref="1182"/>
    <nd ref="1183"/>
    <nd ref="1184"/>
    <nd ref="1185"/>
    <nd ref="1186"/>
    <nd ref="1187"/>
    <nd ref="1188"/>
    <nd ref="1189"/>
    <nd ref="1190"/>
    <nd ref="1191"/>
    <nd ref="1192"/>
    <nd ref="1193"/>
    <nd ref="1194"/>
    <nd ref="1195"/>
    <nd ref="1196"/>
    <nd ref="1197"/>
    <nd ref="1198"/>
    <nd ref="1199"/>
    <nd ref="1200"/>
    <nd ref="1201"/>
    <nd ref="1202"/>
    <nd ref="1203"/>
    <nd ref="1204"/>
    <nd ref="1205"/>
    <nd ref="1206"/>
    <nd ref="1207"/>
    <nd ref="1208"/>
    <nd ref="1209"/>
    <nd ref="1210"/>
    <nd ref="1211"/>
    <nd ref="1212"/>
    <nd ref="1213"/>
    <nd ref="1214"/>
    <nd ref="1215"/>
    <nd ref="1216"/>
    <nd ref="1217"/>
    <nd ref="1218"/>
    <nd ref="1219"/>
    <nd ref="1220"/>
    <nd ref="1221"/>
    <nd ref="1222"/>
    <nd ref="1223"/>
  </way>
  <way id="52">
    <nd ref="1224"/>
    <nd ref="1225"/>
    <nd ref="1226"/>
    <nd ref="1227"/>
    <nd ref="1228"/>
    <nd ref="1229"/>
    <nd ref="1230"/>
    <nd ref="1231"/>
    <nd ref="1232"/>
    <tag k="type" v="line_thin"/>
    <tag k="subtype" v="solid"/>
  </way>
  <way id="53">
    <nd ref="20"/>
    <nd ref="1233"/>
    <nd ref="1234"/>
    <nd ref="1235"/>
    <nd ref="1236"/>
    <nd ref="1237"/>
    <nd ref="1238"/>
    <nd ref="1239"/>
    <nd ref="1240"/>
    <nd ref="1241"/>
    <nd ref="1242"/>
    <nd ref="1243"/>
    <nd ref="1244"/>
    <nd ref="1245"/>
    <tag k="type" v="line_thin"/>
    <tag k="subtype" v="solid"/>
  </way>
  <way id="54">
    <nd ref="1246"/>
    <nd ref="1247"/>
    <nd ref="1248"/>
    <nd ref="1249"/>
    <nd ref="1250"/>
    <nd ref="1251"/>
    <nd ref="1252"/>
    <nd ref="1253"/>
    <nd ref="1254"/>
  </way>
  <way id="55">
    <nd ref="1255"/>
    <nd ref="1256"/>
    <nd ref="1257"/>
    <nd ref="1258"/>
    <nd ref="1259"/>
    <nd ref="1260"/>
    <tag k="type" v="line_thin"/>
    <tag k="subtype" v="solid"/>
  </way>
  <way id="56">
    <nd ref="1261"/>
    <nd ref="1262"/>
    <nd ref="1263"/>
    <nd ref="1264"/>
    <nd ref="1265"/>
    <nd ref="1266"/>
    <tag k="type" v="line_thin"/>
    <tag k="subtype" v="solid"/>
  </way>
  <way id="57">
    <nd ref="1267"/>
    <nd ref="1268"/>
    <nd ref="1269"/>
    <nd ref="1270"/>
    <nd ref="1271"/>
    <nd ref="1272"/>
  </way>
  <way id="58">
    <nd ref="437"/>
    <nd ref="1273"/>
    <nd ref="1274"/>
    <nd ref="1275"/>
    <tag k="type" v="line_thin"/>
    <tag k="subtype" v="solid"/>
  </way>
  <way id="59">
    <nd ref="446"/>
    <nd ref="1276"/>
    <nd ref="1277"/>
    <nd ref="1278"/>
    <nd ref="1279"/>
    <tag k="type" v="line_thin"/>
    <tag k="subtype" v="solid"/>
  </way>
  <way id="60">
    <nd ref="463"/>
    <nd ref="1280"/>
    <nd ref="1281"/>
    <nd ref="1282"/>
    <nd ref="1283"/>
    <nd ref="1284"/>
    <nd ref="1285"/>
    <nd ref="1286"/>
    <nd ref="1287"/>
    <nd ref="1288"/>
    <nd ref="1289"/>
    <nd ref="1290"/>
    <nd ref="1291"/>
    <nd ref="1292"/>
    <nd ref="1293"/>
    <nd ref="1294"/>
    <nd ref="1295"/>
    <nd ref="1296"/>
    <nd ref="1297"/>
    <nd ref="1298"/>
    <nd ref="1299"/>
  </way>
  <way id="61">
    <nd ref="1300"/>
    <nd ref="1301"/>
    <nd ref="1302"/>
    <nd ref="1303"/>
    <nd ref="1304"/>
    <nd ref="1305"/>
    <nd ref="1306"/>
    <nd ref="1307"/>
    <nd ref="1308"/>
    <nd ref="1309"/>
    <nd ref="1310"/>
    <nd ref="1311"/>
    <nd ref="1312"/>
    <nd ref="1313"/>
    <nd ref="1314"/>
    <nd ref="1315"/>
    <nd ref="1316"/>
    <nd ref="1317"/>
    <nd ref="1318"/>
    <nd ref="1319"/>
    <nd ref="1320"/>
    <nd ref="1321"/>
    <nd ref="1322"/>
    <nd ref="1323"/>
    <nd ref="1324"/>
    <nd ref="1325"/>
    <nd ref="1326"/>
    <nd ref="1327"/>
    <nd ref="1328"/>
    <nd ref="1329"/>
    <nd ref="1330"/>
    <nd ref="1331"/>
    <nd ref="1332"/>
    <nd ref="1333"/>
    <nd ref="1334"/>
    <nd ref="1335"/>
    <nd ref="1336"/>
    <nd ref="1337"/>
    <tag k="type" v="line_thin"/>
    <tag k="subtype" v="solid"/>
  </way>
  <way id="62">
    <nd ref="1338"/>
    <nd ref="1339"/>
    <nd ref="1340"/>
    <nd ref="1341"/>
    <nd ref="1342"/>
    <nd ref="1343"/>
    <nd ref="1344"/>
    <nd ref="1345"/>
    <nd ref="1346"/>
    <nd ref="1347"/>
    <nd ref="1348"/>
    <nd ref="1349"/>
    <nd ref="1350"/>
    <nd ref="1351"/>
    <nd ref="1352"/>
    <nd ref="1353"/>
    <nd ref="1354"/>
    <nd ref="1355"/>
    <nd ref="1356"/>
    <nd ref="1357"/>
    <nd ref="1358"/>
    <nd ref="1359"/>
    <nd ref="1360"/>
    <nd ref="1361"/>
    <nd ref="1362"/>
    <nd ref="1363"/>
    <nd ref="1364"/>
    <nd ref="1365"/>
    <nd ref="1366"/>
    <nd ref="1367"/>
    <nd ref="1368"/>
    <nd ref="1369"/>
    <nd ref="1370"/>
    <nd ref="1371"/>
    <nd ref="1372"/>
    <nd ref="1373"/>
    <nd ref="1374"/>
    <nd ref="1375"/>
    <tag k="type" v="line_thin"/>
    <tag k="subtype" v="solid"/>
  </way>
  <way id="63">
    <nd ref="610"/>
    <nd ref="1376"/>
    <nd ref="1377"/>
    <nd ref="1378"/>
    <nd ref="1379"/>
    <nd ref="1380"/>
    <nd ref="1381"/>
    <nd ref="1382"/>
    <nd ref="1383"/>
    <nd ref="1384"/>
    <nd ref="1385"/>
    <nd ref="1386"/>
    <nd ref="1387"/>
    <nd ref="1388"/>
    <nd ref="1389"/>
    <nd ref="1390"/>
    <nd ref="1391"/>
    <nd ref="1392"/>
    <nd ref="1393"/>
    <nd ref="1394"/>
    <nd ref="1395"/>
    <nd ref="1396"/>
    <nd ref="1397"/>
    <nd ref="1398"/>
    <nd ref="1399"/>
    <nd ref="1400"/>
    <nd ref="1401"/>
    <nd ref="1402"/>
    <nd ref="1403"/>
    <nd ref="1404"/>
    <nd ref="1405"/>
    <nd ref="1406"/>
    <nd ref="1407"/>
    <nd ref="1408"/>
    <nd ref="1409"/>
    <nd ref="1410"/>
    <nd ref="1411"/>
    <nd ref="1412"/>
    <nd ref="1413"/>
    <nd ref="632"/>
  </way>
  <way id="64">
    <nd ref="566"/>
    <nd ref="1414"/>
    <nd ref="1415"/>
    <nd ref="1416"/>
    <nd ref="1417"/>
    <nd ref="1418"/>
    <nd ref="1419"/>
    <nd ref="1420"/>
    <nd ref="1421"/>
    <nd ref="1422"/>
    <nd ref="1423"/>
    <nd ref="1424"/>
    <nd ref="1425"/>
    <nd ref="1426"/>
    <nd ref="1427"/>
    <nd ref="1428"/>
    <nd ref="1429"/>
    <nd ref="1430"/>
    <nd ref="1431"/>
    <nd ref="1432"/>
    <nd ref="1433"/>
    <nd ref="1434"/>
    <nd ref="1435"/>
    <nd ref="1436"/>
    <nd ref="1437"/>
    <nd ref="1438"/>
    <nd ref="597"/>
    <tag k="type" v="line_thin"/>
    <tag k="subtype" v="solid"/>
  </way>
  <way id="65">
    <nd ref="574"/>
    <nd ref="1439"/>
    <nd ref="1440"/>
    <nd ref="1441"/>
    <nd ref="1442"/>
    <nd ref="1443"/>
    <nd ref="1444"/>
    <nd ref="1445"/>
    <nd ref="1446"/>
    <nd ref="1447"/>
    <nd ref="1448"/>
    <nd ref="1449"/>
    <nd ref="1450"/>
    <nd ref="1451"/>
    <nd ref="1452"/>
    <nd ref="1453"/>
    <nd ref="1454"/>
    <nd ref="1455"/>
    <nd ref="1456"/>
    <nd ref="1457"/>
    <nd ref="1458"/>
    <nd ref="1459"/>
    <tag k="type" v="line_thin"/>
    <tag k="subtype" v="solid"/>
  </way>
  <way id="66">
    <nd ref="596"/>
    <nd ref="1460"/>
    <nd ref="1461"/>
    <nd ref="1462"/>
    <nd ref="1463"/>
    <nd ref="1464"/>
    <nd ref="1465"/>
    <nd ref="1466"/>
    <nd ref="1467"/>
    <nd ref="1468"/>
    <nd ref="1469"/>
    <nd ref="1470"/>
    <nd ref="1471"/>
    <nd ref="1472"/>
    <nd ref="1473"/>
    <nd ref="1474"/>
    <nd ref="1475"/>
    <nd ref="1476"/>
    <nd ref="1477"/>
    <nd ref="1478"/>
    <nd ref="602"/>
  </way>
  <way id="67">
    <nd ref="20"/>
    <nd ref="43"/>
    <nd ref="9"/>
    <nd ref="1479"/>
    <nd ref="1480"/>
    <tag k="type" v="stop_line"/>
    <tag k="ref_lanlet_id" v="12"/>
    <tag k="stopline_type" v="nonstop"/>
  </way>
  <way id="68">
    <nd ref="666"/>
    <nd ref="671"/>
    <nd ref="992"/>
    <tag k="type" v="stop_line"/>
    <tag k="ref_lanlet_id" v="16"/>
    <tag k="stopline_type" v="traffic_straight"/>
  </way>
  <way id="69">
    <nd ref="516"/>
    <nd ref="557"/>
    <nd ref="544"/>
    <tag k="type" v="stop_line"/>
  </way>
  <way id="70">
    <nd ref="812"/>
    <nd ref="710"/>
    <nd ref="1481"/>
    <tag k="type" v="stop_line"/>
    <tag k="ref_lanlet_id" v="1"/>
    <tag k="stopline_type" v="nonstop"/>
  </way>
  <way id="71">
    <nd ref="1482"/>
    <nd ref="1483"/>
    <nd ref="394"/>
    <nd ref="428"/>
    <nd ref="385"/>
    <tag k="type" v="stop_line"/>
    <tag k="ref_lanlet_id" v="3"/>
    <tag k="stopline_type" v="traffic_straight"/>
  </way>
  <way id="72">
    <nd ref="437"/>
    <nd ref="463"/>
    <nd ref="446"/>
    <nd ref="1484"/>
    <nd ref="1485"/>
    <tag k="type" v="stop_line"/>
    <tag k="ref_lanlet_id" v="5"/>
    <tag k="stopline_type" v="traffic_straight"/>
  </way>
  <way id="73">
    <nd ref="1486"/>
    <nd ref="1487"/>
    <nd ref="1488"/>
    <nd ref="1489"/>
    <nd ref="1490"/>
    <nd ref="1491"/>
    <nd ref="1337"/>
    <nd ref="632"/>
    <nd ref="1492"/>
    <nd ref="1493"/>
    <tag k="type" v="stop_line"/>
    <tag k="ref_lanlet_id" v="10"/>
    <tag k="stopline_type" v="traffic_right"/>
  </way>
  <way id="74">
    <nd ref="1494"/>
    <nd ref="1495"/>
    <nd ref="1496"/>
    <nd ref="1497"/>
    <nd ref="597"/>
    <nd ref="602"/>
    <nd ref="1459"/>
    <tag k="type" v="stop_line"/>
    <tag k="ref_lanlet_id" v="8"/>
    <tag k="stopline_type" v="traffic_straight"/>
  </way>
  <way id="75">
    <nd ref="480"/>
    <nd ref="514"/>
    <nd ref="497"/>
    <tag k="type" v="stop_line"/>
    <tag k="ref_lanlet_id" v="18"/>
    <tag k="stopline_type" v="nonstop"/>
  </way>
  <way id="76">
    <nd ref="1498"/>
    <nd ref="1499"/>
    <nd ref="1500"/>
    <nd ref="1392"/>
    <nd ref="1501"/>
    <nd ref="1502"/>
    <tag k="type" v="stop_line"/>
    <tag k="ref_lanlet_id" v="10"/>
    <tag k="stopline_type" v="nonstop"/>
  </way>
  <way id="77">
    <nd ref="1503"/>
    <nd ref="1504"/>
    <tag k="type" v="line_thin"/>
    <tag k="subtype" v="solid"/>
  </way>
  <way id="78">
    <nd ref="1505"/>
    <nd ref="1506"/>
    <tag k="type" v="line_thin"/>
    <tag k="subtype" v="solid"/>
  </way>
  <way id="79">
    <nd ref="1507"/>
    <nd ref="1508"/>
    <tag k="type" v="line_thin"/>
    <tag k="subtype" v="solid"/>
  </way>
  <way id="80">
    <nd ref="1509"/>
    <nd ref="1510"/>
    <tag k="type" v="line_thin"/>
    <tag k="subtype" v="solid"/>
  </way>
  <way id="81">
    <nd ref="1511"/>
    <nd ref="1512"/>
    <tag k="type" v="line_thin"/>
    <tag k="subtype" v="solid"/>
  </way>
  <way id="82">
    <nd ref="1513"/>
    <nd ref="1514"/>
    <tag k="type" v="line_thin"/>
    <tag k="subtype" v="solid"/>
  </way>
  <way id="83">
    <nd ref="1515"/>
    <nd ref="1516"/>
    <tag k="type" v="line_thin"/>
    <tag k="subtype" v="solid"/>
  </way>
  <way id="84">
    <nd ref="1517"/>
    <nd ref="1518"/>
    <tag k="type" v="line_thin"/>
    <tag k="subtype" v="solid"/>
  </way>
  <way id="85">
    <nd ref="1519"/>
    <nd ref="1520"/>
    <tag k="type" v="line_thin"/>
    <tag k="subtype" v="solid"/>
  </way>
  <way id="86">
    <nd ref="1521"/>
    <nd ref="1522"/>
    <tag k="type" v="line_thin"/>
    <tag k="subtype" v="solid"/>
  </way>
  <way id="87">
    <nd ref="1523"/>
    <nd ref="1524"/>
    <tag k="type" v="line_thin"/>
    <tag k="subtype" v="solid"/>
  </way>
  <way id="88">
    <nd ref="1525"/>
    <nd ref="1526"/>
    <tag k="type" v="line_thin"/>
    <tag k="subtype" v="solid"/>
  </way>
  <way id="89">
    <nd ref="1527"/>
    <nd ref="1528"/>
    <tag k="type" v="line_thin"/>
    <tag k="subtype" v="solid"/>
  </way>
  <way id="90">
    <nd ref="1529"/>
    <nd ref="1530"/>
    <tag k="type" v="line_thin"/>
    <tag k="subtype" v="solid"/>
  </way>
  <way id="91">
    <nd ref="1531"/>
    <nd ref="1532"/>
    <tag k="type" v="line_thin"/>
    <tag k="subtype" v="solid"/>
  </way>
  <way id="92">
    <nd ref="1533"/>
    <nd ref="1534"/>
    <tag k="type" v="line_thin"/>
    <tag k="subtype" v="solid"/>
  </way>
  <way id="93">
    <nd ref="1535"/>
    <nd ref="1536"/>
    <tag k="type" v="line_thin"/>
    <tag k="subtype" v="solid"/>
  </way>
  <way id="94">
    <nd ref="1537"/>
    <nd ref="1538"/>
    <tag k="type" v="line_thin"/>
    <tag k="subtype" v="solid"/>
  </way>
  <way id="95">
    <nd ref="1539"/>
    <nd ref="1540"/>
    <tag k="type" v="line_thin"/>
    <tag k="subtype" v="solid"/>
  </way>
  <way id="96">
    <nd ref="1541"/>
    <nd ref="1542"/>
    <tag k="type" v="line_thin"/>
    <tag k="subtype" v="solid"/>
  </way>
  <way id="97">
    <nd ref="1543"/>
    <nd ref="1544"/>
    <tag k="type" v="line_thin"/>
    <tag k="subtype" v="solid"/>
  </way>
  <way id="98">
    <nd ref="1545"/>
    <nd ref="1546"/>
    <tag k="type" v="line_thin"/>
    <tag k="subtype" v="solid"/>
  </way>
  <way id="99">
    <nd ref="1547"/>
    <nd ref="1548"/>
    <tag k="type" v="line_thin"/>
    <tag k="subtype" v="solid"/>
  </way>
  <way id="100">
    <nd ref="1549"/>
    <nd ref="1550"/>
    <tag k="type" v="line_thin"/>
    <tag k="subtype" v="solid"/>
  </way>
  <way id="101">
    <nd ref="1551"/>
    <nd ref="1552"/>
    <tag k="type" v="line_thin"/>
    <tag k="subtype" v="solid"/>
  </way>
  <way id="102">
    <nd ref="1553"/>
    <nd ref="1554"/>
    <tag k="type" v="line_thin"/>
    <tag k="subtype" v="solid"/>
  </way>
  <way id="103">
    <nd ref="1555"/>
    <nd ref="1556"/>
    <tag k="type" v="line_thin"/>
    <tag k="subtype" v="solid"/>
  </way>
  <way id="104">
    <nd ref="1557"/>
    <nd ref="1558"/>
    <tag k="type" v="line_thin"/>
    <tag k="subtype" v="solid"/>
  </way>
  <way id="105">
    <nd ref="1559"/>
    <nd ref="1560"/>
    <tag k="type" v="line_thin"/>
    <tag k="subtype" v="solid"/>
  </way>
  <way id="106">
    <nd ref="1561"/>
    <nd ref="1562"/>
    <tag k="type" v="line_thin"/>
    <tag k="subtype" v="solid"/>
  </way>
  <way id="107">
    <nd ref="1563"/>
    <nd ref="1564"/>
    <tag k="type" v="line_thin"/>
    <tag k="subtype" v="solid"/>
  </way>
  <way id="108">
    <nd ref="1565"/>
    <nd ref="1566"/>
    <tag k="type" v="line_thin"/>
    <tag k="subtype" v="solid"/>
  </way>
  <way id="109">
    <nd ref="1567"/>
    <nd ref="1568"/>
    <tag k="type" v="line_thin"/>
    <tag k="subtype" v="solid"/>
  </way>
  <way id="110">
    <nd ref="1569"/>
    <nd ref="1570"/>
    <tag k="type" v="line_thin"/>
    <tag k="subtype" v="solid"/>
  </way>
  <way id="111">
    <nd ref="1571"/>
    <nd ref="1572"/>
    <tag k="type" v="line_thin"/>
    <tag k="subtype" v="solid"/>
  </way>
  <way id="112">
    <nd ref="1573"/>
    <nd ref="1574"/>
    <tag k="type" v="line_thin"/>
    <tag k="subtype" v="solid"/>
  </way>
  <way id="113">
    <nd ref="1575"/>
    <nd ref="1576"/>
    <tag k="type" v="line_thin"/>
    <tag k="subtype" v="solid"/>
  </way>
  <way id="114">
    <nd ref="1577"/>
    <nd ref="1578"/>
    <tag k="type" v="line_thin"/>
    <tag k="subtype" v="solid"/>
  </way>
  <way id="115">
    <nd ref="1579"/>
    <nd ref="1580"/>
    <tag k="type" v="line_thin"/>
    <tag k="subtype" v="solid"/>
  </way>
  <way id="116">
    <nd ref="1581"/>
    <nd ref="1582"/>
    <tag k="type" v="line_thin"/>
    <tag k="subtype" v="solid"/>
  </way>
  <way id="117">
    <nd ref="1583"/>
    <nd ref="1584"/>
    <tag k="type" v="line_thin"/>
    <tag k="subtype" v="solid"/>
  </way>
  <way id="118">
    <nd ref="1585"/>
    <nd ref="1586"/>
    <tag k="type" v="line_thin"/>
    <tag k="subtype" v="solid"/>
  </way>
  <way id="119">
    <nd ref="1587"/>
    <nd ref="1588"/>
    <tag k="type" v="line_thin"/>
    <tag k="subtype" v="solid"/>
  </way>
  <way id="120">
    <nd ref="1589"/>
    <nd ref="1590"/>
    <tag k="type" v="line_thin"/>
    <tag k="subtype" v="solid"/>
  </way>
  <relation id="12">
    <member type="way" ref="1" role="left"/>
    <member type="way" ref="2" role="right"/>
    <member type="way" ref="3" role="centerline"/>
    <tag k="type" v="lanelet"/>
    <tag k="subtype" v="road"/>
    <tag k="id" v="12"/>
  </relation>
  <relation id="22">
    <member type="way" ref="4" role="left"/>
    <member type="way" ref="5" role="right"/>
    <member type="way" ref="6" role="centerline"/>
    <tag k="type" v="lanelet"/>
    <tag k="subtype" v="road"/>
    <tag k="id" v="22"/>
  </relation>
  <relation id="3">
    <member type="way" ref="7" role="left"/>
    <member type="way" ref="8" role="right"/>
    <member type="way" ref="9" role="centerline"/>
    <tag k="type" v="lanelet"/>
    <tag k="subtype" v="road"/>
    <tag k="id" v="3"/>
  </relation>
  <relation id="5">
    <member type="way" ref="10" role="left"/>
    <member type="way" ref="11" role="right"/>
    <member type="way" ref="12" role="centerline"/>
    <tag k="type" v="lanelet"/>
    <tag k="subtype" v="road"/>
    <tag k="id" v="5"/>
  </relation>
  <relation id="18">
    <member type="way" ref="13" role="left"/>
    <member type="way" ref="14" role="right"/>
    <member type="way" ref="15" role="centerline"/>
    <tag k="type" v="lanelet"/>
    <tag k="subtype" v="road"/>
    <tag k="id" v="18"/>
  </relation>
  <relation id="20">
    <member type="way" ref="16" role="left"/>
    <member type="way" ref="17" role="right"/>
    <member type="way" ref="18" role="centerline"/>
    <tag k="type" v="lanelet"/>
    <tag k="subtype" v="road"/>
    <tag k="id" v="20"/>
  </relation>
  <relation id="7">
    <member type="way" ref="19" role="left"/>
    <member type="way" ref="20" role="right"/>
    <member type="way" ref="21" role="centerline"/>
    <tag k="type" v="lanelet"/>
    <tag k="subtype" v="road"/>
    <tag k="id" v="7"/>
  </relation>
  <relation id="9">
    <member type="way" ref="22" role="left"/>
    <member type="way" ref="23" role="right"/>
    <member type="way" ref="24" role="centerline"/>
    <tag k="type" v="lanelet"/>
    <tag k="subtype" v="road"/>
    <tag k="id" v="9"/>
  </relation>
  <relation id="11">
    <member type="way" ref="25" role="left"/>
    <member type="way" ref="26" role="right"/>
    <member type="way" ref="27" role="centerline"/>
    <tag k="type" v="lanelet"/>
    <tag k="subtype" v="road"/>
    <tag k="id" v="11"/>
  </relation>
  <relation id="4">
    <member type="way" ref="28" role="left"/>
    <member type="way" ref="29" role="right"/>
    <member type="way" ref="30" role="centerline"/>
    <tag k="type" v="lanelet"/>
    <tag k="subtype" v="road"/>
    <tag k="id" v="4"/>
  </relation>
  <relation id="17">
    <member type="way" ref="31" role="left"/>
    <member type="way" ref="32" role="right"/>
    <member type="way" ref="33" role="centerline"/>
    <tag k="type" v="lanelet"/>
    <tag k="subtype" v="road"/>
    <tag k="id" v="17"/>
  </relation>
  <relation id="19">
    <member type="way" ref="34" role="left"/>
    <member type="way" ref="35" role="right"/>
    <member type="way" ref="36" role="centerline"/>
    <tag k="type" v="lanelet"/>
    <tag k="subtype" v="road"/>
    <tag k="id" v="19"/>
  </relation>
  <relation id="2">
    <member type="way" ref="37" role="left"/>
    <member type="way" ref="38" role="right"/>
    <member type="way" ref="39" role="centerline"/>
    <tag k="type" v="lanelet"/>
    <tag k="subtype" v="road"/>
    <tag k="id" v="2"/>
  </relation>
  <relation id="21">
    <member type="way" ref="40" role="left"/>
    <member type="way" ref="41" role="right"/>
    <member type="way" ref="42" role="centerline"/>
    <tag k="type" v="lanelet"/>
    <tag k="subtype" v="road"/>
    <tag k="id" v="21"/>
  </relation>
  <relation id="1">
    <member type="way" ref="43" role="left"/>
    <member type="way" ref="44" role="right"/>
    <member type="way" ref="45" role="centerline"/>
    <tag k="type" v="lanelet"/>
    <tag k="subtype" v="road"/>
    <tag k="id" v="1"/>
  </relation>
  <relation id="16">
    <member type="way" ref="46" role="left"/>
    <member type="way" ref="47" role="right"/>
    <member type="way" ref="48" role="centerline"/>
    <tag k="type" v="lanelet"/>
    <tag k="subtype" v="road"/>
    <tag k="id" v="16"/>
  </relation>
  <relation id="14">
    <member type="way" ref="49" role="left"/>
    <member type="way" ref="50" role="right"/>
    <member type="way" ref="51" role="centerline"/>
    <tag k="type" v="lanelet"/>
    <tag k="subtype" v="road"/>
    <tag k="id" v="14"/>
  </relation>
  <relation id="13">
    <member type="way" ref="52" role="left"/>
    <member type="way" ref="53" role="right"/>
    <member type="way" ref="54" role="centerline"/>
    <tag k="type" v="lanelet"/>
    <tag k="subtype" v="road"/>
    <tag k="id" v="13"/>
  </relation>
  <relation id="15">
    <member type="way" ref="55" role="left"/>
    <member type="way" ref="56" role="right"/>
    <member type="way" ref="57" role="centerline"/>
    <tag k="type" v="lanelet"/>
    <tag k="subtype" v="road"/>
    <tag k="id" v="15"/>
  </relation>
  <relation id="6">
    <member type="way" ref="58" role="left"/>
    <member type="way" ref="59" role="right"/>
    <member type="way" ref="60" role="centerline"/>
    <tag k="type" v="lanelet"/>
    <tag k="subtype" v="road"/>
    <tag k="id" v="6"/>
  </relation>
  <relation id="10">
    <member type="way" ref="61" role="left"/>
    <member type="way" ref="62" role="right"/>
    <member type="way" ref="63" role="centerline"/>
    <tag k="type" v="lanelet"/>
    <tag k="subtype" v="road"/>
    <tag k="id" v="10"/>
  </relation>
  <relation id="8">
    <member type="way" ref="64" role="left"/>
    <member type="way" ref="65" role="right"/>
    <member type="way" ref="66" role="centerline"/>
    <tag k="type" v="lanelet"/>
    <tag k="subtype" v="road"/>
    <tag k="id" v="8"/>
  </relation>
  <relation id="100001">
    <member type="way" ref="77" role="left"/>
    <member type="way" ref="78" role="right"/>
    <tag k="type" v="lanelet"/>
    <tag k="subtype" v="crosswalk"/>
    <tag k="participant:pedestrian" v="yes"/>
  </relation>
  <relation id="100002">
    <member type="way" ref="79" role="left"/>
    <member type="way" ref="80" role="right"/>
    <tag k="type" v="lanelet"/>
    <tag k="subtype" v="crosswalk"/>
    <tag k="participant:pedestrian" v="yes"/>
  </relation>
  <relation id="100003">
    <member type="way" ref="81" role="left"/>
    <member type="way" ref="82" role="right"/>
    <tag k="type" v="lanelet"/>
    <tag k="subtype" v="crosswalk"/>
    <tag k="participant:pedestrian" v="yes"/>
  </relation>
  <relation id="100004">
    <member type="way" ref="83" role="left"/>
    <member type="way" ref="84" role="right"/>
    <tag k="type" v="lanelet"/>
    <tag k="subtype" v="crosswalk"/>
    <tag k="participant:pedestrian" v="yes"/>
  </relation>
  <relation id="100005">
    <member type="way" ref="85" role="left"/>
    <member type="way" ref="86" role="right"/>
    <tag k="type" v="lanelet"/>
    <tag k="subtype" v="crosswalk"/>
    <tag k="participant:pedestrian" v="yes"/>
  </relation>
  <relation id="100006">
    <member type="way" ref="87" role="left"/>
    <member type="way" ref="88" role="right"/>
    <tag k="type" v="lanelet"/>
    <tag k="subtype" v="crosswalk"/>
    <tag k="participant:pedestrian" v="yes"/>
  </relation>
  <relation id="100007">
    <member type="way" ref="89" role="left"/>
    <member type="way" ref="90" role="right"/>
    <tag k="type" v="lanelet"/>
    <tag k="subtype" v="crosswalk"/>
    <tag k="participant:pedestrian" v="yes"/>
  </relation>
  <relation id="100008">
    <member type="way" ref="91" role="left"/>
    <member type="way" ref="92" role="right"/>
    <tag k="type" v="lanelet"/>
    <tag k="subtype" v="crosswalk"/>
    <tag k="participant:pedestrian" v="yes"/>
  </relation>
  <relation id="100009">
    <member type="way" ref="93" role="left"/>
    <member type="way" ref="94" role="right"/>
    <tag k="type" v="lanelet"/>
    <tag k="subtype" v="crosswalk"/>
    <tag k="participant:pedestrian" v="yes"/>
  </relation>
  <relation id="100010">
    <member type="way" ref="95" role="left"/>
    <member type="way" ref="96" role="right"/>
    <tag k="type" v="lanelet"/>
    <tag k="subtype" v="crosswalk"/>
    <tag k="participant:pedestrian" v="yes"/>
  </relation>
  <relation id="100011">
    <member type="way" ref="97" role="left"/>
    <member type="way" ref="98" role="right"/>
    <tag k="type" v="lanelet"/>
    <tag k="subtype" v="crosswalk"/>
    <tag k="participant:pedestrian" v="yes"/>
  </relation>
  <relation id="100012">
    <member type="way" ref="99" role="left"/>
    <member type="way" ref="100" role="right"/>
    <tag k="type" v="lanelet"/>
    <tag k="subtype" v="crosswalk"/>
    <tag k="participant:pedestrian" v="yes"/>
  </relation>
  <relation id="100013">
    <member type="way" ref="101" role="left"/>
    <member type="way" ref="102" role="right"/>
    <tag k="type" v="lanelet"/>
    <tag k="subtype" v="crosswalk"/>
    <tag k="participant:pedestrian" v="yes"/>
  </relation>
  <relation id="100014">
    <member type="way" ref="103" role="left"/>
    <member type="way" ref="104" role="right"/>
    <tag k="type" v="lanelet"/>
    <tag k="subtype" v="crosswalk"/>
    <tag k="participant:pedestrian" v="yes"/>
  </relation>
  <relation id="100015">
    <member type="way" ref="105" role="left"/>
    <member type="way" ref="106" role="right"/>
    <tag k="type" v="lanelet"/>
    <tag k="subtype" v="crosswalk"/>
    <tag k="participant:pedestrian" v="yes"/>
  </relation>
  <relation id="100016">
    <member type="way" ref="107" role="left"/>
    <member type="way" ref="108" role="right"/>
    <tag k="type" v="lanelet"/>
    <tag k="subtype" v="crosswalk"/>
    <tag k="participant:pedestrian" v="yes"/>
  </relation>
  <relation id="100017">
    <member type="way" ref="109" role="left"/>
    <member type="way" ref="110" role="right"/>
    <tag k="type" v="lanelet"/>
    <tag k="subtype" v="crosswalk"/>
    <tag k="participant:pedestrian" v="yes"/>
  </relation>
  <relation id="100018">
    <member type="way" ref="111" role="left"/>
    <member type="way" ref="112" role="right"/>
    <tag k="type" v="lanelet"/>
    <tag k="subtype" v="crosswalk"/>
    <tag k="participant:pedestrian" v="yes"/>
  </relation>
  <relation id="100019">
    <member type="way" ref="113" role="left"/>
    <member type="way" ref="114" role="right"/>
    <tag k="type" v="lanelet"/>
    <tag k="subtype" v="crosswalk"/>
    <tag k="participant:pedestrian" v="yes"/>
  </relation>
  <relation id="100020">
    <member type="way" ref="115" role="left"/>
    <member type="way" ref="116" role="right"/>
    <tag k="type" v="lanelet"/>
    <tag k="subtype" v="crosswalk"/>
    <tag k="participant:pedestrian" v="yes"/>
  </relation>
  <relation id="100021">
    <member type="way" ref="117" role="left"/>
    <member type="way" ref="118" role="right"/>
    <tag k="type" v="lanelet"/>
    <tag k="subtype" v="crosswalk"/>
    <tag k="participant:pedestrian" v="yes"/>
  </relation>
  <relation id="100022">
    <member type="way" ref="119" role="left"/>
    <member type="way" ref="120" role="right"/>
    <tag k="type" v="lanelet"/>
    <tag k="subtype" v="crosswalk"/>
    <tag k="participant:pedestrian" v="yes"/>
  </relation>
</osm>
