<?xml version='1.0' encoding='UTF-8'?>
<osm version="0.6" generator="qgis_to_lanelet2">
  <node id="1" lat="37.2388375" lon="126.7728762"/>
  <node id="2" lat="37.238843" lon="126.7728795"/>
  <node id="3" lat="37.2388625" lon="126.7728924"/>
  <node id="4" lat="37.2388821" lon="126.7729052"/>
  <node id="5" lat="37.2389016" lon="126.7729181"/>
  <node id="6" lat="37.2389241" lon="126.7729328"/>
  <node id="7" lat="37.23894" lon="126.7729435"/>
  <node id="8" lat="37.2389528" lon="126.7729521"/>
  <node id="9" lat="37.2389657" lon="126.7729607"/>
  <node id="10" lat="37.2389844" lon="126.7729729"/>
  <node id="11" lat="37.2389913" lon="126.7729774"/>
  <node id="12" lat="37.2390038" lon="126.7729855"/>
  <node id="13" lat="37.2390102" lon="126.7729895"/>
  <node id="14" lat="37.2390187" lon="126.7729952"/>
  <node id="15" lat="37.2390269" lon="126.7730008"/>
  <node id="16" lat="37.2390355" lon="126.7730062"/>
  <node id="17" lat="37.2390497" lon="126.7730157"/>
  <node id="18" lat="37.2390664" lon="126.7730268"/>
  <node id="19" lat="37.2390809" lon="126.7730362"/>
  <node id="20" lat="37.2390894" lon="126.773042"/>
  <node id="21" lat="37.2390983" lon="126.7730477"/>
  <node id="22" lat="37.2391137" lon="126.7730577"/>
  <node id="23" lat="37.2391239" lon="126.7730643"/>
  <node id="24" lat="37.239131" lon="126.773069"/>
  <node id="25" lat="37.2391432" lon="126.7730769"/>
  <node id="26" lat="37.2391522" lon="126.7730829"/>
  <node id="27" lat="37.2391618" lon="126.773089"/>
  <node id="28" lat="37.2391656" lon="126.7730915"/>
  <node id="29" lat="37.2391772" lon="126.7730991"/>
  <node id="30" lat="37.2391874" lon="126.7731058"/>
  <node id="31" lat="37.2392007" lon="126.7731145"/>
  <node id="32" lat="37.239208" lon="126.7731193"/>
  <node id="33" lat="37.23922" lon="126.7731273"/>
  <node id="34" lat="37.23923" lon="126.7731339"/>
  <node id="35" lat="37.2392399" lon="126.7731403"/>
  <node id="36" lat="37.2392521" lon="126.7731484"/>
  <node id="37" lat="37.2392719" lon="126.7731613"/>
  <node id="38" lat="37.2392884" lon="126.773172"/>
  <node id="39" lat="37.2392987" lon="126.7731789"/>
  <node id="40" lat="37.239318" lon="126.7731916"/>
  <node id="41" lat="37.2393367" lon="126.7732037"/>
  <node id="42" lat="37.239346" lon="126.77321"/>
  <node id="43" lat="37.2393547" lon="126.7732154"/>
  <node id="44" lat="37.2393641" lon="126.7732218"/>
  <node id="45" lat="37.2393742" lon="126.7732286"/>
  <node id="46" lat="37.239383" lon="126.773234"/>
  <node id="47" lat="37.2393996" lon="126.7732452"/>
  <node id="48" lat="37.2394149" lon="126.773255"/>
  <node id="49" lat="37.2394232" lon="126.7732605"/>
  <node id="50" lat="37.2394309" lon="126.7732654"/>
  <node id="51" lat="37.239446" lon="126.7732755"/>
  <node id="52" lat="37.2394613" lon="126.7732855"/>
  <node id="53" lat="37.2394717" lon="126.7732921"/>
  <node id="54" lat="37.2394864" lon="126.773302"/>
  <node id="55" lat="37.2394922" lon="126.7733056"/>
  <node id="56" lat="37.2394974" lon="126.7733091"/>
  <node id="57" lat="37.2395069" lon="126.7733153"/>
  <node id="58" lat="37.2395205" lon="126.7733243"/>
  <node id="59" lat="37.2395259" lon="126.773328"/>
  <node id="60" lat="37.2395398" lon="126.7733368"/>
  <node id="61" lat="37.2395483" lon="126.7733426"/>
  <node id="62" lat="37.2395543" lon="126.7733466"/>
  <node id="63" lat="37.2395628" lon="126.7733521"/>
  <node id="64" lat="37.2395723" lon="126.7733584"/>
  <node id="65" lat="37.2395765" lon="126.7733612"/>
  <node id="66" lat="37.2395946" lon="126.7733734"/>
  <node id="67" lat="37.2396069" lon="126.7733815"/>
  <node id="68" lat="37.2396165" lon="126.7733879"/>
  <node id="69" lat="37.2396283" lon="126.7733957"/>
  <node id="70" lat="37.2396386" lon="126.7734028"/>
  <node id="71" lat="37.2388268" lon="126.7729202"/>
  <node id="72" lat="37.2389316" lon="126.7729892"/>
  <node id="73" lat="37.2389361" lon="126.7729921"/>
  <node id="74" lat="37.2389482" lon="126.7730003"/>
  <node id="75" lat="37.2389603" lon="126.7730084"/>
  <node id="76" lat="37.238984" lon="126.7730242"/>
  <node id="77" lat="37.2389879" lon="126.7730268"/>
  <node id="78" lat="37.2390119" lon="126.7730423"/>
  <node id="79" lat="37.2390267" lon="126.7730519"/>
  <node id="80" lat="37.2390387" lon="126.7730597"/>
  <node id="81" lat="37.2390507" lon="126.7730676"/>
  <node id="82" lat="37.2390627" lon="126.7730754"/>
  <node id="83" lat="37.2390746" lon="126.7730833"/>
  <node id="84" lat="37.2390866" lon="126.7730911"/>
  <node id="85" lat="37.2390986" lon="126.773099"/>
  <node id="86" lat="37.2391105" lon="126.7731068"/>
  <node id="87" lat="37.2391225" lon="126.7731147"/>
  <node id="88" lat="37.2391345" lon="126.7731225"/>
  <node id="89" lat="37.2391465" lon="126.7731303"/>
  <node id="90" lat="37.2391585" lon="126.7731382"/>
  <node id="91" lat="37.2391704" lon="126.773146"/>
  <node id="92" lat="37.2391824" lon="126.7731539"/>
  <node id="93" lat="37.2391944" lon="126.7731617"/>
  <node id="94" lat="37.2392064" lon="126.7731696"/>
  <node id="95" lat="37.2392183" lon="126.7731774"/>
  <node id="96" lat="37.2392303" lon="126.7731853"/>
  <node id="97" lat="37.2392423" lon="126.7731931"/>
  <node id="98" lat="37.2392543" lon="126.773201"/>
  <node id="99" lat="37.2392662" lon="126.7732088"/>
  <node id="100" lat="37.2392782" lon="126.7732167"/>
  <node id="101" lat="37.2392902" lon="126.7732245"/>
  <node id="102" lat="37.2393022" lon="126.7732324"/>
  <node id="103" lat="37.2393141" lon="126.7732402"/>
  <node id="104" lat="37.2393261" lon="126.7732481"/>
  <node id="105" lat="37.2393381" lon="126.7732559"/>
  <node id="106" lat="37.2393501" lon="126.7732638"/>
  <node id="107" lat="37.239362" lon="126.7732716"/>
  <node id="108" lat="37.239374" lon="126.7732795"/>
  <node id="109" lat="37.239386" lon="126.7732873"/>
  <node id="110" lat="37.239398" lon="126.7732952"/>
  <node id="111" lat="37.2394099" lon="126.773303"/>
  <node id="112" lat="37.2394219" lon="126.7733109"/>
  <node id="113" lat="37.2394339" lon="126.7733187"/>
  <node id="114" lat="37.2394459" lon="126.7733266"/>
  <node id="115" lat="37.2394578" lon="126.7733344"/>
  <node id="116" lat="37.2394698" lon="126.7733423"/>
  <node id="117" lat="37.2394818" lon="126.7733501"/>
  <node id="118" lat="37.2394938" lon="126.773358"/>
  <node id="119" lat="37.2395057" lon="126.7733658"/>
  <node id="120" lat="37.2395181" lon="126.7733739"/>
  <node id="121" lat="37.2395378" lon="126.7733866"/>
  <node id="122" lat="37.2395603" lon="126.7734009"/>
  <node id="123" lat="37.239576" lon="126.7734114"/>
  <node id="124" lat="37.239595" lon="126.7734243"/>
  <node id="125" lat="37.2396075" lon="126.7734336"/>
  <node id="126" lat="37.2396177" lon="126.773442"/>
  <node id="127" lat="37.2396214" lon="126.7734456"/>
  <node id="128" lat="37.2388322" lon="126.7728982"/>
  <node id="129" lat="37.2389917" lon="126.7730035"/>
  <node id="130" lat="37.2395671" lon="126.7733802"/>
  <node id="131" lat="37.2396041" lon="126.7734051"/>
  <node id="132" lat="37.23963" lon="126.7734242"/>
  <node id="133" lat="37.2425012" lon="126.774553"/>
  <node id="134" lat="37.2426465" lon="126.7745474"/>
  <node id="135" lat="37.2426888" lon="126.774555"/>
  <node id="136" lat="37.2427102" lon="126.7745675"/>
  <node id="137" lat="37.2427321" lon="126.7745878"/>
  <node id="138" lat="37.2427449" lon="126.7746155"/>
  <node id="139" lat="37.2427482" lon="126.7746589"/>
  <node id="140" lat="37.2424991" lon="126.7745946"/>
  <node id="141" lat="37.2426468" lon="126.7745913"/>
  <node id="142" lat="37.2426801" lon="126.7745999"/>
  <node id="143" lat="37.2426983" lon="126.7746164"/>
  <node id="144" lat="37.2427064" lon="126.7746391"/>
  <node id="145" lat="37.2427087" lon="126.7746657"/>
  <node id="146" lat="37.2425002" lon="126.7745738"/>
  <node id="147" lat="37.2426326" lon="126.7745697"/>
  <node id="148" lat="37.2426632" lon="126.7745724"/>
  <node id="149" lat="37.2426713" lon="126.7745741"/>
  <node id="150" lat="37.2426909" lon="126.7745826"/>
  <node id="151" lat="37.2426989" lon="126.7745873"/>
  <node id="152" lat="37.2427114" lon="126.7745986"/>
  <node id="153" lat="37.2427173" lon="126.7746069"/>
  <node id="154" lat="37.2427244" lon="126.774624"/>
  <node id="155" lat="37.2427261" lon="126.7746328"/>
  <node id="156" lat="37.2427284" lon="126.7746623"/>
  <node id="157" lat="37.2427488" lon="126.77469"/>
  <node id="158" lat="37.2427492" lon="126.7747109"/>
  <node id="159" lat="37.2427492" lon="126.7747115"/>
  <node id="160" lat="37.2427501" lon="126.7747453"/>
  <node id="161" lat="37.2427509" lon="126.7747791"/>
  <node id="162" lat="37.2427517" lon="126.7748129"/>
  <node id="163" lat="37.2427525" lon="126.7748467"/>
  <node id="164" lat="37.2427527" lon="126.7748537"/>
  <node id="165" lat="37.2427087" lon="126.7746663"/>
  <node id="166" lat="37.2427098" lon="126.7746805"/>
  <node id="167" lat="37.2427106" lon="126.7746941"/>
  <node id="168" lat="37.2427113" lon="126.7747117"/>
  <node id="169" lat="37.2427113" lon="126.774725"/>
  <node id="170" lat="37.2427116" lon="126.774749"/>
  <node id="171" lat="37.2427122" lon="126.7747718"/>
  <node id="172" lat="37.2427132" lon="126.7748056"/>
  <node id="173" lat="37.2427141" lon="126.7748394"/>
  <node id="174" lat="37.2427141" lon="126.7748495"/>
  <node id="175" lat="37.2427141" lon="126.7748548"/>
  <node id="176" lat="37.2427285" lon="126.7746626"/>
  <node id="177" lat="37.2427302" lon="126.7747085"/>
  <node id="178" lat="37.2427334" lon="126.7748543"/>
  <node id="179" lat="37.2427527" lon="126.7748539"/>
  <node id="180" lat="37.2427506" lon="126.7748783"/>
  <node id="181" lat="37.2427431" lon="126.7748996"/>
  <node id="182" lat="37.2427325" lon="126.7749195"/>
  <node id="183" lat="37.2427151" lon="126.7749449"/>
  <node id="184" lat="37.242697" lon="126.7749623"/>
  <node id="185" lat="37.2426836" lon="126.7749723"/>
  <node id="186" lat="37.2426693" lon="126.7749767"/>
  <node id="187" lat="37.2427136" lon="126.7748651"/>
  <node id="188" lat="37.2427119" lon="126.7748797"/>
  <node id="189" lat="37.242708" lon="126.7748916"/>
  <node id="190" lat="37.2427037" lon="126.7749009"/>
  <node id="191" lat="37.2426991" lon="126.7749081"/>
  <node id="192" lat="37.2426988" lon="126.7749085"/>
  <node id="193" lat="37.2426948" lon="126.7749139"/>
  <node id="194" lat="37.2426905" lon="126.7749192"/>
  <node id="195" lat="37.2426868" lon="126.7749226"/>
  <node id="196" lat="37.2426815" lon="126.7749267"/>
  <node id="197" lat="37.2426717" lon="126.7749326"/>
  <node id="198" lat="37.2426656" lon="126.7749347"/>
  <node id="199" lat="37.2427318" lon="126.7748743"/>
  <node id="200" lat="37.2427288" lon="126.7748858"/>
  <node id="201" lat="37.242723" lon="126.7749004"/>
  <node id="202" lat="37.2427166" lon="126.7749124"/>
  <node id="203" lat="37.2427047" lon="126.7749297"/>
  <node id="204" lat="37.2426902" lon="126.7749437"/>
  <node id="205" lat="37.2426789" lon="126.7749517"/>
  <node id="206" lat="37.2426674" lon="126.7749557"/>
  <node id="207" lat="37.2426691" lon="126.7749769"/>
  <node id="208" lat="37.2426524" lon="126.7749775"/>
  <node id="209" lat="37.2426389" lon="126.7749781"/>
  <node id="210" lat="37.2426254" lon="126.7749786"/>
  <node id="211" lat="37.2425983" lon="126.7749796"/>
  <node id="212" lat="37.2425713" lon="126.7749806"/>
  <node id="213" lat="37.2425443" lon="126.7749816"/>
  <node id="214" lat="37.2425308" lon="126.7749822"/>
  <node id="215" lat="37.2425173" lon="126.7749827"/>
  <node id="216" lat="37.2424903" lon="126.7749837"/>
  <node id="217" lat="37.2424632" lon="126.7749847"/>
  <node id="218" lat="37.2424362" lon="126.7749857"/>
  <node id="219" lat="37.2424092" lon="126.7749867"/>
  <node id="220" lat="37.2423822" lon="126.7749878"/>
  <node id="221" lat="37.2423552" lon="126.7749888"/>
  <node id="222" lat="37.2423383" lon="126.7749894"/>
  <node id="223" lat="37.2423248" lon="126.7749899"/>
  <node id="224" lat="37.2423113" lon="126.7749905"/>
  <node id="225" lat="37.2422978" lon="126.774991"/>
  <node id="226" lat="37.2422843" lon="126.7749915"/>
  <node id="227" lat="37.2422708" lon="126.774992"/>
  <node id="228" lat="37.2422573" lon="126.7749926"/>
  <node id="229" lat="37.2422438" lon="126.7749931"/>
  <node id="230" lat="37.2422303" lon="126.7749936"/>
  <node id="231" lat="37.2422032" lon="126.7749946"/>
  <node id="232" lat="37.2421897" lon="126.7749952"/>
  <node id="233" lat="37.2421762" lon="126.7749957"/>
  <node id="234" lat="37.2421627" lon="126.7749962"/>
  <node id="235" lat="37.2421492" lon="126.7749967"/>
  <node id="236" lat="37.2421357" lon="126.7749973"/>
  <node id="237" lat="37.2421222" lon="126.7749978"/>
  <node id="238" lat="37.2421157" lon="126.774998"/>
  <node id="239" lat="37.2420887" lon="126.774999"/>
  <node id="240" lat="37.2420617" lon="126.775"/>
  <node id="241" lat="37.2420347" lon="126.775001"/>
  <node id="242" lat="37.2420212" lon="126.7750015"/>
  <node id="243" lat="37.2420077" lon="126.775002"/>
  <node id="244" lat="37.2419942" lon="126.7750025"/>
  <node id="245" lat="37.2419806" lon="126.775003"/>
  <node id="246" lat="37.2419671" lon="126.7750035"/>
  <node id="247" lat="37.2419536" lon="126.775004"/>
  <node id="248" lat="37.2419401" lon="126.7750045"/>
  <node id="249" lat="37.2419266" lon="126.775005"/>
  <node id="250" lat="37.2419022" lon="126.7750059"/>
  <node id="251" lat="37.2418752" lon="126.7750067"/>
  <node id="252" lat="37.2418687" lon="126.7750069"/>
  <node id="253" lat="37.2418522" lon="126.7750073"/>
  <node id="254" lat="37.2418392" lon="126.7750069"/>
  <node id="255" lat="37.2426636" lon="126.7749354"/>
  <node id="256" lat="37.2426571" lon="126.7749367"/>
  <node id="257" lat="37.2426484" lon="126.7749375"/>
  <node id="258" lat="37.2426344" lon="126.7749386"/>
  <node id="259" lat="37.24262" lon="126.7749392"/>
  <node id="260" lat="37.2426045" lon="126.7749398"/>
  <node id="261" lat="37.242591" lon="126.7749403"/>
  <node id="262" lat="37.2425774" lon="126.7749408"/>
  <node id="263" lat="37.2425504" lon="126.7749419"/>
  <node id="264" lat="37.2425369" lon="126.7749424"/>
  <node id="265" lat="37.2425234" lon="126.7749429"/>
  <node id="266" lat="37.2425099" lon="126.7749434"/>
  <node id="267" lat="37.2424964" lon="126.7749439"/>
  <node id="268" lat="37.2424694" lon="126.774945"/>
  <node id="269" lat="37.2424424" lon="126.774946"/>
  <node id="270" lat="37.2424154" lon="126.7749471"/>
  <node id="271" lat="37.2424018" lon="126.7749476"/>
  <node id="272" lat="37.2423883" lon="126.7749481"/>
  <node id="273" lat="37.2423613" lon="126.7749491"/>
  <node id="274" lat="37.2423343" lon="126.7749502"/>
  <node id="275" lat="37.2423208" lon="126.7749507"/>
  <node id="276" lat="37.2423073" lon="126.7749512"/>
  <node id="277" lat="37.2422803" lon="126.7749522"/>
  <node id="278" lat="37.2422668" lon="126.7749528"/>
  <node id="279" lat="37.2422532" lon="126.7749533"/>
  <node id="280" lat="37.2422262" lon="126.7749543"/>
  <node id="281" lat="37.2421992" lon="126.7749554"/>
  <node id="282" lat="37.2421722" lon="126.7749564"/>
  <node id="283" lat="37.2421452" lon="126.7749574"/>
  <node id="284" lat="37.2421182" lon="126.7749585"/>
  <node id="285" lat="37.2421047" lon="126.774959"/>
  <node id="286" lat="37.2420912" lon="126.7749595"/>
  <node id="287" lat="37.2420641" lon="126.7749605"/>
  <node id="288" lat="37.2420371" lon="126.7749616"/>
  <node id="289" lat="37.2420236" lon="126.7749621"/>
  <node id="290" lat="37.2420101" lon="126.7749626"/>
  <node id="291" lat="37.2419916" lon="126.7749632"/>
  <node id="292" lat="37.2419646" lon="126.774964"/>
  <node id="293" lat="37.2419375" lon="126.7749648"/>
  <node id="294" lat="37.2419105" lon="126.7749657"/>
  <node id="295" lat="37.2418835" lon="126.7749665"/>
  <node id="296" lat="37.2418565" lon="126.7749673"/>
  <node id="297" lat="37.2418399" lon="126.7749678"/>
  <node id="298" lat="37.2426673" lon="126.7749558"/>
  <node id="299" lat="37.2426591" lon="126.7749569"/>
  <node id="300" lat="37.2426343" lon="126.7749584"/>
  <node id="301" lat="37.2421155" lon="126.7749783"/>
  <node id="302" lat="37.241903" lon="126.7749859"/>
  <node id="303" lat="37.2418396" lon="126.7749873"/>
  <node id="304" lat="37.2418387" lon="126.7750068"/>
  <node id="305" lat="37.2417838" lon="126.7750055"/>
  <node id="306" lat="37.2417296" lon="126.77501"/>
  <node id="307" lat="37.2416694" lon="126.7750235"/>
  <node id="308" lat="37.2416269" lon="126.7750291"/>
  <node id="309" lat="37.2415937" lon="126.7750306"/>
  <node id="310" lat="37.2417833" lon="126.7749699"/>
  <node id="311" lat="37.241726" lon="126.7749745"/>
  <node id="312" lat="37.2416681" lon="126.7749891"/>
  <node id="313" lat="37.2416256" lon="126.7749941"/>
  <node id="314" lat="37.2415937" lon="126.7749947"/>
  <node id="315" lat="37.2418393" lon="126.7749873"/>
  <node id="316" lat="37.2417842" lon="126.7749877"/>
  <node id="317" lat="37.2417299" lon="126.7749921"/>
  <node id="318" lat="37.2416676" lon="126.7750065"/>
  <node id="319" lat="37.2416266" lon="126.7750115"/>
  <node id="320" lat="37.2415937" lon="126.7750127"/>
  <node id="321" lat="37.2415355" lon="126.775031"/>
  <node id="322" lat="37.2414866" lon="126.7750339"/>
  <node id="323" lat="37.2414408" lon="126.7750332"/>
  <node id="324" lat="37.2413778" lon="126.7750201"/>
  <node id="325" lat="37.241283" lon="126.7749772"/>
  <node id="326" lat="37.2411856" lon="126.7749116"/>
  <node id="327" lat="37.2410822" lon="126.7748759"/>
  <node id="328" lat="37.2410414" lon="126.7748581"/>
  <node id="329" lat="37.2409191" lon="126.7747898"/>
  <node id="330" lat="37.2408376" lon="126.7747392"/>
  <node id="331" lat="37.2407879" lon="126.7747255"/>
  <node id="332" lat="37.2407273" lon="126.7747124"/>
  <node id="333" lat="37.2407037" lon="126.7747119"/>
  <node id="334" lat="37.2406709" lon="126.77471"/>
  <node id="335" lat="37.240635" lon="126.774697"/>
  <node id="336" lat="37.2405445" lon="126.7746385"/>
  <node id="337" lat="37.240454" lon="126.7745768"/>
  <node id="338" lat="37.2415936" lon="126.7749947"/>
  <node id="339" lat="37.2414585" lon="126.7749973"/>
  <node id="340" lat="37.2414178" lon="126.7749908"/>
  <node id="341" lat="37.2413808" lon="126.7749772"/>
  <node id="342" lat="37.241331" lon="126.7749471"/>
  <node id="343" lat="37.2412855" lon="126.7749126"/>
  <node id="344" lat="37.2411945" lon="126.7748532"/>
  <node id="345" lat="37.2411234" lon="126.774827"/>
  <node id="346" lat="37.2410078" lon="126.774776"/>
  <node id="347" lat="37.2409431" lon="126.7747404"/>
  <node id="348" lat="37.2408732" lon="126.7746939"/>
  <node id="349" lat="37.240849" lon="126.7746803"/>
  <node id="350" lat="37.2407809" lon="126.7746651"/>
  <node id="351" lat="37.2407542" lon="126.7746628"/>
  <node id="352" lat="37.2407274" lon="126.7746669"/>
  <node id="353" lat="37.240698" lon="126.7746706"/>
  <node id="354" lat="37.2406675" lon="126.7746687"/>
  <node id="355" lat="37.2406412" lon="126.7746645"/>
  <node id="356" lat="37.2406091" lon="126.7746466"/>
  <node id="357" lat="37.2405651" lon="126.7746164"/>
  <node id="358" lat="37.2404627" lon="126.7745435"/>
  <node id="359" lat="37.2415936" lon="126.7750127"/>
  <node id="360" lat="37.241537" lon="126.7750134"/>
  <node id="361" lat="37.2414845" lon="126.7750153"/>
  <node id="362" lat="37.2414562" lon="126.7750152"/>
  <node id="363" lat="37.2414402" lon="126.7750137"/>
  <node id="364" lat="37.2414202" lon="126.7750101"/>
  <node id="365" lat="37.2413808" lon="126.774999"/>
  <node id="366" lat="37.2413286" lon="126.7749718"/>
  <node id="367" lat="37.2412887" lon="126.7749479"/>
  <node id="368" lat="37.2411885" lon="126.7748818"/>
  <node id="369" lat="37.2411186" lon="126.7748569"/>
  <node id="370" lat="37.2410877" lon="126.7748448"/>
  <node id="371" lat="37.2410457" lon="126.7748263"/>
  <node id="372" lat="37.2410045" lon="126.7748057"/>
  <node id="373" lat="37.2409379" lon="126.7747688"/>
  <node id="374" lat="37.2408694" lon="126.7747253"/>
  <node id="375" lat="37.2408438" lon="126.7747102"/>
  <node id="376" lat="37.2407884" lon="126.7746962"/>
  <node id="377" lat="37.2407764" lon="126.7746936"/>
  <node id="378" lat="37.2407524" lon="126.77469"/>
  <node id="379" lat="37.2407324" lon="126.7746891"/>
  <node id="380" lat="37.2406961" lon="126.7746908"/>
  <node id="381" lat="37.2406759" lon="126.7746898"/>
  <node id="382" lat="37.2406601" lon="126.7746864"/>
  <node id="383" lat="37.2406365" lon="126.7746798"/>
  <node id="384" lat="37.2406038" lon="126.77466"/>
  <node id="385" lat="37.240561" lon="126.7746314"/>
  <node id="386" lat="37.2404584" lon="126.7745602"/>
  <node id="387" lat="37.2404538" lon="126.7745767"/>
  <node id="388" lat="37.2403971" lon="126.7745355"/>
  <node id="389" lat="37.2403435" lon="126.7744905"/>
  <node id="390" lat="37.2402341" lon="126.7744203"/>
  <node id="391" lat="37.2404625" lon="126.7745434"/>
  <node id="392" lat="37.2404058" lon="126.7745029"/>
  <node id="393" lat="37.2403499" lon="126.774456"/>
  <node id="394" lat="37.2402439" lon="126.774382"/>
  <node id="395" lat="37.2404581" lon="126.7745601"/>
  <node id="396" lat="37.2404018" lon="126.7745194"/>
  <node id="397" lat="37.2403463" lon="126.774473"/>
  <node id="398" lat="37.240239" lon="126.7744011"/>
  <node id="399" lat="37.2402335" lon="126.77442"/>
  <node id="400" lat="37.2402248" lon="126.7744158"/>
  <node id="401" lat="37.2402136" lon="126.7744092"/>
  <node id="402" lat="37.2401993" lon="126.7744005"/>
  <node id="403" lat="37.2401754" lon="126.7743848"/>
  <node id="404" lat="37.2401514" lon="126.7743692"/>
  <node id="405" lat="37.2401274" lon="126.7743535"/>
  <node id="406" lat="37.2401257" lon="126.7743524"/>
  <node id="407" lat="37.2401018" lon="126.7743367"/>
  <node id="408" lat="37.2400779" lon="126.7743209"/>
  <node id="409" lat="37.2400645" lon="126.7743121"/>
  <node id="410" lat="37.240054" lon="126.7743052"/>
  <node id="411" lat="37.2400386" lon="126.7742951"/>
  <node id="412" lat="37.2402436" lon="126.774382"/>
  <node id="413" lat="37.2402353" lon="126.774378"/>
  <node id="414" lat="37.2402266" lon="126.7743735"/>
  <node id="415" lat="37.2402102" lon="126.7743633"/>
  <node id="416" lat="37.2401865" lon="126.7743479"/>
  <node id="417" lat="37.240165" lon="126.7743336"/>
  <node id="418" lat="37.240147" lon="126.774322"/>
  <node id="419" lat="37.2401242" lon="126.7743072"/>
  <node id="420" lat="37.2401121" lon="126.7742992"/>
  <node id="421" lat="37.2401" lon="126.7742912"/>
  <node id="422" lat="37.2400795" lon="126.7742775"/>
  <node id="423" lat="37.2400558" lon="126.7742615"/>
  <node id="424" lat="37.2400535" lon="126.7742599"/>
  <node id="425" lat="37.2402386" lon="126.774401"/>
  <node id="426" lat="37.2402219" lon="126.7743924"/>
  <node id="427" lat="37.2402044" lon="126.7743817"/>
  <node id="428" lat="37.2400461" lon="126.7742775"/>
  <node id="429" lat="37.2400383" lon="126.7742949"/>
  <node id="430" lat="37.2398282" lon="126.7741565"/>
  <node id="431" lat="37.2400534" lon="126.7742598"/>
  <node id="432" lat="37.2398438" lon="126.7741222"/>
  <node id="433" lat="37.2400458" lon="126.7742774"/>
  <node id="434" lat="37.239836" lon="126.7741393"/>
  <node id="435" lat="37.2397076" lon="126.773568"/>
  <node id="436" lat="37.2397065" lon="126.7735705"/>
  <node id="437" lat="37.239695" lon="126.7735978"/>
  <node id="438" lat="37.2396824" lon="126.7736276"/>
  <node id="439" lat="37.2396699" lon="126.7736574"/>
  <node id="440" lat="37.2396627" lon="126.7736744"/>
  <node id="441" lat="37.2396564" lon="126.7736894"/>
  <node id="442" lat="37.2396501" lon="126.7737044"/>
  <node id="443" lat="37.2396438" lon="126.7737193"/>
  <node id="444" lat="37.2396376" lon="126.7737343"/>
  <node id="445" lat="37.2396297" lon="126.773753"/>
  <node id="446" lat="37.2396172" lon="126.773783"/>
  <node id="447" lat="37.2396048" lon="126.7738129"/>
  <node id="448" lat="37.2396009" lon="126.7738222"/>
  <node id="449" lat="37.2395995" lon="126.7738256"/>
  <node id="450" lat="37.2395965" lon="126.7738328"/>
  <node id="451" lat="37.2395918" lon="126.7738459"/>
  <node id="452" lat="37.2395866" lon="126.7738674"/>
  <node id="453" lat="37.2395843" lon="126.7738892"/>
  <node id="454" lat="37.2395845" lon="126.7739114"/>
  <node id="455" lat="37.2395886" lon="126.7739364"/>
  <node id="456" lat="37.2395946" lon="126.7739568"/>
  <node id="457" lat="37.2396036" lon="126.773978"/>
  <node id="458" lat="37.2396124" lon="126.7739927"/>
  <node id="459" lat="37.2396137" lon="126.7739946"/>
  <node id="460" lat="37.239619" lon="126.7740029"/>
  <node id="461" lat="37.2396245" lon="126.7740106"/>
  <node id="462" lat="37.2396317" lon="126.7740194"/>
  <node id="463" lat="37.2396443" lon="126.7740329"/>
  <node id="464" lat="37.2396514" lon="126.7740391"/>
  <node id="465" lat="37.2396621" lon="126.7740472"/>
  <node id="466" lat="37.2396827" lon="126.7740608"/>
  <node id="467" lat="37.2397064" lon="126.7740765"/>
  <node id="468" lat="37.2397084" lon="126.7740778"/>
  <node id="469" lat="37.2397323" lon="126.7740935"/>
  <node id="470" lat="37.2397561" lon="126.7741093"/>
  <node id="471" lat="37.23978" lon="126.7741251"/>
  <node id="472" lat="37.2397997" lon="126.7741381"/>
  <node id="473" lat="37.2398022" lon="126.7741397"/>
  <node id="474" lat="37.2398236" lon="126.7741536"/>
  <node id="475" lat="37.239828" lon="126.7741563"/>
  <node id="476" lat="37.2398434" lon="126.7741216"/>
  <node id="477" lat="37.2398274" lon="126.7741113"/>
  <node id="478" lat="37.2398166" lon="126.7741042"/>
  <node id="479" lat="37.2397927" lon="126.7740884"/>
  <node id="480" lat="37.2397688" lon="126.7740727"/>
  <node id="481" lat="37.2397449" lon="126.7740569"/>
  <node id="482" lat="37.2397439" lon="126.7740563"/>
  <node id="483" lat="37.23972" lon="126.7740404"/>
  <node id="484" lat="37.2396991" lon="126.7740265"/>
  <node id="485" lat="37.2396834" lon="126.7740155"/>
  <node id="486" lat="37.2396739" lon="126.7740081"/>
  <node id="487" lat="37.2396673" lon="126.7740031"/>
  <node id="488" lat="37.2396609" lon="126.7739968"/>
  <node id="489" lat="37.2396517" lon="126.7739858"/>
  <node id="490" lat="37.2396441" lon="126.7739756"/>
  <node id="491" lat="37.2396401" lon="126.7739694"/>
  <node id="492" lat="37.2396378" lon="126.7739657"/>
  <node id="493" lat="37.2396324" lon="126.7739554"/>
  <node id="494" lat="37.239629" lon="126.7739472"/>
  <node id="495" lat="37.2396252" lon="126.7739374"/>
  <node id="496" lat="37.2396222" lon="126.7739274"/>
  <node id="497" lat="37.23962" lon="126.7739171"/>
  <node id="498" lat="37.2396186" lon="126.7739074"/>
  <node id="499" lat="37.2396182" lon="126.7738954"/>
  <node id="500" lat="37.2396189" lon="126.7738806"/>
  <node id="501" lat="37.2396206" lon="126.7738697"/>
  <node id="502" lat="37.2396232" lon="126.773859"/>
  <node id="503" lat="37.2396271" lon="126.7738469"/>
  <node id="504" lat="37.2396285" lon="126.7738432"/>
  <node id="505" lat="37.2396389" lon="126.7738168"/>
  <node id="506" lat="37.2396514" lon="126.7737869"/>
  <node id="507" lat="37.2396536" lon="126.7737815"/>
  <node id="508" lat="37.2396662" lon="126.7737515"/>
  <node id="509" lat="37.2396787" lon="126.7737216"/>
  <node id="510" lat="37.2396865" lon="126.7737028"/>
  <node id="511" lat="37.239699" lon="126.7736728"/>
  <node id="512" lat="37.2397002" lon="126.7736697"/>
  <node id="513" lat="37.2397067" lon="126.773654"/>
  <node id="514" lat="37.2397132" lon="126.7736382"/>
  <node id="515" lat="37.2397223" lon="126.7736165"/>
  <node id="516" lat="37.2397278" lon="126.7736046"/>
  <node id="517" lat="37.2397317" lon="126.7735967"/>
  <node id="518" lat="37.239735" lon="126.7735912"/>
  <node id="519" lat="37.2397213" lon="126.7735796"/>
  <node id="520" lat="37.2397093" lon="126.7736057"/>
  <node id="521" lat="37.2396999" lon="126.7736279"/>
  <node id="522" lat="37.2396209" lon="126.7738171"/>
  <node id="523" lat="37.2396103" lon="126.7738441"/>
  <node id="524" lat="37.2396044" lon="126.7738654"/>
  <node id="525" lat="37.2396016" lon="126.7738852"/>
  <node id="526" lat="37.2396016" lon="126.7739078"/>
  <node id="527" lat="37.239605" lon="126.7739299"/>
  <node id="528" lat="37.2396114" lon="126.773951"/>
  <node id="529" lat="37.2396213" lon="126.7739728"/>
  <node id="530" lat="37.2396287" lon="126.7739847"/>
  <node id="531" lat="37.2396408" lon="126.7740015"/>
  <node id="532" lat="37.2396481" lon="126.77401"/>
  <node id="533" lat="37.2396593" lon="126.7740205"/>
  <node id="534" lat="37.2396676" lon="126.7740275"/>
  <node id="535" lat="37.2396851" lon="126.7740398"/>
  <node id="536" lat="37.2398357" lon="126.774139"/>
  <node id="537" lat="37.2396407" lon="126.7734041"/>
  <node id="538" lat="37.2398214" lon="126.7735224"/>
  <node id="539" lat="37.2397738" lon="126.7735454"/>
  <node id="540" lat="37.2398046" lon="126.7735635"/>
  <node id="541" lat="37.2396311" lon="126.7734249"/>
  <node id="542" lat="37.2397824" lon="126.773524"/>
  <node id="543" lat="37.239813" lon="126.7735429"/>
  <node id="544" lat="37.2397112" lon="126.7735569"/>
  <node id="545" lat="37.2397126" lon="126.7735513"/>
  <node id="546" lat="37.2397143" lon="126.7735403"/>
  <node id="547" lat="37.2397144" lon="126.7735329"/>
  <node id="548" lat="37.2397141" lon="126.7735195"/>
  <node id="549" lat="37.2397119" lon="126.7734998"/>
  <node id="550" lat="37.2397087" lon="126.7734854"/>
  <node id="551" lat="37.2397035" lon="126.773469"/>
  <node id="552" lat="37.2397015" lon="126.7734638"/>
  <node id="553" lat="37.2396967" lon="126.7734532"/>
  <node id="554" lat="37.2396898" lon="126.7734413"/>
  <node id="555" lat="37.2396792" lon="126.7734261"/>
  <node id="556" lat="37.2396697" lon="126.7734151"/>
  <node id="557" lat="37.2396603" lon="126.7734064"/>
  <node id="558" lat="37.2396535" lon="126.7734002"/>
  <node id="559" lat="37.2396431" lon="126.7733927"/>
  <node id="560" lat="37.2397351" lon="126.7735908"/>
  <node id="561" lat="37.2397461" lon="126.773561"/>
  <node id="562" lat="37.2397482" lon="126.773522"/>
  <node id="563" lat="37.2397479" lon="126.7734974"/>
  <node id="564" lat="37.2397439" lon="126.7734693"/>
  <node id="565" lat="37.2397375" lon="126.7734403"/>
  <node id="566" lat="37.2397299" lon="126.773418"/>
  <node id="567" lat="37.2397191" lon="126.773397"/>
  <node id="568" lat="37.2397108" lon="126.7733875"/>
  <node id="569" lat="37.239699" lon="126.7733788"/>
  <node id="570" lat="37.2396882" lon="126.7733711"/>
  <node id="571" lat="37.2396887" lon="126.7733715"/>
  <node id="572" lat="37.2396607" lon="126.7733534"/>
  <node id="573" lat="37.2397213" lon="126.7735794"/>
  <node id="574" lat="37.2397299" lon="126.7735531"/>
  <node id="575" lat="37.2397307" lon="126.7735389"/>
  <node id="576" lat="37.239731" lon="126.7735196"/>
  <node id="577" lat="37.2397299" lon="126.7734987"/>
  <node id="578" lat="37.2397269" lon="126.7734815"/>
  <node id="579" lat="37.239722" lon="126.7734615"/>
  <node id="580" lat="37.2397188" lon="126.7734506"/>
  <node id="581" lat="37.2397108" lon="126.7734313"/>
  <node id="582" lat="37.2397011" lon="126.7734143"/>
  <node id="583" lat="37.2396964" lon="126.7734083"/>
  <node id="584" lat="37.2396847" lon="126.7733973"/>
  <node id="585" lat="37.2396754" lon="126.7733898"/>
  <node id="586" lat="37.2396519" lon="126.773373"/>
  <node id="587" lat="37.2396368" lon="126.7733883"/>
  <node id="588" lat="37.2396263" lon="126.7733814"/>
  <node id="589" lat="37.2396191" lon="126.7733766"/>
  <node id="590" lat="37.2396086" lon="126.7733697"/>
  <node id="591" lat="37.2396018" lon="126.7733652"/>
  <node id="592" lat="37.2395928" lon="126.7733593"/>
  <node id="593" lat="37.2395833" lon="126.7733532"/>
  <node id="594" lat="37.2395795" lon="126.7733507"/>
  <node id="595" lat="37.2395739" lon="126.773347"/>
  <node id="596" lat="37.2395701" lon="126.7733445"/>
  <node id="597" lat="37.2395638" lon="126.7733404"/>
  <node id="598" lat="37.2395615" lon="126.7733389"/>
  <node id="599" lat="37.2395556" lon="126.7733351"/>
  <node id="600" lat="37.2395469" lon="126.7733294"/>
  <node id="601" lat="37.2395422" lon="126.7733263"/>
  <node id="602" lat="37.2395331" lon="126.7733202"/>
  <node id="603" lat="37.2395276" lon="126.7733167"/>
  <node id="604" lat="37.2395184" lon="126.7733106"/>
  <node id="605" lat="37.2395142" lon="126.7733078"/>
  <node id="606" lat="37.2395046" lon="126.7733015"/>
  <node id="607" lat="37.2394993" lon="126.773298"/>
  <node id="608" lat="37.2394937" lon="126.7732943"/>
  <node id="609" lat="37.2394832" lon="126.7732875"/>
  <node id="610" lat="37.239479" lon="126.7732847"/>
  <node id="611" lat="37.2394687" lon="126.7732779"/>
  <node id="612" lat="37.2394681" lon="126.7732775"/>
  <node id="613" lat="37.2394533" lon="126.7732678"/>
  <node id="614" lat="37.2394526" lon="126.7732673"/>
  <node id="615" lat="37.239439" lon="126.7732584"/>
  <node id="616" lat="37.2394382" lon="126.7732579"/>
  <node id="617" lat="37.2394306" lon="126.7732529"/>
  <node id="618" lat="37.2394299" lon="126.7732524"/>
  <node id="619" lat="37.2394222" lon="126.7732474"/>
  <node id="620" lat="37.2394216" lon="126.773247"/>
  <node id="621" lat="37.2394071" lon="126.7732374"/>
  <node id="622" lat="37.2394069" lon="126.7732373"/>
  <node id="623" lat="37.2393902" lon="126.7732263"/>
  <node id="624" lat="37.2393861" lon="126.7732236"/>
  <node id="625" lat="37.2393815" lon="126.7732206"/>
  <node id="626" lat="37.23938" lon="126.7732196"/>
  <node id="627" lat="37.2393713" lon="126.7732139"/>
  <node id="628" lat="37.2393641" lon="126.7732092"/>
  <node id="629" lat="37.239362" lon="126.7732078"/>
  <node id="630" lat="37.2393533" lon="126.7732021"/>
  <node id="631" lat="37.2393443" lon="126.7731962"/>
  <node id="632" lat="37.239344" lon="126.773196"/>
  <node id="633" lat="37.2393279" lon="126.7731855"/>
  <node id="634" lat="37.2393254" lon="126.7731838"/>
  <node id="635" lat="37.2393114" lon="126.7731747"/>
  <node id="636" lat="37.2393061" lon="126.7731711"/>
  <node id="637" lat="37.2392957" lon="126.7731643"/>
  <node id="638" lat="37.2392837" lon="126.7731565"/>
  <node id="639" lat="37.2392792" lon="126.7731535"/>
  <node id="640" lat="37.2392637" lon="126.7731434"/>
  <node id="641" lat="37.2392595" lon="126.7731406"/>
  <node id="642" lat="37.2392495" lon="126.773134"/>
  <node id="643" lat="37.2392472" lon="126.7731326"/>
  <node id="644" lat="37.2392374" lon="126.7731261"/>
  <node id="645" lat="37.2392317" lon="126.7731224"/>
  <node id="646" lat="37.2392274" lon="126.7731196"/>
  <node id="647" lat="37.2392153" lon="126.7731117"/>
  <node id="648" lat="37.2392108" lon="126.7731087"/>
  <node id="649" lat="37.239208" lon="126.7731069"/>
  <node id="650" lat="37.2391995" lon="126.7731013"/>
  <node id="651" lat="37.2391947" lon="126.7730982"/>
  <node id="652" lat="37.2391844" lon="126.7730914"/>
  <node id="653" lat="37.2391837" lon="126.7730909"/>
  <node id="654" lat="37.2391728" lon="126.7730838"/>
  <node id="655" lat="37.2391691" lon="126.7730813"/>
  <node id="656" lat="37.2391595" lon="126.773075"/>
  <node id="657" lat="37.239154" lon="126.7730714"/>
  <node id="658" lat="37.2391506" lon="126.7730692"/>
  <node id="659" lat="37.2391403" lon="126.7730624"/>
  <node id="660" lat="37.2391383" lon="126.7730611"/>
  <node id="661" lat="37.2391314" lon="126.7730566"/>
  <node id="662" lat="37.239121" lon="126.7730498"/>
  <node id="663" lat="37.239121" lon="126.7730497"/>
  <node id="664" lat="37.2391056" lon="126.7730396"/>
  <node id="665" lat="37.239097" lon="126.773034"/>
  <node id="666" lat="37.2390883" lon="126.7730283"/>
  <node id="667" lat="37.2390739" lon="126.7730188"/>
  <node id="668" lat="37.2390572" lon="126.7730078"/>
  <node id="669" lat="37.2390427" lon="126.7729983"/>
  <node id="670" lat="37.2390343" lon="126.7729928"/>
  <node id="671" lat="37.239026" lon="126.7729873"/>
  <node id="672" lat="37.2390175" lon="126.7729818"/>
  <node id="673" lat="37.239011" lon="126.7729775"/>
  <node id="674" lat="37.2389985" lon="126.7729693"/>
  <node id="675" lat="37.238992" lon="126.7729651"/>
  <node id="676" lat="37.2389798" lon="126.7729571"/>
  <node id="677" lat="37.2389687" lon="126.7729498"/>
  <node id="678" lat="37.2389638" lon="126.7729465"/>
  <node id="679" lat="37.2389478" lon="126.7729357"/>
  <node id="680" lat="37.2389361" lon="126.7729279"/>
  <node id="681" lat="37.2389356" lon="126.7729275"/>
  <node id="682" lat="37.2389217" lon="126.7729176"/>
  <node id="683" lat="37.2389035" lon="126.7729036"/>
  <node id="684" lat="37.2388908" lon="126.7728936"/>
  <node id="685" lat="37.2388758" lon="126.7728811"/>
  <node id="686" lat="37.2388616" lon="126.7728685"/>
  <node id="687" lat="37.2388474" lon="126.772856"/>
  <node id="688" lat="37.2388465" lon="126.772855"/>
  <node id="689" lat="37.2396615" lon="126.7733539"/>
  <node id="690" lat="37.2396462" lon="126.7733438"/>
  <node id="691" lat="37.2396224" lon="126.7733279"/>
  <node id="692" lat="37.2395985" lon="126.7733121"/>
  <node id="693" lat="37.2395982" lon="126.7733118"/>
  <node id="694" lat="37.2395815" lon="126.773301"/>
  <node id="695" lat="37.2395692" lon="126.773293"/>
  <node id="696" lat="37.2395569" lon="126.7732851"/>
  <node id="697" lat="37.239533" lon="126.7732694"/>
  <node id="698" lat="37.2395091" lon="126.7732537"/>
  <node id="699" lat="37.2394852" lon="126.7732381"/>
  <node id="700" lat="37.2394614" lon="126.7732224"/>
  <node id="701" lat="37.2394375" lon="126.7732067"/>
  <node id="702" lat="37.2394136" lon="126.773191"/>
  <node id="703" lat="37.2394009" lon="126.7731827"/>
  <node id="704" lat="37.2393771" lon="126.7731671"/>
  <node id="705" lat="37.2393533" lon="126.7731516"/>
  <node id="706" lat="37.2393295" lon="126.773136"/>
  <node id="707" lat="37.2393057" lon="126.7731204"/>
  <node id="708" lat="37.2392819" lon="126.7731048"/>
  <node id="709" lat="37.2392581" lon="126.7730892"/>
  <node id="710" lat="37.2392343" lon="126.7730737"/>
  <node id="711" lat="37.2392105" lon="126.7730581"/>
  <node id="712" lat="37.2391926" lon="126.7730464"/>
  <node id="713" lat="37.2391688" lon="126.7730307"/>
  <node id="714" lat="37.2391449" lon="126.7730149"/>
  <node id="715" lat="37.2391211" lon="126.7729992"/>
  <node id="716" lat="37.2390972" lon="126.7729835"/>
  <node id="717" lat="37.2390734" lon="126.7729677"/>
  <node id="718" lat="37.2390495" lon="126.772952"/>
  <node id="719" lat="37.239041" lon="126.7729463"/>
  <node id="720" lat="37.2390289" lon="126.7729389"/>
  <node id="721" lat="37.2390095" lon="126.7729264"/>
  <node id="722" lat="37.2389855" lon="126.7729108"/>
  <node id="723" lat="37.2389783" lon="126.7729059"/>
  <node id="724" lat="37.2389664" lon="126.7728978"/>
  <node id="725" lat="37.2389546" lon="126.7728897"/>
  <node id="726" lat="37.2389484" lon="126.7728853"/>
  <node id="727" lat="37.2389367" lon="126.7728768"/>
  <node id="728" lat="37.238925" lon="126.7728684"/>
  <node id="729" lat="37.2389025" lon="126.7728502"/>
  <node id="730" lat="37.2389012" lon="126.7728491"/>
  <node id="731" lat="37.2388852" lon="126.7728355"/>
  <node id="732" lat="37.238871" lon="126.7728214"/>
  <node id="733" lat="37.2388636" lon="126.7728142"/>
  <node id="734" lat="37.2396523" lon="126.7733733"/>
  <node id="735" lat="37.2389752" lon="126.772929"/>
  <node id="736" lat="37.2389433" lon="126.7729074"/>
  <node id="737" lat="37.2389147" lon="126.7728863"/>
  <node id="738" lat="37.2388818" lon="126.7728594"/>
  <node id="739" lat="37.2388551" lon="126.7728346"/>
  <node id="740" lat="37.2398328" lon="126.7735295"/>
  <node id="741" lat="37.2398329" lon="126.7735295"/>
  <node id="742" lat="37.2398469" lon="126.7735387"/>
  <node id="743" lat="37.2398557" lon="126.7735445"/>
  <node id="744" lat="37.2398569" lon="126.7735452"/>
  <node id="745" lat="37.2398658" lon="126.7735511"/>
  <node id="746" lat="37.2398747" lon="126.7735569"/>
  <node id="747" lat="37.2398847" lon="126.7735634"/>
  <node id="748" lat="37.2398973" lon="126.7735717"/>
  <node id="749" lat="37.2399006" lon="126.7735739"/>
  <node id="750" lat="37.2399071" lon="126.7735781"/>
  <node id="751" lat="37.2399105" lon="126.7735804"/>
  <node id="752" lat="37.2399198" lon="126.7735864"/>
  <node id="753" lat="37.2399204" lon="126.7735868"/>
  <node id="754" lat="37.2399284" lon="126.7735921"/>
  <node id="755" lat="37.2399296" lon="126.7735929"/>
  <node id="756" lat="37.2399365" lon="126.7735973"/>
  <node id="757" lat="37.2399394" lon="126.7735993"/>
  <node id="758" lat="37.2399463" lon="126.7736038"/>
  <node id="759" lat="37.239952" lon="126.7736075"/>
  <node id="760" lat="37.239956" lon="126.7736101"/>
  <node id="761" lat="37.2399617" lon="126.7736139"/>
  <node id="762" lat="37.2399743" lon="126.7736221"/>
  <node id="763" lat="37.2399824" lon="126.7736274"/>
  <node id="764" lat="37.2400005" lon="126.7736387"/>
  <node id="765" lat="37.2398045" lon="126.7735633"/>
  <node id="766" lat="37.2398238" lon="126.7735745"/>
  <node id="767" lat="37.2398367" lon="126.7735832"/>
  <node id="768" lat="37.2398606" lon="126.7735989"/>
  <node id="769" lat="37.2398845" lon="126.7736146"/>
  <node id="770" lat="37.2399085" lon="126.7736303"/>
  <node id="771" lat="37.2399324" lon="126.773646"/>
  <node id="772" lat="37.2399558" lon="126.7736613"/>
  <node id="773" lat="37.2399653" lon="126.7736674"/>
  <node id="774" lat="37.2399832" lon="126.7736791"/>
  <node id="775" lat="37.2398129" lon="126.7735429"/>
  <node id="776" lat="37.2398323" lon="126.7735546"/>
  <node id="777" lat="37.2399919" lon="126.7736589"/>
  <node id="778" lat="37.2400007" lon="126.7736388"/>
  <node id="779" lat="37.2402807" lon="126.7738244"/>
  <node id="780" lat="37.2402641" lon="126.773864"/>
  <node id="781" lat="37.2399919" lon="126.773659"/>
  <node id="782" lat="37.2402724" lon="126.7738442"/>
  <node id="783" lat="37.2402988" lon="126.7738361"/>
  <node id="784" lat="37.2403132" lon="126.7738454"/>
  <node id="785" lat="37.2403311" lon="126.7738571"/>
  <node id="786" lat="37.2403502" lon="126.7738694"/>
  <node id="787" lat="37.2403645" lon="126.7738787"/>
  <node id="788" lat="37.2403853" lon="126.7738927"/>
  <node id="789" lat="37.240408" lon="126.7739078"/>
  <node id="790" lat="37.2404226" lon="126.7739175"/>
  <node id="791" lat="37.240441" lon="126.7739295"/>
  <node id="792" lat="37.2402769" lon="126.7738723"/>
  <node id="793" lat="37.2402897" lon="126.7738806"/>
  <node id="794" lat="37.240313" lon="126.7738962"/>
  <node id="795" lat="37.2403251" lon="126.7739043"/>
  <node id="796" lat="37.2403371" lon="126.7739123"/>
  <node id="797" lat="37.2403605" lon="126.7739279"/>
  <node id="798" lat="37.2403839" lon="126.7739435"/>
  <node id="799" lat="37.240406" lon="126.7739575"/>
  <node id="800" lat="37.2404239" lon="126.7739694"/>
  <node id="801" lat="37.2404324" lon="126.7739495"/>
  <node id="802" lat="37.240441" lon="126.7739296"/>
  <node id="803" lat="37.2406691" lon="126.774093"/>
  <node id="804" lat="37.240424" lon="126.7739695"/>
  <node id="805" lat="37.2406599" lon="126.7741236"/>
  <node id="806" lat="37.2404325" lon="126.7739496"/>
  <node id="807" lat="37.2406645" lon="126.7741083"/>
  <node id="808" lat="37.2406693" lon="126.7740932"/>
  <node id="809" lat="37.2407264" lon="126.7741313"/>
  <node id="810" lat="37.2408122" lon="126.7741786"/>
  <node id="811" lat="37.2408353" lon="126.7741956"/>
  <node id="812" lat="37.2408561" lon="126.7742153"/>
  <node id="813" lat="37.2408711" lon="126.7742328"/>
  <node id="814" lat="37.2408861" lon="126.7742472"/>
  <node id="815" lat="37.2409075" lon="126.7742621"/>
  <node id="816" lat="37.2409408" lon="126.774282"/>
  <node id="817" lat="37.2410226" lon="126.7743327"/>
  <node id="818" lat="37.2411479" lon="126.7744105"/>
  <node id="819" lat="37.2412814" lon="126.7744748"/>
  <node id="820" lat="37.2413697" lon="126.7745003"/>
  <node id="821" lat="37.2414739" lon="126.7745163"/>
  <node id="822" lat="37.2415504" lon="126.7745185"/>
  <node id="823" lat="37.24066" lon="126.7741236"/>
  <node id="824" lat="37.2407387" lon="126.77418"/>
  <node id="825" lat="37.2408011" lon="126.7742161"/>
  <node id="826" lat="37.2408193" lon="126.7742276"/>
  <node id="827" lat="37.2408349" lon="126.7742431"/>
  <node id="828" lat="37.2408475" lon="126.7742579"/>
  <node id="829" lat="37.2408681" lon="126.7742721"/>
  <node id="830" lat="37.2409776" lon="126.7743449"/>
  <node id="831" lat="37.2411516" lon="126.7744554"/>
  <node id="832" lat="37.2412561" lon="126.774506"/>
  <node id="833" lat="37.2413623" lon="126.7745393"/>
  <node id="834" lat="37.2414526" lon="126.7745521"/>
  <node id="835" lat="37.2415512" lon="126.7745535"/>
  <node id="836" lat="37.2406646" lon="126.7741084"/>
  <node id="837" lat="37.2407209" lon="126.7741474"/>
  <node id="838" lat="37.2407438" lon="126.7741619"/>
  <node id="839" lat="37.2408054" lon="126.7741966"/>
  <node id="840" lat="37.2408224" lon="126.774208"/>
  <node id="841" lat="37.2408304" lon="126.7742147"/>
  <node id="842" lat="37.240838" lon="126.7742221"/>
  <node id="843" lat="37.2408553" lon="126.77424"/>
  <node id="844" lat="37.2408683" lon="126.7742517"/>
  <node id="845" lat="37.2408818" lon="126.7742625"/>
  <node id="846" lat="37.2409043" lon="126.7742781"/>
  <node id="847" lat="37.2409817" lon="126.7743274"/>
  <node id="848" lat="37.2411455" lon="126.7744302"/>
  <node id="849" lat="37.2411543" lon="126.7744351"/>
  <node id="850" lat="37.2412563" lon="126.7744844"/>
  <node id="851" lat="37.2412808" lon="126.7744941"/>
  <node id="852" lat="37.2413683" lon="126.7745201"/>
  <node id="853" lat="37.2414545" lon="126.7745327"/>
  <node id="854" lat="37.2414737" lon="126.7745343"/>
  <node id="855" lat="37.2415508" lon="126.774536"/>
  <node id="856" lat="37.2415508" lon="126.7745185"/>
  <node id="857" lat="37.2416035" lon="126.7745192"/>
  <node id="858" lat="37.2416932" lon="126.7745295"/>
  <node id="859" lat="37.2417683" lon="126.7745405"/>
  <node id="860" lat="37.2415513" lon="126.7745537"/>
  <node id="861" lat="37.2416049" lon="126.7745528"/>
  <node id="862" lat="37.2416909" lon="126.774562"/>
  <node id="863" lat="37.2417664" lon="126.7745768"/>
  <node id="864" lat="37.241551" lon="126.7745361"/>
  <node id="865" lat="37.2416054" lon="126.7745361"/>
  <node id="866" lat="37.2416913" lon="126.7745456"/>
  <node id="867" lat="37.2417674" lon="126.7745586"/>
  <node id="868" lat="37.2417632" lon="126.774541"/>
  <node id="869" lat="37.2417698" lon="126.7745405"/>
  <node id="870" lat="37.2417771" lon="126.7745411"/>
  <node id="871" lat="37.2417966" lon="126.7745436"/>
  <node id="872" lat="37.2418233" lon="126.7745468"/>
  <node id="873" lat="37.2418501" lon="126.77455"/>
  <node id="874" lat="37.2418536" lon="126.7745505"/>
  <node id="875" lat="37.2418804" lon="126.7745536"/>
  <node id="876" lat="37.2419071" lon="126.7745567"/>
  <node id="877" lat="37.2419089" lon="126.7745569"/>
  <node id="878" lat="37.2419358" lon="126.7745602"/>
  <node id="879" lat="37.2419626" lon="126.7745635"/>
  <node id="880" lat="37.2419737" lon="126.7745649"/>
  <node id="881" lat="37.241994" lon="126.7745671"/>
  <node id="882" lat="37.2420061" lon="126.7745676"/>
  <node id="883" lat="37.2420331" lon="126.7745674"/>
  <node id="884" lat="37.2420502" lon="126.7745672"/>
  <node id="885" lat="37.2420681" lon="126.7745671"/>
  <node id="886" lat="37.2421645" lon="126.7745643"/>
  <node id="887" lat="37.2421734" lon="126.774564"/>
  <node id="888" lat="37.2422002" lon="126.7745631"/>
  <node id="889" lat="37.2422028" lon="126.774563"/>
  <node id="890" lat="37.2422163" lon="126.7745625"/>
  <node id="891" lat="37.2422298" lon="126.7745621"/>
  <node id="892" lat="37.24224" lon="126.7745617"/>
  <node id="893" lat="37.2422568" lon="126.7745612"/>
  <node id="894" lat="37.242282" lon="126.7745603"/>
  <node id="895" lat="37.2423089" lon="126.7745594"/>
  <node id="896" lat="37.2423357" lon="126.7745585"/>
  <node id="897" lat="37.2423627" lon="126.7745576"/>
  <node id="898" lat="37.2423895" lon="126.7745566"/>
  <node id="899" lat="37.2423911" lon="126.7745566"/>
  <node id="900" lat="37.242418" lon="126.7745557"/>
  <node id="901" lat="37.2424449" lon="126.7745548"/>
  <node id="902" lat="37.2424718" lon="126.7745539"/>
  <node id="903" lat="37.2424987" lon="126.774553"/>
  <node id="904" lat="37.2425011" lon="126.774553"/>
  <node id="905" lat="37.2417633" lon="126.7745788"/>
  <node id="906" lat="37.2417699" lon="126.7745783"/>
  <node id="907" lat="37.2417772" lon="126.7745789"/>
  <node id="908" lat="37.2417966" lon="126.7745814"/>
  <node id="909" lat="37.2418234" lon="126.7745846"/>
  <node id="910" lat="37.2418501" lon="126.7745878"/>
  <node id="911" lat="37.2418537" lon="126.7745883"/>
  <node id="912" lat="37.2418804" lon="126.7745914"/>
  <node id="913" lat="37.2419072" lon="126.7745945"/>
  <node id="914" lat="37.241909" lon="126.7745947"/>
  <node id="915" lat="37.2419358" lon="126.774598"/>
  <node id="916" lat="37.2419627" lon="126.7746013"/>
  <node id="917" lat="37.2419737" lon="126.7746027"/>
  <node id="918" lat="37.2419941" lon="126.7746049"/>
  <node id="919" lat="37.2420062" lon="126.7746054"/>
  <node id="920" lat="37.2420332" lon="126.7746052"/>
  <node id="921" lat="37.2420503" lon="126.774605"/>
  <node id="922" lat="37.2420705" lon="126.774605"/>
  <node id="923" lat="37.242162" lon="126.7746058"/>
  <node id="924" lat="37.2421709" lon="126.7746055"/>
  <node id="925" lat="37.2421977" lon="126.7746046"/>
  <node id="926" lat="37.2422003" lon="126.7746046"/>
  <node id="927" lat="37.2422138" lon="126.7746041"/>
  <node id="928" lat="37.2422273" lon="126.7746037"/>
  <node id="929" lat="37.2422376" lon="126.7746033"/>
  <node id="930" lat="37.2422543" lon="126.7746027"/>
  <node id="931" lat="37.2422795" lon="126.7746019"/>
  <node id="932" lat="37.2423064" lon="126.774601"/>
  <node id="933" lat="37.2423333" lon="126.7746"/>
  <node id="934" lat="37.2423602" lon="126.7745991"/>
  <node id="935" lat="37.2423871" lon="126.7745982"/>
  <node id="936" lat="37.2423887" lon="126.7745981"/>
  <node id="937" lat="37.2424156" lon="126.7745972"/>
  <node id="938" lat="37.2424424" lon="126.7745964"/>
  <node id="939" lat="37.2424693" lon="126.7745955"/>
  <node id="940" lat="37.2424962" lon="126.7745946"/>
  <node id="941" lat="37.2424986" lon="126.7745946"/>
  <node id="942" lat="37.2417633" lon="126.7745599"/>
  <node id="943" lat="37.2417706" lon="126.7745594"/>
  <node id="944" lat="37.241778" lon="126.7745601"/>
  <node id="945" lat="37.2419738" lon="126.7745838"/>
  <node id="946" lat="37.2419934" lon="126.7745859"/>
  <node id="947" lat="37.2420057" lon="126.7745865"/>
  <node id="948" lat="37.2421631" lon="126.7745851"/>
  <node id="949" lat="37.2424999" lon="126.7745738"/>
  <node id="950" lat="37.2404039" lon="126.7732643"/>
  <node id="951" lat="37.2403939" lon="126.7732617"/>
  <node id="952" lat="37.2403845" lon="126.7732618"/>
  <node id="953" lat="37.2403744" lon="126.7732629"/>
  <node id="954" lat="37.2403661" lon="126.7732648"/>
  <node id="955" lat="37.2403575" lon="126.7732682"/>
  <node id="956" lat="37.2403511" lon="126.7732717"/>
  <node id="957" lat="37.2403454" lon="126.7732761"/>
  <node id="958" lat="37.2403403" lon="126.7732814"/>
  <node id="959" lat="37.2403358" lon="126.7732868"/>
  <node id="960" lat="37.240333" lon="126.7732909"/>
  <node id="961" lat="37.2403309" lon="126.7732896"/>
  <node id="962" lat="37.2403324" lon="126.7732819"/>
  <node id="963" lat="37.240333" lon="126.7732721"/>
  <node id="964" lat="37.2403329" lon="126.7732661"/>
  <node id="965" lat="37.2403325" lon="126.7732565"/>
  <node id="966" lat="37.240331" lon="126.7732439"/>
  <node id="967" lat="37.2403283" lon="126.7732335"/>
  <node id="968" lat="37.2403243" lon="126.7732226"/>
  <node id="969" lat="37.2403205" lon="126.7732149"/>
  <node id="970" lat="37.2403156" lon="126.7732071"/>
  <node id="971" lat="37.2403079" lon="126.7731994"/>
  <node id="972" lat="37.2398134" lon="126.773517"/>
  <node id="973" lat="37.2398061" lon="126.773511"/>
  <node id="974" lat="37.239797" lon="126.7735021"/>
  <node id="975" lat="37.2397867" lon="126.7734898"/>
  <node id="976" lat="37.2397787" lon="126.7734747"/>
  <node id="977" lat="37.2397741" lon="126.7734631"/>
  <node id="978" lat="37.2397723" lon="126.773452"/>
  <node id="979" lat="37.239772" lon="126.7734399"/>
  <node id="980" lat="37.2397722" lon="126.7734289"/>
  <node id="981" lat="37.2397744" lon="126.7734157"/>
  <node id="982" lat="37.2397781" lon="126.773401"/>
  <node id="983" lat="37.2397818" lon="126.7733901"/>
  <node id="984" lat="37.240473" lon="126.7739495"/>
  <node id="985" lat="37.2404785" lon="126.7739521"/>
  <node id="986" lat="37.2404905" lon="126.7739572"/>
  <node id="987" lat="37.2405052" lon="126.7739613"/>
  <node id="988" lat="37.2405167" lon="126.7739623"/>
  <node id="989" lat="37.2405215" lon="126.7739619"/>
  <node id="990" lat="37.2405312" lon="126.77396"/>
  <node id="991" lat="37.2405378" lon="126.7739577"/>
  <node id="992" lat="37.2405452" lon="126.7739541"/>
  <node id="993" lat="37.2405516" lon="126.7739494"/>
  <node id="994" lat="37.2405598" lon="126.7739423"/>
  <node id="995" lat="37.2405697" lon="126.77393"/>
  <node id="996" lat="37.2405785" lon="126.7739161"/>
  <node id="997" lat="37.2405905" lon="126.7738903"/>
  <node id="998" lat="37.240506" lon="126.7740916"/>
  <node id="999" lat="37.240512" lon="126.774076"/>
  <node id="1000" lat="37.2405151" lon="126.774068"/>
  <node id="1001" lat="37.2405185" lon="126.7740586"/>
  <node id="1002" lat="37.2405205" lon="126.7740472"/>
  <node id="1003" lat="37.2405212" lon="126.7740335"/>
  <node id="1004" lat="37.2405208" lon="126.7740237"/>
  <node id="1005" lat="37.2405191" lon="126.7740125"/>
  <node id="1006" lat="37.2405165" lon="126.7740018"/>
  <node id="1007" lat="37.240513" lon="126.7739918"/>
  <node id="1008" lat="37.240509" lon="126.7739823"/>
  <node id="1009" lat="37.2405033" lon="126.7739715"/>
  <node id="1010" lat="37.2404979" lon="126.7739633"/>
  <node id="1011" lat="37.2404906" lon="126.7739543"/>
  <node id="1012" lat="37.2404812" lon="126.7739453"/>
  <node id="1013" lat="37.2404764" lon="126.7739415"/>
  <node id="1014" lat="37.2405867" lon="126.773904"/>
  <node id="1015" lat="37.2405849" lon="126.7739192"/>
  <node id="1016" lat="37.2405851" lon="126.7739336"/>
  <node id="1017" lat="37.2405857" lon="126.7739404"/>
  <node id="1018" lat="37.2405883" lon="126.7739519"/>
  <node id="1019" lat="37.2405914" lon="126.773962"/>
  <node id="1020" lat="37.2405945" lon="126.7739693"/>
  <node id="1021" lat="37.2406019" lon="126.7739819"/>
  <node id="1022" lat="37.2406125" lon="126.7739957"/>
  <node id="1023" lat="37.2406207" lon="126.7740041"/>
  <node id="1024" lat="37.2406255" lon="126.7740088"/>
  <node id="1025" lat="37.2406235" lon="126.7740138"/>
  <node id="1026" lat="37.2406156" lon="126.7740121"/>
  <node id="1027" lat="37.2406021" lon="126.774011"/>
  <node id="1028" lat="37.2405883" lon="126.7740115"/>
  <node id="1029" lat="37.240574" lon="126.7740141"/>
  <node id="1030" lat="37.2405677" lon="126.774016"/>
  <node id="1031" lat="37.2405581" lon="126.77402"/>
  <node id="1032" lat="37.2405461" lon="126.7740279"/>
  <node id="1033" lat="37.2405392" lon="126.7740338"/>
  <node id="1034" lat="37.2405331" lon="126.7740409"/>
  <node id="1035" lat="37.2405276" lon="126.7740488"/>
  <node id="1036" lat="37.2405238" lon="126.7740551"/>
  <node id="1037" lat="37.2405173" lon="126.7740674"/>
  <node id="1038" lat="37.2405121" lon="126.7740786"/>
  <node id="1039" lat="37.2401925" lon="126.7736274"/>
  <node id="1040" lat="37.2401839" lon="126.7736489"/>
  <node id="1041" lat="37.2401809" lon="126.7736569"/>
  <node id="1042" lat="37.2401782" lon="126.7736651"/>
  <node id="1043" lat="37.2401766" lon="126.7736727"/>
  <node id="1044" lat="37.2401751" lon="126.7736816"/>
  <node id="1045" lat="37.2401743" lon="126.7736934"/>
  <node id="1046" lat="37.2401746" lon="126.7737056"/>
  <node id="1047" lat="37.2401754" lon="126.7737175"/>
  <node id="1048" lat="37.2401787" lon="126.7737309"/>
  <node id="1049" lat="37.2401837" lon="126.7737428"/>
  <node id="1050" lat="37.2401899" lon="126.7737534"/>
  <node id="1051" lat="37.2401964" lon="126.7737614"/>
  <node id="1052" lat="37.2402033" lon="126.7737688"/>
  <node id="1053" lat="37.2402145" lon="126.7737789"/>
  <node id="1054" lat="37.2402323" lon="126.7737914"/>
  <node id="1055" lat="37.2402359" lon="126.7737829"/>
  <node id="1056" lat="37.2402178" lon="126.7737776"/>
  <node id="1057" lat="37.2402053" lon="126.7737759"/>
  <node id="1058" lat="37.2401868" lon="126.773774"/>
  <node id="1059" lat="37.2401707" lon="126.773775"/>
  <node id="1060" lat="37.240159" lon="126.7737782"/>
  <node id="1061" lat="37.2401487" lon="126.7737838"/>
  <node id="1062" lat="37.2401428" lon="126.7737872"/>
  <node id="1063" lat="37.2401349" lon="126.7737938"/>
  <node id="1064" lat="37.2401283" lon="126.7738002"/>
  <node id="1065" lat="37.2401214" lon="126.7738093"/>
  <node id="1066" lat="37.2401151" lon="126.7738195"/>
  <node id="1067" lat="37.2401076" lon="126.7738323"/>
  <node id="1068" lat="37.2401" lon="126.7738468"/>
  <node id="1069" lat="37.2400989" lon="126.7738488"/>
  <node id="1070" lat="37.240049" lon="126.7736714"/>
  <node id="1071" lat="37.2400592" lon="126.7736772"/>
  <node id="1072" lat="37.2400742" lon="126.7736864"/>
  <node id="1073" lat="37.2400836" lon="126.7736919"/>
  <node id="1074" lat="37.240093" lon="126.7736965"/>
  <node id="1075" lat="37.2401001" lon="126.7736988"/>
  <node id="1076" lat="37.2401112" lon="126.7737002"/>
  <node id="1077" lat="37.240119" lon="126.7737002"/>
  <node id="1078" lat="37.240127" lon="126.7736987"/>
  <node id="1079" lat="37.2401355" lon="126.7736963"/>
  <node id="1080" lat="37.2401434" lon="126.7736926"/>
  <node id="1081" lat="37.2401508" lon="126.7736879"/>
  <node id="1082" lat="37.2401559" lon="126.7736843"/>
  <node id="1083" lat="37.2401637" lon="126.7736764"/>
  <node id="1084" lat="37.2401704" lon="126.7736687"/>
  <node id="1085" lat="37.2401778" lon="126.7736571"/>
  <node id="1086" lat="37.2401851" lon="126.7736423"/>
  <node id="1087" lat="37.2398309" lon="126.7735158"/>
  <node id="1088" lat="37.2398219" lon="126.7735109"/>
  <node id="1089" lat="37.2398082" lon="126.7735066"/>
  <node id="1090" lat="37.2397945" lon="126.7735039"/>
  <node id="1091" lat="37.2397808" lon="126.7735026"/>
  <node id="1092" lat="37.2397658" lon="126.7735044"/>
  <node id="1093" lat="37.2397567" lon="126.7735082"/>
  <node id="1094" lat="37.2397527" lon="126.7735104"/>
  <node id="1095" lat="37.2397457" lon="126.7735153"/>
  <node id="1096" lat="37.2397398" lon="126.7735207"/>
  <node id="1097" lat="37.2397311" lon="126.7735303"/>
  <node id="1098" lat="37.239722" lon="126.7735421"/>
  <node id="1099" lat="37.2397139" lon="126.7735552"/>
  <node id="1100" lat="37.2401026" lon="126.7738399"/>
  <node id="1101" lat="37.2401083" lon="126.7738256"/>
  <node id="1102" lat="37.2401108" lon="126.7738168"/>
  <node id="1103" lat="37.2401136" lon="126.7738061"/>
  <node id="1104" lat="37.2401148" lon="126.7737976"/>
  <node id="1105" lat="37.2401161" lon="126.7737849"/>
  <node id="1106" lat="37.2401164" lon="126.7737724"/>
  <node id="1107" lat="37.2401159" lon="126.7737638"/>
  <node id="1108" lat="37.240115" lon="126.7737561"/>
  <node id="1109" lat="37.2401134" lon="126.7737453"/>
  <node id="1110" lat="37.2401103" lon="126.7737323"/>
  <node id="1111" lat="37.2401072" lon="126.7737243"/>
  <node id="1112" lat="37.2401036" lon="126.773716"/>
  <node id="1113" lat="37.2401007" lon="126.7737105"/>
  <node id="1114" lat="37.240093" lon="126.7736989"/>
  <node id="1115" lat="37.2400827" lon="126.7736872"/>
  <node id="1116" lat="37.2400715" lon="126.7736768"/>
  <node id="1117" lat="37.2400628" lon="126.7736693"/>
  <node id="1118" lat="37.2400534" lon="126.7736614"/>
  <node id="1119" lat="37.2396486" lon="126.7734087"/>
  <node id="1120" lat="37.2396574" lon="126.7734135"/>
  <node id="1121" lat="37.2396651" lon="126.7734177"/>
  <node id="1122" lat="37.2396729" lon="126.7734216"/>
  <node id="1123" lat="37.239682" lon="126.7734252"/>
  <node id="1124" lat="37.2396897" lon="126.7734282"/>
  <node id="1125" lat="37.2396986" lon="126.7734314"/>
  <node id="1126" lat="37.2397067" lon="126.7734336"/>
  <node id="1127" lat="37.2397156" lon="126.7734346"/>
  <node id="1128" lat="37.2397234" lon="126.7734347"/>
  <node id="1129" lat="37.2397327" lon="126.7734332"/>
  <node id="1130" lat="37.2397419" lon="126.77343"/>
  <node id="1131" lat="37.2397502" lon="126.7734263"/>
  <node id="1132" lat="37.2397571" lon="126.7734216"/>
  <node id="1133" lat="37.2397681" lon="126.7734102"/>
  <node id="1134" lat="37.2397769" lon="126.7733983"/>
  <node id="1135" lat="37.2404787" lon="126.7739362"/>
  <node id="1136" lat="37.2404913" lon="126.7739424"/>
  <node id="1137" lat="37.2405039" lon="126.7739487"/>
  <node id="1138" lat="37.2405145" lon="126.773954"/>
  <node id="1139" lat="37.2405396" lon="126.7739662"/>
  <node id="1140" lat="37.2405647" lon="126.7739785"/>
  <node id="1141" lat="37.2405898" lon="126.7739908"/>
  <node id="1142" lat="37.2406062" lon="126.7739988"/>
  <node id="1143" lat="37.2406415" lon="126.7739707"/>
  <node id="1144" lat="37.2406284" lon="126.7739646"/>
  <node id="1145" lat="37.2406153" lon="126.7739585"/>
  <node id="1146" lat="37.2405901" lon="126.7739466"/>
  <node id="1147" lat="37.2405648" lon="126.7739346"/>
  <node id="1148" lat="37.2405395" lon="126.7739227"/>
  <node id="1149" lat="37.2405376" lon="126.7739218"/>
  <node id="1150" lat="37.2405142" lon="126.7739103"/>
  <node id="1151" lat="37.2405094" lon="126.773908"/>
  <node id="1152" lat="37.2405042" lon="126.7739054"/>
  <node id="1153" lat="37.2404942" lon="126.7739006"/>
  <node id="1154" lat="37.24155" lon="126.7744793"/>
  <node id="1155" lat="37.2415643" lon="126.774475"/>
  <node id="1156" lat="37.2415796" lon="126.7744655"/>
  <node id="1157" lat="37.2416023" lon="126.7744476"/>
  <node id="1158" lat="37.2416287" lon="126.7744243"/>
  <node id="1159" lat="37.2416537" lon="126.7743937"/>
  <node id="1160" lat="37.2416682" lon="126.7743633"/>
  <node id="1161" lat="37.2416813" lon="126.7743321"/>
  <node id="1162" lat="37.2416864" lon="126.7742612"/>
  <node id="1163" lat="37.241753" lon="126.7744216"/>
  <node id="1164" lat="37.2415502" lon="126.7744391"/>
  <node id="1165" lat="37.2415471" lon="126.7744791"/>
  <node id="1166" lat="37.2417643" lon="126.7744614"/>
  <node id="1167" lat="37.2416861" lon="126.7742788"/>
  <node id="1168" lat="37.2416868" lon="126.7743071"/>
  <node id="1169" lat="37.2416883" lon="126.7743304"/>
  <node id="1170" lat="37.2416907" lon="126.7743511"/>
  <node id="1171" lat="37.2416941" lon="126.7743708"/>
  <node id="1172" lat="37.2416988" lon="126.7743907"/>
  <node id="1173" lat="37.2417045" lon="126.7744086"/>
  <node id="1174" lat="37.2417129" lon="126.7744259"/>
  <node id="1175" lat="37.2417201" lon="126.7744369"/>
  <node id="1176" lat="37.2417279" lon="126.7744461"/>
  <node id="1177" lat="37.2417366" lon="126.7744532"/>
  <node id="1178" lat="37.2417464" lon="126.7744588"/>
  <node id="1179" lat="37.2417507" lon="126.7744603"/>
  <node id="1180" lat="37.2417556" lon="126.7744611"/>
  <node id="1181" lat="37.2417645" lon="126.7744609"/>
  <node id="1182" lat="37.2416937" lon="126.7746625"/>
  <node id="1183" lat="37.2416912" lon="126.7746283"/>
  <node id="1184" lat="37.2416857" lon="126.7745944"/>
  <node id="1185" lat="37.2416781" lon="126.774565"/>
  <node id="1186" lat="37.2416681" lon="126.7745391"/>
  <node id="1187" lat="37.2416556" lon="126.7745111"/>
  <node id="1188" lat="37.2416401" lon="126.7744872"/>
  <node id="1189" lat="37.2416215" lon="126.7744662"/>
  <node id="1190" lat="37.2415994" lon="126.7744506"/>
  <node id="1191" lat="37.2415758" lon="126.7744393"/>
  <node id="1192" lat="37.2415505" lon="126.7744336"/>
  <node id="1193" lat="37.2427744" lon="126.7745902"/>
  <node id="1194" lat="37.2427654" lon="126.7745673"/>
  <node id="1195" lat="37.2427553" lon="126.7745451"/>
  <node id="1196" lat="37.2427438" lon="126.7745234"/>
  <node id="1197" lat="37.2427327" lon="126.7745066"/>
  <node id="1198" lat="37.2427178" lon="126.7744888"/>
  <node id="1199" lat="37.2426983" lon="126.7744656"/>
  <node id="1200" lat="37.2426947" lon="126.7744613"/>
  <node id="1201" lat="37.2426846" lon="126.7744501"/>
  <node id="1202" lat="37.2426745" lon="126.7744388"/>
  <node id="1203" lat="37.2426683" lon="126.774432"/>
  <node id="1204" lat="37.2426481" lon="126.7744137"/>
  <node id="1205" lat="37.2426316" lon="126.7744018"/>
  <node id="1206" lat="37.2426171" lon="126.774394"/>
  <node id="1207" lat="37.2426072" lon="126.7743906"/>
  <node id="1208" lat="37.2425978" lon="126.7743881"/>
  <node id="1209" lat="37.2429422" lon="126.7744555"/>
  <node id="1210" lat="37.2429255" lon="126.7744606"/>
  <node id="1211" lat="37.2429049" lon="126.7744688"/>
  <node id="1212" lat="37.2428849" lon="126.7744783"/>
  <node id="1213" lat="37.2428686" lon="126.7744868"/>
  <node id="1214" lat="37.2428473" lon="126.7744995"/>
  <node id="1215" lat="37.2428293" lon="126.7745125"/>
  <node id="1216" lat="37.2428131" lon="126.7745279"/>
  <node id="1217" lat="37.2427988" lon="126.7745441"/>
  <node id="1218" lat="37.2427887" lon="126.774562"/>
  <node id="1219" lat="37.2427841" lon="126.7745719"/>
  <node id="1220" lat="37.2427809" lon="126.7745831"/>
  <node id="1221" lat="37.2427794" lon="126.77459"/>
  <node id="1222" lat="37.2427811" lon="126.7743009"/>
  <node id="1223" lat="37.2427888" lon="126.7743204"/>
  <node id="1224" lat="37.2427991" lon="126.7743411"/>
  <node id="1225" lat="37.2428093" lon="126.7743582"/>
  <node id="1226" lat="37.242825" lon="126.7743792"/>
  <node id="1227" lat="37.2428393" lon="126.7743954"/>
  <node id="1228" lat="37.2428554" lon="126.774411"/>
  <node id="1229" lat="37.2428702" lon="126.7744224"/>
  <node id="1230" lat="37.2428892" lon="126.7744356"/>
  <node id="1231" lat="37.242908" lon="126.7744464"/>
  <node id="1232" lat="37.2429212" lon="126.7744531"/>
  <node id="1233" lat="37.2429365" lon="126.7744584"/>
  <node id="1234" lat="37.2429422" lon="126.7744599"/>
  <node id="1235" lat="37.2425979" lon="126.7743913"/>
  <node id="1236" lat="37.2426247" lon="126.7743888"/>
  <node id="1237" lat="37.2426265" lon="126.7743887"/>
  <node id="1238" lat="37.2426441" lon="126.7743865"/>
  <node id="1239" lat="37.2426583" lon="126.7743835"/>
  <node id="1240" lat="37.2426753" lon="126.7743782"/>
  <node id="1241" lat="37.2426943" lon="126.7743712"/>
  <node id="1242" lat="37.242711" lon="126.7743634"/>
  <node id="1243" lat="37.2427271" lon="126.7743547"/>
  <node id="1244" lat="37.2427413" lon="126.7743464"/>
  <node id="1245" lat="37.242753" lon="126.7743362"/>
  <node id="1246" lat="37.2427628" lon="126.7743241"/>
  <node id="1247" lat="37.242771" lon="126.7743089"/>
  <node id="1248" lat="37.2427732" lon="126.7743013"/>
  <node id="1249" lat="37.242599" lon="126.7744319"/>
  <node id="1250" lat="37.2426193" lon="126.7744312"/>
  <node id="1251" lat="37.2426463" lon="126.7744303"/>
  <node id="1252" lat="37.2426521" lon="126.7744302"/>
  <node id="1253" lat="37.2426712" lon="126.7744294"/>
  <node id="1254" lat="37.2426896" lon="126.7744285"/>
  <node id="1255" lat="37.2427082" lon="126.7744243"/>
  <node id="1256" lat="37.2427283" lon="126.7744178"/>
  <node id="1257" lat="37.2427459" lon="126.7744097"/>
  <node id="1258" lat="37.2427591" lon="126.7744003"/>
  <node id="1259" lat="37.2427781" lon="126.7743817"/>
  <node id="1260" lat="37.2427909" lon="126.7743652"/>
  <node id="1261" lat="37.2428007" lon="126.7743481"/>
  <node id="1262" lat="37.2428054" lon="126.7743327"/>
  <node id="1263" lat="37.2428082" lon="126.7743186"/>
  <node id="1264" lat="37.2428092" lon="126.7742996"/>
  <node id="1265" lat="37.2429415" lon="126.7744165"/>
  <node id="1266" lat="37.2429146" lon="126.7744142"/>
  <node id="1267" lat="37.2428979" lon="126.7744128"/>
  <node id="1268" lat="37.2428711" lon="126.7744103"/>
  <node id="1269" lat="37.2428446" lon="126.7744079"/>
  <node id="1270" lat="37.2428177" lon="126.7744056"/>
  <node id="1271" lat="37.2427907" lon="126.7744033"/>
  <node id="1272" lat="37.242778" lon="126.7744023"/>
  <node id="1273" lat="37.2427646" lon="126.7744011"/>
  <node id="1274" lat="37.2427511" lon="126.7743999"/>
  <node id="1275" lat="37.2427376" lon="126.7743987"/>
  <node id="1276" lat="37.2427241" lon="126.7743975"/>
  <node id="1277" lat="37.2427018" lon="126.7743955"/>
  <node id="1278" lat="37.2426748" lon="126.7743936"/>
  <node id="1279" lat="37.2426479" lon="126.7743917"/>
  <node id="1280" lat="37.242621" lon="126.7743897"/>
  <node id="1281" lat="37.2428233" lon="126.7748637"/>
  <node id="1282" lat="37.2428224" lon="126.7748333"/>
  <node id="1283" lat="37.2428218" lon="126.7747995"/>
  <node id="1284" lat="37.2428213" lon="126.7747764"/>
  <node id="1285" lat="37.2428205" lon="126.7747426"/>
  <node id="1286" lat="37.2428199" lon="126.7747192"/>
  <node id="1287" lat="37.2428191" lon="126.7746917"/>
  <node id="1288" lat="37.2398328" lon="126.773517"/>
  <node id="1289" lat="37.2421635" lon="126.7744855"/>
  <node id="1290" lat="37.2421904" lon="126.7744848"/>
  <node id="1291" lat="37.2422055" lon="126.7744844"/>
  <node id="1292" lat="37.2422324" lon="126.7744835"/>
  <node id="1293" lat="37.2422382" lon="126.7744833"/>
  <node id="1294" lat="37.2422594" lon="126.7744826"/>
  <node id="1295" lat="37.2422692" lon="126.7744823"/>
  <node id="1296" lat="37.2422961" lon="126.7744814"/>
  <node id="1297" lat="37.2423231" lon="126.7744805"/>
  <node id="1298" lat="37.24235" lon="126.7744797"/>
  <node id="1299" lat="37.242361" lon="126.7744793"/>
  <node id="1300" lat="37.2423745" lon="126.7744788"/>
  <node id="1301" lat="37.242388" lon="126.7744783"/>
  <node id="1302" lat="37.2424015" lon="126.7744778"/>
  <node id="1303" lat="37.242415" lon="126.7744774"/>
  <node id="1304" lat="37.2424285" lon="126.7744769"/>
  <node id="1305" lat="37.242442" lon="126.7744764"/>
  <node id="1306" lat="37.2424555" lon="126.7744759"/>
  <node id="1307" lat="37.2424691" lon="126.7744754"/>
  <node id="1308" lat="37.2424826" lon="126.7744749"/>
  <node id="1309" lat="37.2424961" lon="126.7744744"/>
  <node id="1310" lat="37.2424991" lon="126.7744743"/>
  <node id="1311" lat="37.2427829" lon="126.7748529"/>
  <node id="1312" lat="37.2427829" lon="126.7748555"/>
  <node id="1313" lat="37.2406928" lon="126.7741541"/>
  <node id="1314" lat="37.2408463" lon="126.7742587"/>
  <node id="1315" lat="37.2409159" lon="126.7743031"/>
  <node id="1316" lat="37.2409903" lon="126.7743527"/>
  <node id="1317" lat="37.2410662" lon="126.7744008"/>
  <node id="1318" lat="37.241152" lon="126.7744559"/>
  <node id="1319" lat="37.2411567" lon="126.7744582"/>
  <node id="1320" lat="37.2406695" lon="126.7740933"/>
  <node id="1321" lat="37.2407177" lon="126.7741261"/>
  <node id="1322" lat="37.2408172" lon="126.7741812"/>
  <node id="1323" lat="37.240954" lon="126.7742545"/>
  <node id="1324" lat="37.2409799" lon="126.7742684"/>
  <node id="1325" lat="37.241065" lon="126.774314"/>
  <node id="1326" lat="37.2411445" lon="126.7743653"/>
  <node id="1327" lat="37.241167" lon="126.774378"/>
  <node id="1328" lat="37.2411829" lon="126.7743881"/>
  <node id="1329" lat="37.2412202" lon="126.7744076"/>
  <node id="1330" lat="37.2412574" lon="126.7744227"/>
  <node id="1331" lat="37.2412955" lon="126.7744373"/>
  <node id="1332" lat="37.2413344" lon="126.7744491"/>
  <node id="1333" lat="37.2413614" lon="126.7744562"/>
  <node id="1334" lat="37.241389" lon="126.7744626"/>
  <node id="1335" lat="37.2414375" lon="126.7744713"/>
  <node id="1336" lat="37.2414674" lon="126.7744761"/>
  <node id="1337" lat="37.2414945" lon="126.774478"/>
  <node id="1338" lat="37.2415495" lon="126.7744796"/>
  <node id="1339" lat="37.2407188" lon="126.7741681"/>
  <node id="1340" lat="37.2407826" lon="126.774205"/>
  <node id="1341" lat="37.2408739" lon="126.7742534"/>
  <node id="1342" lat="37.2409565" lon="126.7742976"/>
  <node id="1343" lat="37.2410253" lon="126.7743322"/>
  <node id="1344" lat="37.2411056" lon="126.774384"/>
  <node id="1345" lat="37.2411651" lon="126.7744214"/>
  <node id="1346" lat="37.2412029" lon="126.7744399"/>
  <node id="1347" lat="37.2412757" lon="126.7744728"/>
  <node id="1348" lat="37.2413416" lon="126.7744933"/>
  <node id="1349" lat="37.2413756" lon="126.7745014"/>
  <node id="1350" lat="37.2414114" lon="126.7745073"/>
  <node id="1351" lat="37.2414735" lon="126.7745165"/>
  <node id="1352" lat="37.2415501" lon="126.7745187"/>
  <node id="1353" lat="37.2417659" lon="126.7744997"/>
  <node id="1354" lat="37.2417927" lon="126.7745034"/>
  <node id="1355" lat="37.2417985" lon="126.7745041"/>
  <node id="1356" lat="37.241812" lon="126.7745058"/>
  <node id="1357" lat="37.2418254" lon="126.7745074"/>
  <node id="1358" lat="37.2418389" lon="126.774509"/>
  <node id="1359" lat="37.2418523" lon="126.7745106"/>
  <node id="1360" lat="37.2418698" lon="126.7745127"/>
  <node id="1361" lat="37.2418833" lon="126.7745143"/>
  <node id="1362" lat="37.2418967" lon="126.774516"/>
  <node id="1363" lat="37.2419102" lon="126.7745176"/>
  <node id="1364" lat="37.2419236" lon="126.7745193"/>
  <node id="1365" lat="37.2419386" lon="126.7745211"/>
  <node id="1366" lat="37.2419654" lon="126.7745245"/>
  <node id="1367" lat="37.2419913" lon="126.7745278"/>
  <node id="1368" lat="37.2420127" lon="126.7745291"/>
  <node id="1369" lat="37.2420396" lon="126.7745284"/>
  <node id="1370" lat="37.2420533" lon="126.7745281"/>
  <node id="1371" lat="37.2420671" lon="126.7745278"/>
  <node id="1372" lat="37.2420674" lon="126.7745278"/>
  <node id="1373" lat="37.242164" lon="126.774525"/>
  <node id="1374" lat="37.2421679" lon="126.7745248"/>
  <node id="1375" lat="37.24217" lon="126.7745248"/>
  <node id="1376" lat="37.2421969" lon="126.774524"/>
  <node id="1377" lat="37.2422238" lon="126.7745232"/>
  <node id="1378" lat="37.242225" lon="126.7745231"/>
  <node id="1379" lat="37.2422391" lon="126.7745226"/>
  <node id="1380" lat="37.242252" lon="126.7745222"/>
  <node id="1381" lat="37.2422655" lon="126.7745218"/>
  <node id="1382" lat="37.242279" lon="126.7745213"/>
  <node id="1383" lat="37.2422971" lon="126.7745207"/>
  <node id="1384" lat="37.242324" lon="126.7745197"/>
  <node id="1385" lat="37.242351" lon="126.7745188"/>
  <node id="1386" lat="37.242378" lon="126.7745178"/>
  <node id="1387" lat="37.2424049" lon="126.7745168"/>
  <node id="1388" lat="37.2424319" lon="126.7745158"/>
  <node id="1389" lat="37.2424589" lon="126.7745149"/>
  <node id="1390" lat="37.2424858" lon="126.7745139"/>
  <node id="1391" lat="37.2425001" lon="126.7745134"/>
  <node id="1392" lat="37.2414288" lon="126.7749891"/>
  <node id="1393" lat="37.2413788" lon="126.7749888"/>
  <node id="1394" lat="37.2413385" lon="126.7749864"/>
  <node id="1395" lat="37.2413017" lon="126.7749812"/>
  <node id="1396" lat="37.2412836" lon="126.774978"/>
  <node id="1397" lat="37.2413991" lon="126.7749721"/>
  <node id="1398" lat="37.2413639" lon="126.7749708"/>
  <node id="1399" lat="37.2413411" lon="126.7749696"/>
  <node id="1400" lat="37.2413067" lon="126.7749665"/>
  <node id="1401" lat="37.2412506" lon="126.7749555"/>
  <node id="1402" lat="37.2407269" lon="126.7747133"/>
  <node id="1403" lat="37.2406936" lon="126.7746946"/>
  <node id="1404" lat="37.2406654" lon="126.7746752"/>
  <node id="1405" lat="37.2406449" lon="126.7746614"/>
  <node id="1406" lat="37.2406179" lon="126.7746436"/>
  <node id="1407" lat="37.2406019" lon="126.7746337"/>
  <node id="1408" lat="37.2407651" lon="126.7747204"/>
  <node id="1409" lat="37.2407331" lon="126.7747008"/>
  <node id="1410" lat="37.2407015" lon="126.7746795"/>
  <node id="1411" lat="37.2406474" lon="126.7746409"/>
  <node id="1412" lat="37.2437913" lon="126.7744131"/>
  <node id="1413" lat="37.2438" lon="126.7744125"/>
  <node id="1414" lat="37.2438066" lon="126.77441"/>
  <node id="1415" lat="37.2438136" lon="126.7744051"/>
  <node id="1416" lat="37.2438195" lon="126.7744002"/>
  <node id="1417" lat="37.2438262" lon="126.7743925"/>
  <node id="1418" lat="37.2438321" lon="126.7743855"/>
  <node id="1419" lat="37.2438373" lon="126.7743768"/>
  <node id="1420" lat="37.2438414" lon="126.7743683"/>
  <node id="1421" lat="37.2438471" lon="126.7743501"/>
  <node id="1422" lat="37.2438495" lon="126.7743402"/>
  <node id="1423" lat="37.2438513" lon="126.7743307"/>
  <node id="1424" lat="37.2438521" lon="126.7743203"/>
  <node id="1425" lat="37.2438528" lon="126.7743054"/>
  <node id="1426" lat="37.2438532" lon="126.7742851"/>
  <node id="1427" lat="37.2438524" lon="126.7742525"/>
  <node id="1428" lat="37.2395537" lon="126.7739042"/>
  <node id="1429" lat="37.2395547" lon="126.7739191"/>
  <node id="1430" lat="37.2395571" lon="126.7739379"/>
  <node id="1431" lat="37.2395622" lon="126.7739594"/>
  <node id="1432" lat="37.2395701" lon="126.7739823"/>
  <node id="1433" lat="37.2395804" lon="126.7740054"/>
  <node id="1434" lat="37.2395942" lon="126.7740295"/>
  <node id="1435" lat="37.2396092" lon="126.7740496"/>
  <node id="1436" lat="37.2396175" lon="126.774059"/>
  <node id="1437" lat="37.239631" lon="126.7740706"/>
  <node id="1438" lat="37.2395624" lon="126.7738892"/>
  <node id="1439" lat="37.239571" lon="126.7738743"/>
  <node id="1440" lat="37.2395868" lon="126.773847"/>
  <node id="1441" lat="37.2395923" lon="126.7738374"/>
  <node id="1442" lat="37.2394998" lon="126.7740643"/>
  <node id="1443" lat="37.2395157" lon="126.7740375"/>
  <node id="1444" lat="37.2395306" lon="126.7740111"/>
  <node id="1445" lat="37.2395336" lon="126.7740059"/>
  <node id="1446" lat="37.2395492" lon="126.7739785"/>
  <node id="1447" lat="37.2395648" lon="126.773951"/>
  <node id="1448" lat="37.2395702" lon="126.7739414"/>
  <node id="1449" lat="37.2395857" lon="126.7739138"/>
  <node id="1450" lat="37.2396012" lon="126.7738861"/>
  <node id="1451" lat="37.239616" lon="126.7738598"/>
  <node id="1452" lat="37.239623" lon="126.7738472"/>
  <node id="1453" lat="37.2396247" lon="126.7738443"/>
  <node id="1454" lat="37.2427323" lon="126.7739528"/>
  <node id="1455" lat="37.2427324" lon="126.7739569"/>
  <node id="1456" lat="37.2427328" lon="126.7739783"/>
  <node id="1457" lat="37.2427335" lon="126.7740121"/>
  <node id="1458" lat="37.2427342" lon="126.7740459"/>
  <node id="1459" lat="37.2427345" lon="126.7740567"/>
  <node id="1460" lat="37.2427353" lon="126.7740905"/>
  <node id="1461" lat="37.242736" lon="126.7741243"/>
  <node id="1462" lat="37.2427365" lon="126.7741465"/>
  <node id="1463" lat="37.2427368" lon="126.7741674"/>
  <node id="1464" lat="37.2427373" lon="126.7741898"/>
  <node id="1465" lat="37.2427374" lon="126.7741981"/>
  <node id="1466" lat="37.242808" lon="126.774232"/>
  <node id="1467" lat="37.2428075" lon="126.7742139"/>
  <node id="1468" lat="37.2428071" lon="126.7741958"/>
  <node id="1469" lat="37.2428065" lon="126.7741667"/>
  <node id="1470" lat="37.2428063" lon="126.7741554"/>
  <node id="1471" lat="37.2428055" lon="126.7741216"/>
  <node id="1472" lat="37.2428049" lon="126.7740992"/>
  <node id="1473" lat="37.242804" lon="126.7740654"/>
  <node id="1474" lat="37.2428035" lon="126.7740424"/>
  <node id="1475" lat="37.2428029" lon="126.7740086"/>
  <node id="1476" lat="37.2428024" lon="126.7739863"/>
  <node id="1477" lat="37.2428017" lon="126.773953"/>
  <node id="1478" lat="37.2419931" lon="126.7737506"/>
  <node id="1479" lat="37.2420173" lon="126.7737506"/>
  <node id="1480" lat="37.2420245" lon="126.7737506"/>
  <node id="1481" lat="37.2420302" lon="126.7737506"/>
  <node id="1482" lat="37.2420379" lon="126.7737508"/>
  <node id="1483" lat="37.2420442" lon="126.7737511"/>
  <node id="1484" lat="37.2420515" lon="126.7737513"/>
  <node id="1485" lat="37.2420629" lon="126.7737516"/>
  <node id="1486" lat="37.242071" lon="126.7737517"/>
  <node id="1487" lat="37.2420775" lon="126.7737518"/>
  <node id="1488" lat="37.2420896" lon="126.773752"/>
  <node id="1489" lat="37.2420991" lon="126.773752"/>
  <node id="1490" lat="37.242107" lon="126.7737518"/>
  <node id="1491" lat="37.2421122" lon="126.7737516"/>
  <node id="1492" lat="37.2421218" lon="126.7737512"/>
  <node id="1493" lat="37.2421359" lon="126.7737507"/>
  <node id="1494" lat="37.2421548" lon="126.7737502"/>
  <node id="1495" lat="37.242171" lon="126.7737495"/>
  <node id="1496" lat="37.2421882" lon="126.7737489"/>
  <node id="1497" lat="37.2421991" lon="126.7737484"/>
  <node id="1498" lat="37.2422032" lon="126.7737483"/>
  <node id="1499" lat="37.2422129" lon="126.7737479"/>
  <node id="1500" lat="37.2422332" lon="126.7737473"/>
  <node id="1501" lat="37.2422429" lon="126.773747"/>
  <node id="1502" lat="37.242262" lon="126.773746"/>
  <node id="1503" lat="37.2422784" lon="126.7737455"/>
  <node id="1504" lat="37.242298" lon="126.7737448"/>
  <node id="1505" lat="37.2423135" lon="126.7737443"/>
  <node id="1506" lat="37.2423145" lon="126.7737442"/>
  <node id="1507" lat="37.2423202" lon="126.773744"/>
  <node id="1508" lat="37.2423354" lon="126.7737433"/>
  <node id="1509" lat="37.2423522" lon="126.7737429"/>
  <node id="1510" lat="37.2423623" lon="126.7737424"/>
  <node id="1511" lat="37.2423792" lon="126.7737418"/>
  <node id="1512" lat="37.2423893" lon="126.7737415"/>
  <node id="1513" lat="37.2423996" lon="126.7737411"/>
  <node id="1514" lat="37.2424148" lon="126.7737404"/>
  <node id="1515" lat="37.2424234" lon="126.7737402"/>
  <node id="1516" lat="37.2424336" lon="126.7737399"/>
  <node id="1517" lat="37.2424489" lon="126.7737393"/>
  <node id="1518" lat="37.2424685" lon="126.7737385"/>
  <node id="1519" lat="37.2424876" lon="126.7737378"/>
  <node id="1520" lat="37.2424931" lon="126.7737376"/>
  <node id="1521" lat="37.2425075" lon="126.7737371"/>
  <node id="1522" lat="37.2425172" lon="126.7737368"/>
  <node id="1523" lat="37.2425355" lon="126.7737361"/>
  <node id="1524" lat="37.2425487" lon="126.7737356"/>
  <node id="1525" lat="37.2425752" lon="126.7737349"/>
  <node id="1526" lat="37.2425803" lon="126.7737347"/>
  <node id="1527" lat="37.2419938" lon="126.7737954"/>
  <node id="1528" lat="37.2420149" lon="126.7737942"/>
  <node id="1529" lat="37.242036" lon="126.773793"/>
  <node id="1530" lat="37.2420413" lon="126.7737928"/>
  <node id="1531" lat="37.2420683" lon="126.7737921"/>
  <node id="1532" lat="37.2420953" lon="126.7737913"/>
  <node id="1533" lat="37.2421033" lon="126.7737911"/>
  <node id="1534" lat="37.2421303" lon="126.7737902"/>
  <node id="1535" lat="37.2421573" lon="126.7737894"/>
  <node id="1536" lat="37.2421844" lon="126.7737886"/>
  <node id="1537" lat="37.242194" lon="126.7737882"/>
  <node id="1538" lat="37.242221" lon="126.7737871"/>
  <node id="1539" lat="37.242248" lon="126.7737861"/>
  <node id="1540" lat="37.2422751" lon="126.773785"/>
  <node id="1541" lat="37.2422857" lon="126.7737846"/>
  <node id="1542" lat="37.2423128" lon="126.7737836"/>
  <node id="1543" lat="37.2423398" lon="126.7737826"/>
  <node id="1544" lat="37.2423668" lon="126.7737816"/>
  <node id="1545" lat="37.2423697" lon="126.7737815"/>
  <node id="1546" lat="37.2423833" lon="126.7737811"/>
  <node id="1547" lat="37.2423968" lon="126.7737806"/>
  <node id="1548" lat="37.2424238" lon="126.7737797"/>
  <node id="1549" lat="37.2424508" lon="126.7737788"/>
  <node id="1550" lat="37.2424683" lon="126.7737781"/>
  <node id="1551" lat="37.2424953" lon="126.7737771"/>
  <node id="1552" lat="37.2425224" lon="126.773776"/>
  <node id="1553" lat="37.2425494" lon="126.773775"/>
  <node id="1554" lat="37.2425702" lon="126.7737744"/>
  <node id="1555" lat="37.2425814" lon="126.773774"/>
  <node id="1556" lat="37.2426329" lon="126.7736819"/>
  <node id="1557" lat="37.2426265" lon="126.7736821"/>
  <node id="1558" lat="37.2425994" lon="126.773683"/>
  <node id="1559" lat="37.2425724" lon="126.7736839"/>
  <node id="1560" lat="37.2425454" lon="126.7736848"/>
  <node id="1561" lat="37.2425331" lon="126.7736853"/>
  <node id="1562" lat="37.2425061" lon="126.7736863"/>
  <node id="1563" lat="37.2424791" lon="126.7736873"/>
  <node id="1564" lat="37.2424521" lon="126.7736883"/>
  <node id="1565" lat="37.2424456" lon="126.7736885"/>
  <node id="1566" lat="37.2424186" lon="126.7736895"/>
  <node id="1567" lat="37.2423916" lon="126.7736905"/>
  <node id="1568" lat="37.2423646" lon="126.7736915"/>
  <node id="1569" lat="37.2423548" lon="126.7736918"/>
  <node id="1570" lat="37.2423278" lon="126.7736928"/>
  <node id="1571" lat="37.2423008" lon="126.7736938"/>
  <node id="1572" lat="37.2422738" lon="126.7736947"/>
  <node id="1573" lat="37.2422651" lon="126.773695"/>
  <node id="1574" lat="37.2422515" lon="126.7736955"/>
  <node id="1575" lat="37.242238" lon="126.7736959"/>
  <node id="1576" lat="37.242211" lon="126.7736968"/>
  <node id="1577" lat="37.2421877" lon="126.7736976"/>
  <node id="1578" lat="37.2421682" lon="126.7736988"/>
  <node id="1579" lat="37.2421486" lon="126.7737"/>
  <node id="1580" lat="37.2421318" lon="126.7737011"/>
  <node id="1581" lat="37.242115" lon="126.7737021"/>
  <node id="1582" lat="37.242092" lon="126.7737036"/>
  <node id="1583" lat="37.2420746" lon="126.7737046"/>
  <node id="1584" lat="37.2420573" lon="126.7737057"/>
  <node id="1585" lat="37.2420348" lon="126.7737071"/>
  <node id="1586" lat="37.2420123" lon="126.7737085"/>
  <node id="1587" lat="37.2429548" lon="126.7737605"/>
  <node id="1588" lat="37.2429735" lon="126.7737599"/>
  <node id="1589" lat="37.2430005" lon="126.773759"/>
  <node id="1590" lat="37.2430099" lon="126.7737587"/>
  <node id="1591" lat="37.2430369" lon="126.7737576"/>
  <node id="1592" lat="37.2430639" lon="126.7737566"/>
  <node id="1593" lat="37.243091" lon="126.7737556"/>
  <node id="1594" lat="37.2430972" lon="126.7737553"/>
  <node id="1595" lat="37.2431107" lon="126.7737548"/>
  <node id="1596" lat="37.2431242" lon="126.7737543"/>
  <node id="1597" lat="37.2431377" lon="126.7737538"/>
  <node id="1598" lat="37.2431512" lon="126.7737533"/>
  <node id="1599" lat="37.2431647" lon="126.7737528"/>
  <node id="1600" lat="37.2431782" lon="126.7737523"/>
  <node id="1601" lat="37.2431887" lon="126.7737519"/>
  <node id="1602" lat="37.2432158" lon="126.7737508"/>
  <node id="1603" lat="37.2432428" lon="126.7737498"/>
  <node id="1604" lat="37.2432698" lon="126.7737487"/>
  <node id="1605" lat="37.2432786" lon="126.7737485"/>
  <node id="1606" lat="37.2433056" lon="126.7737475"/>
  <node id="1607" lat="37.2433326" lon="126.7737467"/>
  <node id="1608" lat="37.2433572" lon="126.7737458"/>
  <node id="1609" lat="37.2433809" lon="126.7737442"/>
  <node id="1610" lat="37.2434046" lon="126.7737425"/>
  <node id="1611" lat="37.2434283" lon="126.7737408"/>
  <node id="1612" lat="37.2434521" lon="126.7737391"/>
  <node id="1613" lat="37.2434758" lon="126.7737375"/>
  <node id="1614" lat="37.2434995" lon="126.7737358"/>
  <node id="1615" lat="37.2435232" lon="126.7737341"/>
  <node id="1616" lat="37.2435469" lon="126.7737325"/>
  <node id="1617" lat="37.2435452" lon="126.7736531"/>
  <node id="1618" lat="37.2435209" lon="126.7736534"/>
  <node id="1619" lat="37.2434967" lon="126.7736538"/>
  <node id="1620" lat="37.2434725" lon="126.7736541"/>
  <node id="1621" lat="37.2434482" lon="126.7736544"/>
  <node id="1622" lat="37.243424" lon="126.7736547"/>
  <node id="1623" lat="37.2433998" lon="126.773655"/>
  <node id="1624" lat="37.2433755" lon="126.7736554"/>
  <node id="1625" lat="37.2433513" lon="126.7736557"/>
  <node id="1626" lat="37.2433243" lon="126.7736566"/>
  <node id="1627" lat="37.2432973" lon="126.7736576"/>
  <node id="1628" lat="37.2432703" lon="126.7736586"/>
  <node id="1629" lat="37.2432583" lon="126.7736591"/>
  <node id="1630" lat="37.2432313" lon="126.7736601"/>
  <node id="1631" lat="37.2432043" lon="126.7736612"/>
  <node id="1632" lat="37.2431772" lon="126.7736622"/>
  <node id="1633" lat="37.2431696" lon="126.7736625"/>
  <node id="1634" lat="37.2431426" lon="126.7736635"/>
  <node id="1635" lat="37.2431156" lon="126.7736644"/>
  <node id="1636" lat="37.2430885" lon="126.7736654"/>
  <node id="1637" lat="37.243077" lon="126.7736658"/>
  <node id="1638" lat="37.2430635" lon="126.7736663"/>
  <node id="1639" lat="37.24305" lon="126.7736668"/>
  <node id="1640" lat="37.2430365" lon="126.7736673"/>
  <node id="1641" lat="37.243023" lon="126.7736679"/>
  <node id="1642" lat="37.2430095" lon="126.7736684"/>
  <node id="1643" lat="37.242996" lon="126.7736689"/>
  <node id="1644" lat="37.2429876" lon="126.7736692"/>
  <node id="1645" lat="37.2429606" lon="126.7736703"/>
  <node id="1646" lat="37.2429336" lon="126.7736713"/>
  <node id="1647" lat="37.2429066" lon="126.7736724"/>
  <node id="1648" lat="37.2427919" lon="126.7748573"/>
  <node id="1649" lat="37.2427916" lon="126.7748403"/>
  <node id="1650" lat="37.2427914" lon="126.7748252"/>
  <node id="1651" lat="37.2427906" lon="126.7747914"/>
  <node id="1652" lat="37.2427898" lon="126.7747576"/>
  <node id="1653" lat="37.2427893" lon="126.7747407"/>
  <node id="1654" lat="37.2427889" lon="126.7747238"/>
  <node id="1655" lat="37.2427882" lon="126.7746927"/>
  <node id="1656" lat="37.2425921" lon="126.7737746"/>
  <node id="1657" lat="37.2426034" lon="126.773777"/>
  <node id="1658" lat="37.2426148" lon="126.7737807"/>
  <node id="1659" lat="37.2426337" lon="126.7737867"/>
  <node id="1660" lat="37.242645" lon="126.7737916"/>
  <node id="1661" lat="37.2426538" lon="126.7737954"/>
  <node id="1662" lat="37.2426601" lon="126.773799"/>
  <node id="1663" lat="37.242669" lon="126.7738059"/>
  <node id="1664" lat="37.2426733" lon="126.7738095"/>
  <node id="1665" lat="37.2428551" lon="126.7738031"/>
  <node id="1666" lat="37.2428618" lon="126.7737959"/>
  <node id="1667" lat="37.2428682" lon="126.7737909"/>
  <node id="1668" lat="37.242877" lon="126.7737844"/>
  <node id="1669" lat="37.242886" lon="126.7737794"/>
  <node id="1670" lat="37.2428954" lon="126.7737747"/>
  <node id="1671" lat="37.2429012" lon="126.773773"/>
  <node id="1672" lat="37.2429103" lon="126.7737697"/>
  <node id="1673" lat="37.2429247" lon="126.7737655"/>
  <node id="1674" lat="37.2429397" lon="126.7737625"/>
  <node id="1675" lat="37.2427094" lon="126.7737693"/>
  <node id="1676" lat="37.2427276" lon="126.7737687"/>
  <node id="1677" lat="37.2427283" lon="126.7737927"/>
  <node id="1678" lat="37.2427308" lon="126.7738825"/>
  <node id="1679" lat="37.2427313" lon="126.773906"/>
  <node id="1680" lat="37.2427318" lon="126.7739294"/>
  <node id="1681" lat="37.2428886" lon="126.7737631"/>
  <node id="1682" lat="37.2428948" lon="126.7737629"/>
  <node id="1683" lat="37.2429218" lon="126.7737621"/>
  <node id="1684" lat="37.2429278" lon="126.7737618"/>
  <node id="1685" lat="37.242801" lon="126.7739313"/>
  <node id="1686" lat="37.2428007" lon="126.7739191"/>
  <node id="1687" lat="37.2428005" lon="126.7739105"/>
  <node id="1688" lat="37.242954" lon="126.7737215"/>
  <node id="1689" lat="37.2429638" lon="126.7737211"/>
  <node id="1690" lat="37.2429835" lon="126.7737204"/>
  <node id="1691" lat="37.2429947" lon="126.77372"/>
  <node id="1692" lat="37.2430074" lon="126.7737195"/>
  <node id="1693" lat="37.2430185" lon="126.7737191"/>
  <node id="1694" lat="37.2430312" lon="126.7737186"/>
  <node id="1695" lat="37.2430466" lon="126.773718"/>
  <node id="1696" lat="37.2430608" lon="126.7737175"/>
  <node id="1697" lat="37.2430763" lon="126.7737169"/>
  <node id="1698" lat="37.2430905" lon="126.7737163"/>
  <node id="1699" lat="37.2431018" lon="126.7737159"/>
  <node id="1700" lat="37.2431172" lon="126.7737153"/>
  <node id="1701" lat="37.2431284" lon="126.7737149"/>
  <node id="1702" lat="37.2431439" lon="126.7737143"/>
  <node id="1703" lat="37.2431505" lon="126.7737141"/>
  <node id="1704" lat="37.243156" lon="126.7737139"/>
  <node id="1705" lat="37.2431696" lon="126.7737133"/>
  <node id="1706" lat="37.2431817" lon="126.7737129"/>
  <node id="1707" lat="37.2431953" lon="126.7737123"/>
  <node id="1708" lat="37.2432062" lon="126.7737119"/>
  <node id="1709" lat="37.2432171" lon="126.7737115"/>
  <node id="1710" lat="37.2432348" lon="126.7737108"/>
  <node id="1711" lat="37.2432481" lon="126.7737103"/>
  <node id="1712" lat="37.2432658" lon="126.7737096"/>
  <node id="1713" lat="37.2432791" lon="126.7737091"/>
  <node id="1714" lat="37.2432937" lon="126.7737085"/>
  <node id="1715" lat="37.2433069" lon="126.773708"/>
  <node id="1716" lat="37.2433215" lon="126.7737074"/>
  <node id="1717" lat="37.2433348" lon="126.7737069"/>
  <node id="1718" lat="37.2433494" lon="126.7737063"/>
  <node id="1719" lat="37.2433594" lon="126.7737059"/>
  <node id="1720" lat="37.2433633" lon="126.7737058"/>
  <node id="1721" lat="37.243378" lon="126.7737052"/>
  <node id="1722" lat="37.24339" lon="126.7737047"/>
  <node id="1723" lat="37.2433919" lon="126.7737047"/>
  <node id="1724" lat="37.243407" lon="126.7737041"/>
  <node id="1725" lat="37.2434279" lon="126.7737034"/>
  <node id="1726" lat="37.2434425" lon="126.7737028"/>
  <node id="1727" lat="37.2434497" lon="126.7737022"/>
  <node id="1728" lat="37.2434578" lon="126.7737016"/>
  <node id="1729" lat="37.2434661" lon="126.7737009"/>
  <node id="1730" lat="37.2434742" lon="126.7737001"/>
  <node id="1731" lat="37.2434828" lon="126.773699"/>
  <node id="1732" lat="37.2434906" lon="126.7736981"/>
  <node id="1733" lat="37.2434988" lon="126.7736973"/>
  <node id="1734" lat="37.2435062" lon="126.7736968"/>
  <node id="1735" lat="37.2435121" lon="126.7736962"/>
  <node id="1736" lat="37.2435188" lon="126.7736958"/>
  <node id="1737" lat="37.2435253" lon="126.773695"/>
  <node id="1738" lat="37.2435333" lon="126.7736944"/>
  <node id="1739" lat="37.2435456" lon="126.7736934"/>
  <node id="1740" lat="37.2428613" lon="126.7748485"/>
  <node id="1741" lat="37.2428608" lon="126.7748382"/>
  <node id="1742" lat="37.2428602" lon="126.7748253"/>
  <node id="1743" lat="37.2428592" lon="126.7747915"/>
  <node id="1744" lat="37.2428582" lon="126.7747577"/>
  <node id="1745" lat="37.2428573" lon="126.7747261"/>
  <node id="1746" lat="37.2428573" lon="126.7747154"/>
  <node id="1747" lat="37.2428571" lon="126.7747031"/>
  <node id="1748" lat="37.242857" lon="126.7746904"/>
  <node id="1749" lat="37.2426933" lon="126.7739553"/>
  <node id="1750" lat="37.2426935" lon="126.7739623"/>
  <node id="1751" lat="37.2426943" lon="126.7739961"/>
  <node id="1752" lat="37.2426947" lon="126.774013"/>
  <node id="1753" lat="37.2426951" lon="126.7740299"/>
  <node id="1754" lat="37.242696" lon="126.7740637"/>
  <node id="1755" lat="37.2426964" lon="126.7740806"/>
  <node id="1756" lat="37.2426968" lon="126.7740975"/>
  <node id="1757" lat="37.2426973" lon="126.7741189"/>
  <node id="1758" lat="37.2426977" lon="126.7741358"/>
  <node id="1759" lat="37.2426981" lon="126.7741527"/>
  <node id="1760" lat="37.2426989" lon="126.7741865"/>
  <node id="1761" lat="37.2426991" lon="126.7741997"/>
  <node id="1762" lat="37.2425754" lon="126.773818"/>
  <node id="1763" lat="37.242581" lon="126.7738187"/>
  <node id="1764" lat="37.2425876" lon="126.7738196"/>
  <node id="1765" lat="37.2426029" lon="126.7738226"/>
  <node id="1766" lat="37.2426145" lon="126.7738249"/>
  <node id="1767" lat="37.2426247" lon="126.7738275"/>
  <node id="1768" lat="37.2426313" lon="126.7738294"/>
  <node id="1769" lat="37.2426375" lon="126.7738323"/>
  <node id="1770" lat="37.2426409" lon="126.773834"/>
  <node id="1771" lat="37.2426449" lon="126.7738366"/>
  <node id="1772" lat="37.2426494" lon="126.7738397"/>
  <node id="1773" lat="37.2420019" lon="126.7737963"/>
  <node id="1774" lat="37.242017" lon="126.7737978"/>
  <node id="1775" lat="37.2420323" lon="126.7737997"/>
  <node id="1776" lat="37.2420396" lon="126.7738005"/>
  <node id="1777" lat="37.2420562" lon="126.7738026"/>
  <node id="1778" lat="37.2420775" lon="126.7738054"/>
  <node id="1779" lat="37.2421028" lon="126.773808"/>
  <node id="1780" lat="37.2421211" lon="126.7738106"/>
  <node id="1781" lat="37.2421382" lon="126.7738127"/>
  <node id="1782" lat="37.2421571" lon="126.773815"/>
  <node id="1783" lat="37.2421755" lon="126.773817"/>
  <node id="1784" lat="37.2421887" lon="126.773819"/>
  <node id="1785" lat="37.2422021" lon="126.7738203"/>
  <node id="1786" lat="37.2422176" lon="126.7738223"/>
  <node id="1787" lat="37.2422269" lon="126.773823"/>
  <node id="1788" lat="37.2422342" lon="126.7738237"/>
  <node id="1789" lat="37.2422438" lon="126.7738241"/>
  <node id="1790" lat="37.2422602" lon="126.7738239"/>
  <node id="1791" lat="37.2422748" lon="126.7738242"/>
  <node id="1792" lat="37.2422851" lon="126.7738239"/>
  <node id="1793" lat="37.2422925" lon="126.7738236"/>
  <node id="1794" lat="37.242306" lon="126.7738232"/>
  <node id="1795" lat="37.2423195" lon="126.7738227"/>
  <node id="1796" lat="37.2423465" lon="126.7738218"/>
  <node id="1797" lat="37.2423735" lon="126.7738208"/>
  <node id="1798" lat="37.2423955" lon="126.7738199"/>
  <node id="1799" lat="37.2424225" lon="126.7738188"/>
  <node id="1800" lat="37.2424495" lon="126.7738177"/>
  <node id="1801" lat="37.2424765" lon="126.7738166"/>
  <node id="1802" lat="37.2425035" lon="126.7738155"/>
  <node id="1803" lat="37.2425156" lon="126.7738151"/>
  <node id="1804" lat="37.2425262" lon="126.7738152"/>
  <node id="1805" lat="37.2425382" lon="126.7738154"/>
  <node id="1806" lat="37.2425522" lon="126.7738157"/>
  <node id="1807" lat="37.2425654" lon="126.7738167"/>
  <node id="1808" lat="37.2426316" lon="126.773642"/>
  <node id="1809" lat="37.2426046" lon="126.773643"/>
  <node id="1810" lat="37.2425776" lon="126.773644"/>
  <node id="1811" lat="37.2425772" lon="126.773644"/>
  <node id="1812" lat="37.2425501" lon="126.773645"/>
  <node id="1813" lat="37.2425231" lon="126.7736461"/>
  <node id="1814" lat="37.2424961" lon="126.7736471"/>
  <node id="1815" lat="37.2424904" lon="126.7736473"/>
  <node id="1816" lat="37.2424634" lon="126.7736483"/>
  <node id="1817" lat="37.2424364" lon="126.7736492"/>
  <node id="1818" lat="37.2424094" lon="126.7736502"/>
  <node id="1819" lat="37.2423959" lon="126.7736507"/>
  <node id="1820" lat="37.2423824" lon="126.7736512"/>
  <node id="1821" lat="37.2423553" lon="126.7736521"/>
  <node id="1822" lat="37.2423283" lon="126.7736531"/>
  <node id="1823" lat="37.2423103" lon="126.7736536"/>
  <node id="1824" lat="37.2423083" lon="126.7736536"/>
  <node id="1825" lat="37.2422813" lon="126.7736544"/>
  <node id="1826" lat="37.2422626" lon="126.7736551"/>
  <node id="1827" lat="37.2422512" lon="126.7736558"/>
  <node id="1828" lat="37.2422388" lon="126.7736576"/>
  <node id="1829" lat="37.2422235" lon="126.7736608"/>
  <node id="1830" lat="37.2422191" lon="126.7736618"/>
  <node id="1831" lat="37.2421925" lon="126.7736677"/>
  <node id="1832" lat="37.2421849" lon="126.7736694"/>
  <node id="1833" lat="37.2421763" lon="126.7736714"/>
  <node id="1834" lat="37.2421569" lon="126.773676"/>
  <node id="1835" lat="37.242135" lon="126.7736809"/>
  <node id="1836" lat="37.2421084" lon="126.7736868"/>
  <node id="1837" lat="37.242085" lon="126.7736921"/>
  <node id="1838" lat="37.2420584" lon="126.7736981"/>
  <node id="1839" lat="37.2420369" lon="126.773703"/>
  <node id="1840" lat="37.2428125" lon="126.773636"/>
  <node id="1841" lat="37.242799" lon="126.7736365"/>
  <node id="1842" lat="37.2427855" lon="126.7736371"/>
  <node id="1843" lat="37.2427716" lon="126.7736377"/>
  <node id="1844" lat="37.2427577" lon="126.7736379"/>
  <node id="1845" lat="37.2427333" lon="126.7736383"/>
  <node id="1846" lat="37.2427198" lon="126.7736389"/>
  <node id="1847" lat="37.2427063" lon="126.7736395"/>
  <node id="1848" lat="37.242704" lon="126.7736396"/>
  <node id="1849" lat="37.2435315" lon="126.7736522"/>
  <node id="1850" lat="37.2435125" lon="126.7736502"/>
  <node id="1851" lat="37.2434857" lon="126.7736465"/>
  <node id="1852" lat="37.24347" lon="126.7736443"/>
  <node id="1853" lat="37.2434431" lon="126.7736404"/>
  <node id="1854" lat="37.2434297" lon="126.7736385"/>
  <node id="1855" lat="37.2434163" lon="126.7736366"/>
  <node id="1856" lat="37.2433894" lon="126.7736327"/>
  <node id="1857" lat="37.2433801" lon="126.7736314"/>
  <node id="1858" lat="37.2433622" lon="126.7736289"/>
  <node id="1859" lat="37.2433354" lon="126.7736253"/>
  <node id="1860" lat="37.2433085" lon="126.7736216"/>
  <node id="1861" lat="37.2432879" lon="126.7736188"/>
  <node id="1862" lat="37.2432808" lon="126.7736188"/>
  <node id="1863" lat="37.2432652" lon="126.7736192"/>
  <node id="1864" lat="37.2432382" lon="126.7736202"/>
  <node id="1865" lat="37.2432112" lon="126.7736212"/>
  <node id="1866" lat="37.2432032" lon="126.7736215"/>
  <node id="1867" lat="37.2431762" lon="126.7736225"/>
  <node id="1868" lat="37.2431492" lon="126.7736235"/>
  <node id="1869" lat="37.2431222" lon="126.7736245"/>
  <node id="1870" lat="37.2431086" lon="126.773625"/>
  <node id="1871" lat="37.2430951" lon="126.7736255"/>
  <node id="1872" lat="37.2430681" lon="126.7736265"/>
  <node id="1873" lat="37.2430546" lon="126.773627"/>
  <node id="1874" lat="37.2430411" lon="126.7736275"/>
  <node id="1875" lat="37.2430141" lon="126.7736285"/>
  <node id="1876" lat="37.2429927" lon="126.7736293"/>
  <node id="1877" lat="37.2429656" lon="126.7736304"/>
  <node id="1878" lat="37.2429386" lon="126.7736314"/>
  <node id="1879" lat="37.2429116" lon="126.7736325"/>
  <node id="1880" lat="37.2429055" lon="126.7736327"/>
  <node id="1881" lat="37.2429577" lon="126.7738019"/>
  <node id="1882" lat="37.2429691" lon="126.7738008"/>
  <node id="1883" lat="37.2429784" lon="126.7737995"/>
  <node id="1884" lat="37.2429933" lon="126.7737988"/>
  <node id="1885" lat="37.2429995" lon="126.7737984"/>
  <node id="1886" lat="37.2430264" lon="126.7737966"/>
  <node id="1887" lat="37.243037" lon="126.7737963"/>
  <node id="1888" lat="37.2430505" lon="126.7737959"/>
  <node id="1889" lat="37.243064" lon="126.7737955"/>
  <node id="1890" lat="37.2430718" lon="126.7737952"/>
  <node id="1891" lat="37.2430988" lon="126.773794"/>
  <node id="1892" lat="37.2431098" lon="126.7737936"/>
  <node id="1893" lat="37.2431368" lon="126.7737926"/>
  <node id="1894" lat="37.2431638" lon="126.7737916"/>
  <node id="1895" lat="37.2431714" lon="126.7737913"/>
  <node id="1896" lat="37.2431984" lon="126.7737903"/>
  <node id="1897" lat="37.2432255" lon="126.7737894"/>
  <node id="1898" lat="37.243239" lon="126.7737889"/>
  <node id="1899" lat="37.2432525" lon="126.7737884"/>
  <node id="1900" lat="37.2432786" lon="126.7737878"/>
  <node id="1901" lat="37.2432986" lon="126.7737872"/>
  <node id="1902" lat="37.2433168" lon="126.7737864"/>
  <node id="1903" lat="37.2433272" lon="126.7737852"/>
  <node id="1904" lat="37.2433401" lon="126.7737834"/>
  <node id="1905" lat="37.2433605" lon="126.7737782"/>
  <node id="1906" lat="37.2433809" lon="126.7737731"/>
  <node id="1907" lat="37.2434014" lon="126.7737677"/>
  <node id="1908" lat="37.2434278" lon="126.7737607"/>
  <node id="1909" lat="37.2434541" lon="126.7737537"/>
  <node id="1910" lat="37.2434739" lon="126.773749"/>
  <node id="1911" lat="37.2434873" lon="126.7737452"/>
  <node id="1912" lat="37.2435097" lon="126.7737397"/>
  <node id="1913" lat="37.2435247" lon="126.773736"/>
  <node id="1914" lat="37.2435368" lon="126.7737342"/>
  <node id="1915" lat="37.2435417" lon="126.7737333"/>
  <node id="1916" lat="37.2437894" lon="126.7743509"/>
  <node id="1917" lat="37.2437874" lon="126.7743521"/>
  <node id="1918" lat="37.24378" lon="126.774355"/>
  <node id="1919" lat="37.2437707" lon="126.7743569"/>
  <node id="1920" lat="37.2437594" lon="126.7743578"/>
  <node id="1921" lat="37.2437481" lon="126.7743578"/>
  <node id="1922" lat="37.2437439" lon="126.7743579"/>
  <node id="1923" lat="37.2437168" lon="126.7743582"/>
  <node id="1924" lat="37.2436898" lon="126.7743584"/>
  <node id="1925" lat="37.2436628" lon="126.7743587"/>
  <node id="1926" lat="37.2436357" lon="126.774359"/>
  <node id="1927" lat="37.2436087" lon="126.7743592"/>
  <node id="1928" lat="37.2435817" lon="126.7743595"/>
  <node id="1929" lat="37.243572" lon="126.7743592"/>
  <node id="1930" lat="37.243545" lon="126.7743583"/>
  <node id="1931" lat="37.2398492" lon="126.7734769"/>
  <node id="1932" lat="37.2398395" lon="126.77347"/>
  <node id="1933" lat="37.2398312" lon="126.7734639"/>
  <node id="1934" lat="37.2398238" lon="126.7734548"/>
  <node id="1935" lat="37.2398203" lon="126.7734491"/>
  <node id="1936" lat="37.2398176" lon="126.7734424"/>
  <node id="1937" lat="37.2398153" lon="126.7734357"/>
  <node id="1938" lat="37.239814" lon="126.7734269"/>
  <node id="1939" lat="37.239814" lon="126.7734197"/>
  <node id="1940" lat="37.2398146" lon="126.7734126"/>
  <node id="1941" lat="37.2427627" lon="126.7739519"/>
  <node id="1942" lat="37.2427634" lon="126.7739843"/>
  <node id="1943" lat="37.2427641" lon="126.7740168"/>
  <node id="1944" lat="37.2427648" lon="126.7740493"/>
  <node id="1945" lat="37.2427655" lon="126.7740789"/>
  <node id="1946" lat="37.2427661" lon="126.7741086"/>
  <node id="1947" lat="37.2427668" lon="126.7741382"/>
  <node id="1948" lat="37.2427675" lon="126.7741679"/>
  <node id="1949" lat="37.2427681" lon="126.7741966"/>
  <node id="1950" lat="37.2427784" lon="126.7746571"/>
  <node id="1951" lat="37.2427792" lon="126.77469"/>
  <node id="1952" lat="37.24278" lon="126.7747238"/>
  <node id="1953" lat="37.2427808" lon="126.7747576"/>
  <node id="1954" lat="37.2427812" lon="126.7747745"/>
  <node id="1955" lat="37.2427816" lon="126.7747914"/>
  <node id="1956" lat="37.2427824" lon="126.7748252"/>
  <node id="1957" lat="37.2427828" lon="126.7748449"/>
  <node id="1958" lat="37.242699" lon="126.7738416"/>
  <node id="1959" lat="37.2427056" lon="126.7738536"/>
  <node id="1960" lat="37.2427109" lon="126.7738639"/>
  <node id="1961" lat="37.2427166" lon="126.7738777"/>
  <node id="1962" lat="37.2427218" lon="126.7738935"/>
  <node id="1963" lat="37.2427258" lon="126.7739093"/>
  <node id="1964" lat="37.2427289" lon="126.7739279"/>
  <node id="1965" lat="37.2427306" lon="126.7739385"/>
  <node id="1966" lat="37.242802" lon="126.7739348"/>
  <node id="1967" lat="37.2428029" lon="126.7739251"/>
  <node id="1968" lat="37.2428047" lon="126.7739131"/>
  <node id="1969" lat="37.2428072" lon="126.773901"/>
  <node id="1970" lat="37.2428094" lon="126.7738905"/>
  <node id="1971" lat="37.2428138" lon="126.7738739"/>
  <node id="1972" lat="37.242818" lon="126.7738616"/>
  <node id="1973" lat="37.2428212" lon="126.7738544"/>
  <node id="1974" lat="37.2428241" lon="126.7738475"/>
  <node id="1975" lat="37.2428282" lon="126.7738396"/>
  <node id="1976" lat="37.2428312" lon="126.7738348"/>
  <node id="1977" lat="37.2438265" lon="126.7745187"/>
  <node id="1978" lat="37.2438266" lon="126.77452"/>
  <node id="1979" lat="37.243827" lon="126.7745288"/>
  <node id="1980" lat="37.2438276" lon="126.7745457"/>
  <node id="1981" lat="37.2438281" lon="126.7745626"/>
  <node id="1982" lat="37.2438292" lon="126.7745964"/>
  <node id="1983" lat="37.2438297" lon="126.7746133"/>
  <node id="1984" lat="37.2438303" lon="126.7746302"/>
  <node id="1985" lat="37.2438303" lon="126.7746324"/>
  <node id="1986" lat="37.2438311" lon="126.7746573"/>
  <node id="1987" lat="37.2438312" lon="126.7746772"/>
  <node id="1988" lat="37.2438305" lon="126.7747003"/>
  <node id="1989" lat="37.2438291" lon="126.7747278"/>
  <node id="1990" lat="37.2438276" lon="126.7747447"/>
  <node id="1991" lat="37.2438261" lon="126.7747638"/>
  <node id="1992" lat="37.2438232" lon="126.7747855"/>
  <node id="1993" lat="37.2438212" lon="126.7748014"/>
  <node id="1994" lat="37.2438192" lon="126.7748128"/>
  <node id="1995" lat="37.2438173" lon="126.7748217"/>
  <node id="1996" lat="37.2438162" lon="126.7748246"/>
  <node id="1997" lat="37.2438143" lon="126.7748301"/>
  <node id="1998" lat="37.2438107" lon="126.7748378"/>
  <node id="1999" lat="37.2438051" lon="126.7748473"/>
  <node id="2000" lat="37.2437963" lon="126.7748585"/>
  <node id="2001" lat="37.2437886" lon="126.7748663"/>
  <node id="2002" lat="37.2437824" lon="126.7748717"/>
  <node id="2003" lat="37.243777" lon="126.7748757"/>
  <node id="2004" lat="37.2437687" lon="126.7748814"/>
  <node id="2005" lat="37.24376" lon="126.7748866"/>
  <node id="2006" lat="37.243752" lon="126.7748905"/>
  <node id="2007" lat="37.2437415" lon="126.7748944"/>
  <node id="2008" lat="37.2437348" lon="126.7748961"/>
  <node id="2009" lat="37.2437258" lon="126.7748976"/>
  <node id="2010" lat="37.2437177" lon="126.7748984"/>
  <node id="2011" lat="37.2437074" lon="126.7748993"/>
  <node id="2012" lat="37.2436804" lon="126.7749003"/>
  <node id="2013" lat="37.2436534" lon="126.7749014"/>
  <node id="2014" lat="37.2436264" lon="126.7749025"/>
  <node id="2015" lat="37.2435993" lon="126.7749036"/>
  <node id="2016" lat="37.2435723" lon="126.7749046"/>
  <node id="2017" lat="37.2435579" lon="126.7749052"/>
  <node id="2018" lat="37.2435309" lon="126.7749062"/>
  <node id="2019" lat="37.2435039" lon="126.7749072"/>
  <node id="2020" lat="37.2434769" lon="126.7749081"/>
  <node id="2021" lat="37.2434499" lon="126.7749091"/>
  <node id="2022" lat="37.2434229" lon="126.7749101"/>
  <node id="2023" lat="37.2433958" lon="126.774911"/>
  <node id="2024" lat="37.2433688" lon="126.774912"/>
  <node id="2025" lat="37.2433418" lon="126.774913"/>
  <node id="2026" lat="37.2433148" lon="126.774914"/>
  <node id="2027" lat="37.2432878" lon="126.7749149"/>
  <node id="2028" lat="37.2432607" lon="126.7749159"/>
  <node id="2029" lat="37.2432337" lon="126.7749169"/>
  <node id="2030" lat="37.2432067" lon="126.7749179"/>
  <node id="2031" lat="37.2431797" lon="126.7749188"/>
  <node id="2032" lat="37.2431527" lon="126.7749198"/>
  <node id="2033" lat="37.2431462" lon="126.77492"/>
  <node id="2034" lat="37.2431192" lon="126.774921"/>
  <node id="2035" lat="37.2430921" lon="126.7749219"/>
  <node id="2036" lat="37.2430698" lon="126.7749226"/>
  <node id="2037" lat="37.2430428" lon="126.7749236"/>
  <node id="2038" lat="37.2430157" lon="126.7749246"/>
  <node id="2039" lat="37.2429887" lon="126.7749256"/>
  <node id="2040" lat="37.2429617" lon="126.7749267"/>
  <node id="2041" lat="37.2429428" lon="126.7749274"/>
  <node id="2042" lat="37.2429296" lon="126.7749275"/>
  <node id="2043" lat="37.2429203" lon="126.7749266"/>
  <node id="2044" lat="37.2429138" lon="126.7749259"/>
  <node id="2045" lat="37.2429079" lon="126.7749245"/>
  <node id="2046" lat="37.2435338" lon="126.7736936"/>
  <node id="2047" lat="37.2435253" lon="126.7736936"/>
  <node id="2048" lat="37.2435189" lon="126.7736936"/>
  <node id="2049" lat="37.243512" lon="126.7736936"/>
  <node id="2050" lat="37.2435058" lon="126.7736934"/>
  <node id="2051" lat="37.2434978" lon="126.7736933"/>
  <node id="2052" lat="37.2434902" lon="126.7736929"/>
  <node id="2053" lat="37.2434825" lon="126.7736925"/>
  <node id="2054" lat="37.2434737" lon="126.7736924"/>
  <node id="2055" lat="37.2434656" lon="126.773692"/>
  <node id="2056" lat="37.2434575" lon="126.7736916"/>
  <node id="2057" lat="37.2434494" lon="126.7736916"/>
  <node id="2058" lat="37.2434489" lon="126.7736916"/>
  <node id="2059" lat="37.2434425" lon="126.7736918"/>
  <node id="2060" lat="37.2434276" lon="126.7736923"/>
  <node id="2061" lat="37.2434066" lon="126.7736931"/>
  <node id="2062" lat="37.2433915" lon="126.7736936"/>
  <node id="2063" lat="37.2433896" lon="126.7736936"/>
  <node id="2064" lat="37.2433776" lon="126.7736941"/>
  <node id="2065" lat="37.243363" lon="126.7736947"/>
  <node id="2066" lat="37.243359" lon="126.7736949"/>
  <node id="2067" lat="37.243349" lon="126.7736952"/>
  <node id="2068" lat="37.2433344" lon="126.7736958"/>
  <node id="2069" lat="37.2433212" lon="126.7736963"/>
  <node id="2070" lat="37.2433066" lon="126.7736969"/>
  <node id="2071" lat="37.2432933" lon="126.7736974"/>
  <node id="2072" lat="37.2432787" lon="126.773698"/>
  <node id="2073" lat="37.2432655" lon="126.7736985"/>
  <node id="2074" lat="37.2432477" lon="126.7736992"/>
  <node id="2075" lat="37.2432345" lon="126.7736997"/>
  <node id="2076" lat="37.2432168" lon="126.7737004"/>
  <node id="2077" lat="37.2432059" lon="126.7737008"/>
  <node id="2078" lat="37.243195" lon="126.7737012"/>
  <node id="2079" lat="37.2431813" lon="126.7737018"/>
  <node id="2080" lat="37.2431692" lon="126.7737023"/>
  <node id="2081" lat="37.2431556" lon="126.7737028"/>
  <node id="2082" lat="37.2431501" lon="126.773703"/>
  <node id="2083" lat="37.2431435" lon="126.7737033"/>
  <node id="2084" lat="37.2431281" lon="126.7737038"/>
  <node id="2085" lat="37.2431168" lon="126.7737043"/>
  <node id="2086" lat="37.2431014" lon="126.7737048"/>
  <node id="2087" lat="37.2430902" lon="126.7737053"/>
  <node id="2088" lat="37.2430759" lon="126.7737058"/>
  <node id="2089" lat="37.2430605" lon="126.7737064"/>
  <node id="2090" lat="37.2430462" lon="126.7737069"/>
  <node id="2091" lat="37.2430308" lon="126.7737075"/>
  <node id="2092" lat="37.2430181" lon="126.773708"/>
  <node id="2093" lat="37.243007" lon="126.7737084"/>
  <node id="2094" lat="37.2429943" lon="126.7737089"/>
  <node id="2095" lat="37.2429832" lon="126.7737093"/>
  <node id="2096" lat="37.2429635" lon="126.77371"/>
  <node id="2097" lat="37.2429412" lon="126.7737109"/>
  <node id="2098" lat="37.2429385" lon="126.773711"/>
  <node id="2099" lat="37.2429274" lon="126.7737114"/>
  <node id="2100" lat="37.2429119" lon="126.7737119"/>
  <node id="2101" lat="37.2429076" lon="126.773712"/>
  <node id="2102" lat="37.2426342" lon="126.7737212"/>
  <node id="2103" lat="37.2426247" lon="126.7737216"/>
  <node id="2104" lat="37.242608" lon="126.7737222"/>
  <node id="2105" lat="37.2426016" lon="126.7737224"/>
  <node id="2106" lat="37.2425751" lon="126.7737234"/>
  <node id="2107" lat="37.242549" lon="126.7737244"/>
  <node id="2108" lat="37.2425358" lon="126.7737248"/>
  <node id="2109" lat="37.2425176" lon="126.7737255"/>
  <node id="2110" lat="37.2425069" lon="126.7737259"/>
  <node id="2111" lat="37.2424926" lon="126.7737264"/>
  <node id="2112" lat="37.242488" lon="126.7737266"/>
  <node id="2113" lat="37.242468" lon="126.7737273"/>
  <node id="2114" lat="37.2424483" lon="126.773728"/>
  <node id="2115" lat="37.2424332" lon="126.7737286"/>
  <node id="2116" lat="37.2424227" lon="126.773729"/>
  <node id="2117" lat="37.2424144" lon="126.7737293"/>
  <node id="2118" lat="37.242399" lon="126.7737298"/>
  <node id="2119" lat="37.2423889" lon="126.7737302"/>
  <node id="2120" lat="37.2423787" lon="126.7737305"/>
  <node id="2121" lat="37.2423617" lon="126.7737311"/>
  <node id="2122" lat="37.2423521" lon="126.7737315"/>
  <node id="2123" lat="37.242335" lon="126.773732"/>
  <node id="2124" lat="37.24232" lon="126.7737326"/>
  <node id="2125" lat="37.2423143" lon="126.7737328"/>
  <node id="2126" lat="37.2423134" lon="126.7737328"/>
  <node id="2127" lat="37.2422978" lon="126.7737333"/>
  <node id="2128" lat="37.2422783" lon="126.773734"/>
  <node id="2129" lat="37.2422619" lon="126.7737346"/>
  <node id="2130" lat="37.2422429" lon="126.7737352"/>
  <node id="2131" lat="37.2422333" lon="126.7737355"/>
  <node id="2132" lat="37.2422131" lon="126.7737362"/>
  <node id="2133" lat="37.2422034" lon="126.7737366"/>
  <node id="2134" lat="37.2421994" lon="126.7737367"/>
  <node id="2135" lat="37.2421875" lon="126.7737372"/>
  <node id="2136" lat="37.2421708" lon="126.773738"/>
  <node id="2137" lat="37.2421546" lon="126.7737387"/>
  <node id="2138" lat="37.2421356" lon="126.7737396"/>
  <node id="2139" lat="37.2421222" lon="126.7737402"/>
  <node id="2140" lat="37.2421121" lon="126.7737407"/>
  <node id="2141" lat="37.2421069" lon="126.7737409"/>
  <node id="2142" lat="37.2420983" lon="126.7737415"/>
  <node id="2143" lat="37.2420894" lon="126.7737422"/>
  <node id="2144" lat="37.2420774" lon="126.7737432"/>
  <node id="2145" lat="37.2420706" lon="126.7737438"/>
  <node id="2146" lat="37.2420628" lon="126.7737444"/>
  <node id="2147" lat="37.2420512" lon="126.7737455"/>
  <node id="2148" lat="37.2420437" lon="126.7737463"/>
  <node id="2149" lat="37.2420378" lon="126.7737467"/>
  <node id="2150" lat="37.2420298" lon="126.7737474"/>
  <node id="2151" lat="37.2420241" lon="126.7737479"/>
  <node id="2152" lat="37.242013" lon="126.7737489"/>
  <node id="2153" lat="37.2426158" lon="126.7737727"/>
  <node id="2154" lat="37.2426356" lon="126.7737717"/>
  <node id="2155" lat="37.2426433" lon="126.7737713"/>
  <node id="2156" lat="37.2426703" lon="126.77377"/>
  <node id="2157" lat="37.2427972" lon="126.7737891"/>
  <node id="2158" lat="37.242797" lon="126.7737663"/>
  <node id="2159" lat="37.2428164" lon="126.7737656"/>
  <node id="2160" lat="37.2438902" lon="126.774516"/>
  <node id="2161" lat="37.2438903" lon="126.7745226"/>
  <node id="2162" lat="37.2438913" lon="126.7745563"/>
  <node id="2163" lat="37.2438923" lon="126.7745901"/>
  <node id="2164" lat="37.2438932" lon="126.7746239"/>
  <node id="2165" lat="37.2438932" lon="126.7746249"/>
  <node id="2166" lat="37.2438943" lon="126.7746587"/>
  <node id="2167" lat="37.2438943" lon="126.7746591"/>
  <node id="2168" lat="37.2438949" lon="126.7746801"/>
  <node id="2169" lat="37.2438953" lon="126.7747056"/>
  <node id="2170" lat="37.2438954" lon="126.7747263"/>
  <node id="2171" lat="37.2438951" lon="126.7747512"/>
  <node id="2172" lat="37.2438938" lon="126.774783"/>
  <node id="2173" lat="37.2438919" lon="126.7748052"/>
  <node id="2174" lat="37.2438892" lon="126.7748225"/>
  <node id="2175" lat="37.2438835" lon="126.7748457"/>
  <node id="2176" lat="37.2438783" lon="126.7748608"/>
  <node id="2177" lat="37.2438721" lon="126.7748745"/>
  <node id="2178" lat="37.2438662" lon="126.7748862"/>
  <node id="2179" lat="37.2438605" lon="126.7748966"/>
  <node id="2180" lat="37.2438553" lon="126.7749047"/>
  <node id="2181" lat="37.2438383" lon="126.7749274"/>
  <node id="2182" lat="37.2438224" lon="126.7749434"/>
  <node id="2183" lat="37.2438079" lon="126.7749538"/>
  <node id="2184" lat="37.2437951" lon="126.7749614"/>
  <node id="2185" lat="37.2437831" lon="126.7749669"/>
  <node id="2186" lat="37.2437736" lon="126.7749699"/>
  <node id="2187" lat="37.2437583" lon="126.7749738"/>
  <node id="2188" lat="37.2437469" lon="126.7749759"/>
  <node id="2189" lat="37.2437287" lon="126.7749778"/>
  <node id="2190" lat="37.243716" lon="126.7749785"/>
  <node id="2191" lat="37.243689" lon="126.7749795"/>
  <node id="2192" lat="37.2436755" lon="126.7749799"/>
  <node id="2193" lat="37.243662" lon="126.7749804"/>
  <node id="2194" lat="37.243635" lon="126.7749814"/>
  <node id="2195" lat="37.243608" lon="126.7749823"/>
  <node id="2196" lat="37.2435809" lon="126.7749833"/>
  <node id="2197" lat="37.2435539" lon="126.7749843"/>
  <node id="2198" lat="37.2435513" lon="126.7749843"/>
  <node id="2199" lat="37.2435243" lon="126.7749853"/>
  <node id="2200" lat="37.2434972" lon="126.7749863"/>
  <node id="2201" lat="37.2434837" lon="126.7749868"/>
  <node id="2202" lat="37.2434702" lon="126.7749873"/>
  <node id="2203" lat="37.2434432" lon="126.7749883"/>
  <node id="2204" lat="37.2434162" lon="126.7749893"/>
  <node id="2205" lat="37.2433892" lon="126.7749902"/>
  <node id="2206" lat="37.2433622" lon="126.7749912"/>
  <node id="2207" lat="37.2433351" lon="126.7749922"/>
  <node id="2208" lat="37.2433216" lon="126.7749927"/>
  <node id="2209" lat="37.2433081" lon="126.7749932"/>
  <node id="2210" lat="37.2432811" lon="126.7749942"/>
  <node id="2211" lat="37.2432541" lon="126.7749952"/>
  <node id="2212" lat="37.243247" lon="126.7749954"/>
  <node id="2213" lat="37.24322" lon="126.7749964"/>
  <node id="2214" lat="37.243193" lon="126.7749973"/>
  <node id="2215" lat="37.243166" lon="126.7749983"/>
  <node id="2216" lat="37.243139" lon="126.7749992"/>
  <node id="2217" lat="37.2431119" lon="126.7750002"/>
  <node id="2218" lat="37.2431028" lon="126.7750005"/>
  <node id="2219" lat="37.2430758" lon="126.7750015"/>
  <node id="2220" lat="37.2430488" lon="126.7750025"/>
  <node id="2221" lat="37.2430218" lon="126.7750035"/>
  <node id="2222" lat="37.2429948" lon="126.7750045"/>
  <node id="2223" lat="37.2429678" lon="126.7750055"/>
  <node id="2224" lat="37.242946" lon="126.7750063"/>
  <node id="2225" lat="37.2429325" lon="126.7750068"/>
  <node id="2226" lat="37.242919" lon="126.7750073"/>
  <node id="2227" lat="37.2429078" lon="126.7750077"/>
  <node id="2228" lat="37.2395055" lon="126.7740556"/>
  <node id="2229" lat="37.2395098" lon="126.7740499"/>
  <node id="2230" lat="37.2395153" lon="126.7740436"/>
  <node id="2231" lat="37.2395203" lon="126.7740389"/>
  <node id="2232" lat="37.2395266" lon="126.7740345"/>
  <node id="2233" lat="37.2395338" lon="126.7740313"/>
  <node id="2234" lat="37.2395397" lon="126.7740296"/>
  <node id="2235" lat="37.2395448" lon="126.7740289"/>
  <node id="2236" lat="37.2395498" lon="126.7740289"/>
  <node id="2237" lat="37.2395557" lon="126.7740292"/>
  <node id="2238" lat="37.2395633" lon="126.774031"/>
  <node id="2239" lat="37.2395699" lon="126.774033"/>
  <node id="2240" lat="37.2395786" lon="126.7740368"/>
  <node id="2241" lat="37.2396273" lon="126.7734526"/>
  <node id="2242" lat="37.2396327" lon="126.7734591"/>
  <node id="2243" lat="37.2396405" lon="126.7734689"/>
  <node id="2244" lat="37.2396468" lon="126.7734792"/>
  <node id="2245" lat="37.2396552" lon="126.7734942"/>
  <node id="2246" lat="37.2396612" lon="126.7735086"/>
  <node id="2247" lat="37.2396661" lon="126.7735243"/>
  <node id="2248" lat="37.2396674" lon="126.7735311"/>
  <node id="2249" lat="37.239669" lon="126.7735463"/>
  <node id="2250" lat="37.2397547" lon="126.7733659"/>
  <node id="2251" lat="37.2397492" lon="126.7733739"/>
  <node id="2252" lat="37.2397452" lon="126.7733783"/>
  <node id="2253" lat="37.2397401" lon="126.7733822"/>
  <node id="2254" lat="37.239734" lon="126.7733853"/>
  <node id="2255" lat="37.2397268" lon="126.773387"/>
  <node id="2256" lat="37.2397206" lon="126.7733868"/>
  <node id="2257" lat="37.2397136" lon="126.7733853"/>
  <node id="2258" lat="37.2397046" lon="126.7733815"/>
  <node id="2259" lat="37.2396937" lon="126.7733752"/>
  <node id="2260" lat="37.2396879" lon="126.7733713"/>
  <node id="2261" lat="37.2396747" lon="126.7733626"/>
  <node id="2262" lat="37.2403197" lon="126.7737854"/>
  <node id="2263" lat="37.2402965" lon="126.7737702"/>
  <node id="2264" lat="37.2402809" lon="126.7737599"/>
  <node id="2265" lat="37.240259" lon="126.7737456"/>
  <node id="2266" lat="37.2402472" lon="126.7737379"/>
  <node id="2267" lat="37.2402279" lon="126.7737254"/>
  <node id="2268" lat="37.2402235" lon="126.7737222"/>
  <node id="2269" lat="37.2402218" lon="126.7737143"/>
  <node id="2270" lat="37.2402207" lon="126.7737045"/>
  <node id="2271" lat="37.2402205" lon="126.7736937"/>
  <node id="2272" lat="37.2402223" lon="126.7736805"/>
  <node id="2273" lat="37.2402254" lon="126.7736643"/>
  <node id="2274" lat="37.2402316" lon="126.7736387"/>
  <node id="2275" lat="37.2402382" lon="126.7736149"/>
  <node id="2276" lat="37.2402477" lon="126.773586"/>
  <node id="2277" lat="37.2403234" lon="126.7734021"/>
  <node id="2278" lat="37.2403307" lon="126.7733853"/>
  <node id="2279" lat="37.2403379" lon="126.7733707"/>
  <node id="2280" lat="37.2403433" lon="126.7733602"/>
  <node id="2281" lat="37.2403503" lon="126.7733475"/>
  <node id="2282" lat="37.240356" lon="126.7733379"/>
  <node id="2283" lat="37.2403638" lon="126.7733271"/>
  <node id="2284" lat="37.240371" lon="126.7733196"/>
  <node id="2285" lat="37.2403764" lon="126.7733155"/>
  <node id="2286" lat="37.2403813" lon="126.7733125"/>
  <node id="2287" lat="37.2403874" lon="126.7733106"/>
  <node id="2288" lat="37.2403919" lon="126.7733099"/>
  <node id="2289" lat="37.2403973" lon="126.77331"/>
  <node id="2290" lat="37.2404039" lon="126.7733116"/>
  <node id="2291" lat="37.2404089" lon="126.7733134"/>
  <node id="2292" lat="37.2404148" lon="126.7733161"/>
  <node id="2293" lat="37.2404281" lon="126.7733234"/>
  <node id="2294" lat="37.2404396" lon="126.7733303"/>
  <node id="2295" lat="37.2404487" lon="126.7733358"/>
  <node id="2296" lat="37.2426143" lon="126.7737334"/>
  <node id="2297" lat="37.2426248" lon="126.7737331"/>
  <node id="2298" lat="37.2426344" lon="126.7737327"/>
  <node id="2299" lat="37.2425964" lon="126.7737732"/>
  <node id="2300" lat="37.2426018" lon="126.7737339"/>
  <node id="2301" lat="37.2426081" lon="126.7737337"/>
  <node id="2302" lat="37.2427706" lon="126.7739112"/>
  <node id="2303" lat="37.2427699" lon="126.7738817"/>
  <node id="2304" lat="37.2428003" lon="126.7739056"/>
  <node id="2305" lat="37.2427997" lon="126.7738807"/>
  <node id="2306" lat="37.2427611" lon="126.7738823"/>
  <node id="2307" lat="37.2427617" lon="126.7739055"/>
  <node id="2308" lat="37.2427622" lon="126.7739287"/>
  <node id="2309" lat="37.2426779" lon="126.7738703"/>
  <node id="2310" lat="37.2426814" lon="126.7738769"/>
  <node id="2311" lat="37.2426839" lon="126.7738824"/>
  <node id="2312" lat="37.2426856" lon="126.7738866"/>
  <node id="2313" lat="37.2426879" lon="126.7738941"/>
  <node id="2314" lat="37.242689" lon="126.7738996"/>
  <node id="2315" lat="37.2426904" lon="126.7739077"/>
  <node id="2316" lat="37.2426913" lon="126.7739161"/>
  <node id="2317" lat="37.2426921" lon="126.7739267"/>
  <node id="2318" lat="37.2426928" lon="126.7739364"/>
  <node id="2319" lat="37.242693" lon="126.773946"/>
  <node id="2320" lat="37.2427715" lon="126.7739537"/>
  <node id="2321" lat="37.2427714" lon="126.7739454"/>
  <node id="2322" lat="37.242771" lon="126.7739297"/>
  <node id="2323" lat="37.2427707" lon="126.7739148"/>
  <node id="2324" lat="37.2428981" lon="126.7737124"/>
  <node id="2325" lat="37.2428877" lon="126.7737127"/>
  <node id="2326" lat="37.2428855" lon="126.7736335"/>
  <node id="2327" lat="37.2428879" lon="126.7737239"/>
  <node id="2328" lat="37.2428985" lon="126.7737235"/>
  <node id="2329" lat="37.2429123" lon="126.773723"/>
  <node id="2330" lat="37.2429277" lon="126.7737224"/>
  <node id="2331" lat="37.2429388" lon="126.7737221"/>
  <node id="2332" lat="37.2429416" lon="126.773722"/>
  <node id="2333" lat="37.242883" lon="126.7738326"/>
  <node id="2334" lat="37.2428926" lon="126.7738257"/>
  <node id="2335" lat="37.2429035" lon="126.7738191"/>
  <node id="2336" lat="37.2429232" lon="126.7738101"/>
  <node id="2337" lat="37.2429373" lon="126.7738061"/>
  <node id="2338" lat="37.2429491" lon="126.7738034"/>
  <node id="2339" lat="37.2429016" lon="126.7749221"/>
  <node id="2340" lat="37.2428966" lon="126.7749195"/>
  <node id="2341" lat="37.2428903" lon="126.7749148"/>
  <node id="2342" lat="37.2428836" lon="126.7749086"/>
  <node id="2343" lat="37.2428799" lon="126.7749039"/>
  <node id="2344" lat="37.2428766" lon="126.7748998"/>
  <node id="2345" lat="37.242871" lon="126.7748889"/>
  <node id="2346" lat="37.2428678" lon="126.7748818"/>
  <node id="2347" lat="37.2428653" lon="126.7748734"/>
  <node id="2348" lat="37.2428636" lon="126.7748663"/>
  <node id="2349" lat="37.2428626" lon="126.7748596"/>
  <node id="2350" lat="37.2428614" lon="126.7748502"/>
  <node id="2351" lat="37.242892" lon="126.7750082"/>
  <node id="2352" lat="37.2428784" lon="126.7750087"/>
  <node id="2353" lat="37.2428649" lon="126.7750092"/>
  <node id="2354" lat="37.2428446" lon="126.7750099"/>
  <node id="2355" lat="37.2428176" lon="126.7750109"/>
  <node id="2356" lat="37.242813" lon="126.7750111"/>
  <node id="2357" lat="37.2427914" lon="126.7750118"/>
  <node id="2358" lat="37.2427644" lon="126.7750128"/>
  <node id="2359" lat="37.2427626" lon="126.7750129"/>
  <node id="2360" lat="37.2427356" lon="126.7750138"/>
  <node id="2361" lat="37.2427221" lon="126.7750143"/>
  <node id="2362" lat="37.2427086" lon="126.7750148"/>
  <node id="2363" lat="37.2426815" lon="126.7750157"/>
  <node id="2364" lat="37.2426682" lon="126.7750162"/>
  <node id="2365" lat="37.2426641" lon="126.7743083"/>
  <node id="2366" lat="37.2426558" lon="126.7743161"/>
  <node id="2367" lat="37.242649" lon="126.7743226"/>
  <node id="2368" lat="37.2426444" lon="126.7743265"/>
  <node id="2369" lat="37.2426378" lon="126.7743313"/>
  <node id="2370" lat="37.2426319" lon="126.7743349"/>
  <node id="2371" lat="37.2426278" lon="126.7743368"/>
  <node id="2372" lat="37.2426219" lon="126.7743394"/>
  <node id="2373" lat="37.2426143" lon="126.7743419"/>
  <node id="2374" lat="37.242605" lon="126.774344"/>
  <node id="2375" lat="37.2425979" lon="126.7743451"/>
  <node id="2376" lat="37.2425966" lon="126.7743453"/>
  <node id="2377" lat="37.2426992" lon="126.774209"/>
  <node id="2378" lat="37.2426982" lon="126.7742243"/>
  <node id="2379" lat="37.2426969" lon="126.7742367"/>
  <node id="2380" lat="37.2429013" lon="126.7745763"/>
  <node id="2381" lat="37.2429047" lon="126.7745729"/>
  <node id="2382" lat="37.2429094" lon="126.7745691"/>
  <node id="2383" lat="37.2429153" lon="126.7745645"/>
  <node id="2384" lat="37.2429246" lon="126.7745583"/>
  <node id="2385" lat="37.2429379" lon="126.774552"/>
  <node id="2386" lat="37.2429444" lon="126.7745492"/>
  <node id="2387" lat="37.2437908" lon="126.7744033"/>
  <node id="2388" lat="37.2437747" lon="126.7744033"/>
  <node id="2389" lat="37.2437611" lon="126.7744033"/>
  <node id="2390" lat="37.2437476" lon="126.7744033"/>
  <node id="2391" lat="37.2437205" lon="126.7744032"/>
  <node id="2392" lat="37.2436935" lon="126.7744031"/>
  <node id="2393" lat="37.2436816" lon="126.7744029"/>
  <node id="2394" lat="37.2436546" lon="126.7744027"/>
  <node id="2395" lat="37.243641" lon="126.7744025"/>
  <node id="2396" lat="37.2436275" lon="126.7744024"/>
  <node id="2397" lat="37.2436005" lon="126.7744021"/>
  <node id="2398" lat="37.2435735" lon="126.7744018"/>
  <node id="2399" lat="37.24356" lon="126.7744017"/>
  <node id="2400" lat="37.2435464" lon="126.7744015"/>
  <node id="2401" lat="37.2435452" lon="126.7744015"/>
  <node id="2402" lat="37.2435215" lon="126.7743553"/>
  <node id="2403" lat="37.2434946" lon="126.7743518"/>
  <node id="2404" lat="37.2434677" lon="126.7743483"/>
  <node id="2405" lat="37.2434582" lon="126.774347"/>
  <node id="2406" lat="37.2434314" lon="126.7743433"/>
  <node id="2407" lat="37.2434179" lon="126.7743414"/>
  <node id="2408" lat="37.2434045" lon="126.7743395"/>
  <node id="2409" lat="37.2433859" lon="126.774337"/>
  <node id="2410" lat="37.2435182" lon="126.7743589"/>
  <node id="2411" lat="37.2434961" lon="126.7743593"/>
  <node id="2412" lat="37.2434736" lon="126.7743598"/>
  <node id="2413" lat="37.2434562" lon="126.7743601"/>
  <node id="2414" lat="37.24343" lon="126.7743607"/>
  <node id="2415" lat="37.2434137" lon="126.774361"/>
  <node id="2416" lat="37.2433942" lon="126.7743614"/>
  <node id="2417" lat="37.2433862" lon="126.7743616"/>
  <node id="2418" lat="37.2435194" lon="126.7744013"/>
  <node id="2419" lat="37.2435059" lon="126.7744011"/>
  <node id="2420" lat="37.2434924" lon="126.774401"/>
  <node id="2421" lat="37.2434653" lon="126.7744007"/>
  <node id="2422" lat="37.2434518" lon="126.7744006"/>
  <node id="2423" lat="37.2434383" lon="126.7744004"/>
  <node id="2424" lat="37.2434114" lon="126.7744"/>
  <node id="2425" lat="37.2433867" lon="126.7744001"/>
  <node id="2426" lat="37.2400047" lon="126.7736292"/>
  <node id="2427" lat="37.2399956" lon="126.7736236"/>
  <node id="2428" lat="37.2399871" lon="126.7736181"/>
  <node id="2429" lat="37.2399787" lon="126.7736126"/>
  <node id="2430" lat="37.2399661" lon="126.7736043"/>
  <node id="2431" lat="37.2399604" lon="126.7736006"/>
  <node id="2432" lat="37.2399563" lon="126.7735979"/>
  <node id="2433" lat="37.2399506" lon="126.7735942"/>
  <node id="2434" lat="37.2399438" lon="126.7735897"/>
  <node id="2435" lat="37.2399408" lon="126.7735878"/>
  <node id="2436" lat="37.239934" lon="126.7735833"/>
  <node id="2437" lat="37.2399328" lon="126.7735825"/>
  <node id="2438" lat="37.2399327" lon="126.7735825"/>
  <node id="2439" lat="37.2399247" lon="126.7735772"/>
  <node id="2440" lat="37.2399241" lon="126.7735768"/>
  <node id="2441" lat="37.2399149" lon="126.7735708"/>
  <node id="2442" lat="37.2399115" lon="126.7735686"/>
  <node id="2443" lat="37.239905" lon="126.7735643"/>
  <node id="2444" lat="37.2399016" lon="126.7735621"/>
  <node id="2445" lat="37.239889" lon="126.7735539"/>
  <node id="2446" lat="37.239879" lon="126.7735473"/>
  <node id="2447" lat="37.2398701" lon="126.7735415"/>
  <node id="2448" lat="37.2398612" lon="126.7735357"/>
  <node id="2449" lat="37.2398601" lon="126.7735349"/>
  <node id="2450" lat="37.2398512" lon="126.7735291"/>
  <node id="2451" lat="37.2398372" lon="126.7735199"/>
  <node id="2452" lat="37.2400216" lon="126.7735904"/>
  <node id="2453" lat="37.2400011" lon="126.7735769"/>
  <node id="2454" lat="37.2399772" lon="126.7735611"/>
  <node id="2455" lat="37.2399532" lon="126.7735454"/>
  <node id="2456" lat="37.2399293" lon="126.7735297"/>
  <node id="2457" lat="37.2399054" lon="126.773514"/>
  <node id="2458" lat="37.2398815" lon="126.7734983"/>
  <node id="2459" lat="37.2398695" lon="126.7734904"/>
  <node id="2460" lat="37.2398575" lon="126.7734826"/>
  <node id="2461" lat="37.2398568" lon="126.7734821"/>
  <node id="2462" lat="37.2401997" lon="126.7735249"/>
  <node id="2463" lat="37.2401937" lon="126.773539"/>
  <node id="2464" lat="37.240187" lon="126.773553"/>
  <node id="2465" lat="37.240179" lon="126.7735685"/>
  <node id="2466" lat="37.2401707" lon="126.7735833"/>
  <node id="2467" lat="37.2401595" lon="126.7736014"/>
  <node id="2468" lat="37.2401479" lon="126.7736201"/>
  <node id="2469" lat="37.2401429" lon="126.7736278"/>
  <node id="2470" lat="37.2401396" lon="126.7736316"/>
  <node id="2471" lat="37.2401363" lon="126.7736348"/>
  <node id="2472" lat="37.240132" lon="126.773638"/>
  <node id="2473" lat="37.2401272" lon="126.7736404"/>
  <node id="2474" lat="37.2401213" lon="126.7736423"/>
  <node id="2475" lat="37.2401164" lon="126.7736429"/>
  <node id="2476" lat="37.2401095" lon="126.7736426"/>
  <node id="2477" lat="37.2401037" lon="126.7736411"/>
  <node id="2478" lat="37.2400966" lon="126.773638"/>
  <node id="2479" lat="37.240088" lon="126.773633"/>
  <node id="2480" lat="37.2400771" lon="126.7736264"/>
  <node id="2481" lat="37.2400704" lon="126.7736221"/>
  <node id="2482" lat="37.2400588" lon="126.7736146"/>
  <node id="2483" lat="37.2400349" lon="126.773599"/>
  <node id="2484" lat="37.2402758" lon="126.7733439"/>
  <node id="2485" lat="37.2402693" lon="126.7733597"/>
  <node id="2486" lat="37.2402581" lon="126.7733867"/>
  <node id="2487" lat="37.2402479" lon="126.7734107"/>
  <node id="2488" lat="37.2402352" lon="126.7734406"/>
  <node id="2489" lat="37.2402248" lon="126.7734657"/>
  <node id="2490" lat="37.2402178" lon="126.7734825"/>
  <node id="2491" lat="37.240208" lon="126.7735059"/>
  <node id="2492" lat="37.240207" lon="126.7735081"/>
  <node id="2493" lat="37.2402506" lon="126.7735779"/>
  <node id="2494" lat="37.2402552" lon="126.7735656"/>
  <node id="2495" lat="37.2402617" lon="126.7735491"/>
  <node id="2496" lat="37.2402737" lon="126.7735188"/>
  <node id="2497" lat="37.240279" lon="126.7735062"/>
  <node id="2498" lat="37.2402916" lon="126.7734763"/>
  <node id="2499" lat="37.2403042" lon="126.7734464"/>
  <node id="2500" lat="37.2403064" lon="126.7734412"/>
  <node id="2501" lat="37.2403193" lon="126.7734115"/>
  <node id="2502" lat="37.2403029" lon="126.7733638"/>
  <node id="2503" lat="37.2402949" lon="126.7733835"/>
  <node id="2504" lat="37.2402896" lon="126.7733961"/>
  <node id="2505" lat="37.2402833" lon="126.773411"/>
  <node id="2506" lat="37.240277" lon="126.773426"/>
  <node id="2507" lat="37.2402732" lon="126.7734348"/>
  <node id="2508" lat="37.2402606" lon="126.7734646"/>
  <node id="2509" lat="37.240248" lon="126.7734943"/>
  <node id="2510" lat="37.2402354" lon="126.7735241"/>
  <node id="2511" lat="37.240227" lon="126.7735437"/>
  <node id="2512" lat="37.2402175" lon="126.7735659"/>
  <node id="2513" lat="37.2402603" lon="126.7731674"/>
  <node id="2514" lat="37.2402438" lon="126.7731564"/>
  <node id="2515" lat="37.2402346" lon="126.7731503"/>
  <node id="2516" lat="37.24022" lon="126.7731406"/>
  <node id="2517" lat="37.2402079" lon="126.7731326"/>
  <node id="2518" lat="37.2401841" lon="126.7731168"/>
  <node id="2519" lat="37.2401603" lon="126.7731011"/>
  <node id="2520" lat="37.2401365" lon="126.7730853"/>
  <node id="2521" lat="37.2401263" lon="126.7730787"/>
  <node id="2522" lat="37.2401143" lon="126.7730709"/>
  <node id="2523" lat="37.2401023" lon="126.7730632"/>
  <node id="2524" lat="37.2400861" lon="126.7730532"/>
  <node id="2525" lat="37.2400649" lon="126.7730421"/>
  <node id="2526" lat="37.2400466" lon="126.773035"/>
  <node id="2527" lat="37.2400348" lon="126.7730316"/>
  <node id="2528" lat="37.2400248" lon="126.7730305"/>
  <node id="2529" lat="37.2400161" lon="126.7730299"/>
  <node id="2530" lat="37.2400043" lon="126.7730308"/>
  <node id="2531" lat="37.2399937" lon="126.773032"/>
  <node id="2532" lat="37.2399832" lon="126.7730343"/>
  <node id="2533" lat="37.2399747" lon="126.7730368"/>
  <node id="2534" lat="37.239966" lon="126.7730399"/>
  <node id="2535" lat="37.239956" lon="126.773045"/>
  <node id="2536" lat="37.2399464" lon="126.7730517"/>
  <node id="2537" lat="37.2399349" lon="126.7730622"/>
  <node id="2538" lat="37.2399234" lon="126.7730755"/>
  <node id="2539" lat="37.2399131" lon="126.7730905"/>
  <node id="2540" lat="37.2399026" lon="126.7731085"/>
  <node id="2541" lat="37.2398948" lon="126.7731242"/>
  <node id="2542" lat="37.2398853" lon="126.7731451"/>
  <node id="2543" lat="37.2398759" lon="126.7731672"/>
  <node id="2544" lat="37.2398634" lon="126.773197"/>
  <node id="2545" lat="37.2398508" lon="126.7732268"/>
  <node id="2546" lat="37.2398382" lon="126.7732566"/>
  <node id="2547" lat="37.2398257" lon="126.7732864"/>
  <node id="2548" lat="37.2398131" lon="126.7733162"/>
  <node id="2549" lat="37.2398005" lon="126.773346"/>
  <node id="2550" lat="37.2397945" lon="126.7733603"/>
  <node id="2551" lat="37.2397834" lon="126.7733864"/>
  <node id="2552" lat="37.2398155" lon="126.7734072"/>
  <node id="2553" lat="37.2398183" lon="126.7733956"/>
  <node id="2554" lat="37.2398207" lon="126.7733876"/>
  <node id="2555" lat="37.2398236" lon="126.7733795"/>
  <node id="2556" lat="37.2398291" lon="126.7733652"/>
  <node id="2557" lat="37.2398315" lon="126.7733594"/>
  <node id="2558" lat="37.2398439" lon="126.7733294"/>
  <node id="2559" lat="37.2398563" lon="126.7732993"/>
  <node id="2560" lat="37.2398687" lon="126.7732693"/>
  <node id="2561" lat="37.2398754" lon="126.7732531"/>
  <node id="2562" lat="37.2398878" lon="126.7732231"/>
  <node id="2563" lat="37.2399001" lon="126.773193"/>
  <node id="2564" lat="37.2399125" lon="126.773163"/>
  <node id="2565" lat="37.2399203" lon="126.7731454"/>
  <node id="2566" lat="37.2399266" lon="126.7731324"/>
  <node id="2567" lat="37.2399335" lon="126.7731204"/>
  <node id="2568" lat="37.2399396" lon="126.7731112"/>
  <node id="2569" lat="37.2399468" lon="126.7731022"/>
  <node id="2570" lat="37.2399531" lon="126.7730951"/>
  <node id="2571" lat="37.2399589" lon="126.7730899"/>
  <node id="2572" lat="37.239966" lon="126.7730841"/>
  <node id="2573" lat="37.2399736" lon="126.7730788"/>
  <node id="2574" lat="37.2399826" lon="126.7730741"/>
  <node id="2575" lat="37.2399929" lon="126.7730706"/>
  <node id="2576" lat="37.2400033" lon="126.7730689"/>
  <node id="2577" lat="37.2400121" lon="126.7730684"/>
  <node id="2578" lat="37.2400199" lon="126.7730691"/>
  <node id="2579" lat="37.2400267" lon="126.77307"/>
  <node id="2580" lat="37.2400371" lon="126.7730729"/>
  <node id="2581" lat="37.240049" lon="126.7730776"/>
  <node id="2582" lat="37.2400577" lon="126.7730817"/>
  <node id="2583" lat="37.2400662" lon="126.7730859"/>
  <node id="2584" lat="37.2400738" lon="126.7730904"/>
  <node id="2585" lat="37.2400828" lon="126.7730958"/>
  <node id="2586" lat="37.2400915" lon="126.773101"/>
  <node id="2587" lat="37.2400947" lon="126.773103"/>
  <node id="2588" lat="37.2401188" lon="126.7731186"/>
  <node id="2589" lat="37.2401428" lon="126.7731341"/>
  <node id="2590" lat="37.2401668" lon="126.7731496"/>
  <node id="2591" lat="37.240177" lon="126.7731564"/>
  <node id="2592" lat="37.240201" lon="126.7731721"/>
  <node id="2593" lat="37.2402202" lon="126.7731851"/>
  <node id="2594" lat="37.2402404" lon="126.7731983"/>
  <node id="2595" lat="37.2402753" lon="126.7731316"/>
  <node id="2596" lat="37.2402699" lon="126.7731281"/>
  <node id="2597" lat="37.240246" lon="126.7731124"/>
  <node id="2598" lat="37.2402221" lon="126.7730966"/>
  <node id="2599" lat="37.2402194" lon="126.7730948"/>
  <node id="2600" lat="37.2401954" lon="126.7730792"/>
  <node id="2601" lat="37.2401835" lon="126.7730714"/>
  <node id="2602" lat="37.2401715" lon="126.7730635"/>
  <node id="2603" lat="37.2401475" lon="126.7730478"/>
  <node id="2604" lat="37.2401376" lon="126.7730416"/>
  <node id="2605" lat="37.2401135" lon="126.7730263"/>
  <node id="2606" lat="37.2400962" lon="126.7730166"/>
  <node id="2607" lat="37.240081" lon="126.7730089"/>
  <node id="2608" lat="37.2400599" lon="126.7729998"/>
  <node id="2609" lat="37.2400439" lon="126.7729944"/>
  <node id="2610" lat="37.2400306" lon="126.7729916"/>
  <node id="2611" lat="37.2400193" lon="126.7729904"/>
  <node id="2612" lat="37.2400067" lon="126.7729901"/>
  <node id="2613" lat="37.2399899" lon="126.7729916"/>
  <node id="2614" lat="37.2399798" lon="126.772993"/>
  <node id="2615" lat="37.2399732" lon="126.7729946"/>
  <node id="2616" lat="37.2399656" lon="126.7729973"/>
  <node id="2617" lat="37.2399519" lon="126.7730042"/>
  <node id="2618" lat="37.2399391" lon="126.7730123"/>
  <node id="2619" lat="37.2399291" lon="126.7730197"/>
  <node id="2620" lat="37.2399176" lon="126.7730297"/>
  <node id="2621" lat="37.2399105" lon="126.7730371"/>
  <node id="2622" lat="37.2399007" lon="126.7730482"/>
  <node id="2623" lat="37.2398897" lon="126.7730631"/>
  <node id="2624" lat="37.2398812" lon="126.773076"/>
  <node id="2625" lat="37.2398724" lon="126.7730929"/>
  <node id="2626" lat="37.2398612" lon="126.7731174"/>
  <node id="2627" lat="37.2398541" lon="126.7731343"/>
  <node id="2628" lat="37.2398414" lon="126.7731642"/>
  <node id="2629" lat="37.2398388" lon="126.7731704"/>
  <node id="2630" lat="37.2398264" lon="126.7732004"/>
  <node id="2631" lat="37.2398139" lon="126.7732304"/>
  <node id="2632" lat="37.2398014" lon="126.7732604"/>
  <node id="2633" lat="37.2397982" lon="126.773268"/>
  <node id="2634" lat="37.2397857" lon="126.773298"/>
  <node id="2635" lat="37.2397732" lon="126.773328"/>
  <node id="2636" lat="37.2397669" lon="126.773342"/>
  <node id="2637" lat="37.2397624" lon="126.7733513"/>
  <node id="2638" lat="37.2397574" lon="126.7733614"/>
  <node id="2639" lat="37.2404937" lon="126.7732752"/>
  <node id="2640" lat="37.2404876" lon="126.7732712"/>
  <node id="2641" lat="37.2404713" lon="126.7732604"/>
  <node id="2642" lat="37.2404473" lon="126.7732447"/>
  <node id="2643" lat="37.2404371" lon="126.773238"/>
  <node id="2644" lat="37.2404372" lon="126.773238"/>
  <node id="2645" lat="37.2404235" lon="126.773229"/>
  <node id="2646" lat="37.2403996" lon="126.7732133"/>
  <node id="2647" lat="37.2403756" lon="126.7731976"/>
  <node id="2648" lat="37.2403605" lon="126.7731877"/>
  <node id="2649" lat="37.2403463" lon="126.7731783"/>
  <node id="2650" lat="37.2403417" lon="126.7731753"/>
  <node id="2651" lat="37.2403178" lon="126.7731596"/>
  <node id="2652" lat="37.2403038" lon="126.7731504"/>
  <node id="2653" lat="37.2402939" lon="126.7731438"/>
  <node id="2654" lat="37.240479" lon="126.77331"/>
  <node id="2655" lat="37.2404683" lon="126.773303"/>
  <node id="2656" lat="37.2404633" lon="126.7732997"/>
  <node id="2657" lat="37.2404691" lon="126.7733489"/>
  <node id="2658" lat="37.2404932" lon="126.7733642"/>
  <node id="2659" lat="37.2405173" lon="126.7733796"/>
  <node id="2660" lat="37.2405306" lon="126.7733884"/>
  <node id="2661" lat="37.2405545" lon="126.7734042"/>
  <node id="2662" lat="37.2405545" lon="126.7734043"/>
  <node id="2663" lat="37.2405782" lon="126.7734206"/>
  <node id="2664" lat="37.2405787" lon="126.773421"/>
  <node id="2665" lat="37.240602" lon="126.7734381"/>
  <node id="2666" lat="37.2406154" lon="126.7734487"/>
  <node id="2667" lat="37.2406227" lon="126.7734545"/>
  <node id="2668" lat="37.2406305" lon="126.773461"/>
  <node id="2669" lat="37.2406441" lon="126.7734741"/>
  <node id="2670" lat="37.2406541" lon="126.7734853"/>
  <node id="2671" lat="37.2406634" lon="126.7734975"/>
  <node id="2672" lat="37.2406697" lon="126.7735078"/>
  <node id="2673" lat="37.2406744" lon="126.7735172"/>
  <node id="2674" lat="37.2406773" lon="126.7735241"/>
  <node id="2675" lat="37.2406794" lon="126.7735319"/>
  <node id="2676" lat="37.2406811" lon="126.773539"/>
  <node id="2677" lat="37.2406817" lon="126.773546"/>
  <node id="2678" lat="37.2406818" lon="126.773557"/>
  <node id="2679" lat="37.2406809" lon="126.7735692"/>
  <node id="2680" lat="37.2406787" lon="126.7735832"/>
  <node id="2681" lat="37.2406748" lon="126.7735979"/>
  <node id="2682" lat="37.2406716" lon="126.7736076"/>
  <node id="2683" lat="37.240669" lon="126.7736151"/>
  <node id="2684" lat="37.2406659" lon="126.7736229"/>
  <node id="2685" lat="37.2406538" lon="126.7736531"/>
  <node id="2686" lat="37.2406417" lon="126.7736833"/>
  <node id="2687" lat="37.2406308" lon="126.7737091"/>
  <node id="2688" lat="37.2406182" lon="126.773739"/>
  <node id="2689" lat="37.2406055" lon="126.7737689"/>
  <node id="2690" lat="37.2405929" lon="126.7737988"/>
  <node id="2691" lat="37.2405887" lon="126.7738088"/>
  <node id="2692" lat="37.2406073" lon="126.7738502"/>
  <node id="2693" lat="37.2406133" lon="126.7738358"/>
  <node id="2694" lat="37.2406167" lon="126.7738279"/>
  <node id="2695" lat="37.2406259" lon="126.7738059"/>
  <node id="2696" lat="37.2406385" lon="126.773776"/>
  <node id="2697" lat="37.2406511" lon="126.7737461"/>
  <node id="2698" lat="37.2406636" lon="126.7737161"/>
  <node id="2699" lat="37.2406762" lon="126.7736862"/>
  <node id="2700" lat="37.2406814" lon="126.773674"/>
  <node id="2701" lat="37.2406848" lon="126.7736657"/>
  <node id="2702" lat="37.2406911" lon="126.77365"/>
  <node id="2703" lat="37.2406982" lon="126.7736316"/>
  <node id="2704" lat="37.2407027" lon="126.7736187"/>
  <node id="2705" lat="37.2407069" lon="126.7736035"/>
  <node id="2706" lat="37.2407103" lon="126.7735878"/>
  <node id="2707" lat="37.2407131" lon="126.7735698"/>
  <node id="2708" lat="37.2407139" lon="126.7735578"/>
  <node id="2709" lat="37.2407139" lon="126.7735438"/>
  <node id="2710" lat="37.2407125" lon="126.773528"/>
  <node id="2711" lat="37.2407101" lon="126.7735165"/>
  <node id="2712" lat="37.2407068" lon="126.7735055"/>
  <node id="2713" lat="37.2407017" lon="126.7734944"/>
  <node id="2714" lat="37.240693" lon="126.7734797"/>
  <node id="2715" lat="37.240682" lon="126.7734648"/>
  <node id="2716" lat="37.2406698" lon="126.7734504"/>
  <node id="2717" lat="37.2406582" lon="126.7734374"/>
  <node id="2718" lat="37.24064" lon="126.7734212"/>
  <node id="2719" lat="37.2406211" lon="126.7734063"/>
  <node id="2720" lat="37.2406013" lon="126.7733916"/>
  <node id="2721" lat="37.2405775" lon="126.7733756"/>
  <node id="2722" lat="37.2405537" lon="126.7733597"/>
  <node id="2723" lat="37.2405298" lon="126.7733437"/>
  <node id="2724" lat="37.240506" lon="126.7733278"/>
  <node id="2725" lat="37.2404923" lon="126.7733186"/>
  <node id="2726" lat="37.2406358" lon="126.7738703"/>
  <node id="2727" lat="37.2406417" lon="126.7738532"/>
  <node id="2728" lat="37.2406496" lon="126.7738341"/>
  <node id="2729" lat="37.2406621" lon="126.7738041"/>
  <node id="2730" lat="37.2406746" lon="126.7737742"/>
  <node id="2731" lat="37.2406872" lon="126.7737442"/>
  <node id="2732" lat="37.2406874" lon="126.7737435"/>
  <node id="2733" lat="37.2406969" lon="126.7737212"/>
  <node id="2734" lat="37.2407059" lon="126.7737001"/>
  <node id="2735" lat="37.2407179" lon="126.7736698"/>
  <node id="2736" lat="37.2407203" lon="126.7736637"/>
  <node id="2737" lat="37.2407306" lon="126.7736355"/>
  <node id="2738" lat="37.2407365" lon="126.7736164"/>
  <node id="2739" lat="37.2407407" lon="126.7735984"/>
  <node id="2740" lat="37.2407431" lon="126.7735834"/>
  <node id="2741" lat="37.2407444" lon="126.7735693"/>
  <node id="2742" lat="37.2407445" lon="126.7735517"/>
  <node id="2743" lat="37.2407431" lon="126.773531"/>
  <node id="2744" lat="37.2407394" lon="126.7735114"/>
  <node id="2745" lat="37.2407346" lon="126.7734937"/>
  <node id="2746" lat="37.2407289" lon="126.7734781"/>
  <node id="2747" lat="37.2407229" lon="126.7734649"/>
  <node id="2748" lat="37.2407147" lon="126.7734512"/>
  <node id="2749" lat="37.2407071" lon="126.7734403"/>
  <node id="2750" lat="37.2406966" lon="126.7734274"/>
  <node id="2751" lat="37.2406859" lon="126.7734152"/>
  <node id="2752" lat="37.2406769" lon="126.7734055"/>
  <node id="2753" lat="37.2406688" lon="126.7733975"/>
  <node id="2754" lat="37.2406608" lon="126.7733903"/>
  <node id="2755" lat="37.2406526" lon="126.7733834"/>
  <node id="2756" lat="37.2406424" lon="126.7733753"/>
  <node id="2757" lat="37.2406308" lon="126.7733662"/>
  <node id="2758" lat="37.2406196" lon="126.7733583"/>
  <node id="2759" lat="37.2406027" lon="126.7733471"/>
  <node id="2760" lat="37.2405788" lon="126.7733312"/>
  <node id="2761" lat="37.2405601" lon="126.7733188"/>
  <node id="2762" lat="37.2405362" lon="126.7733031"/>
  <node id="2763" lat="37.2405149" lon="126.7732891"/>
  <node id="2764" lat="37.2404453" lon="126.7739194"/>
  <node id="2765" lat="37.2404309" lon="126.7739099"/>
  <node id="2766" lat="37.2404166" lon="126.7739003"/>
  <node id="2767" lat="37.2404144" lon="126.7738988"/>
  <node id="2768" lat="37.2403904" lon="126.7738831"/>
  <node id="2769" lat="37.24039" lon="126.7738828"/>
  <node id="2770" lat="37.2403661" lon="126.7738671"/>
  <node id="2771" lat="37.2403517" lon="126.7738577"/>
  <node id="2772" lat="37.2403358" lon="126.7738471"/>
  <node id="2773" lat="37.2403202" lon="126.7738366"/>
  <node id="2774" lat="37.2403032" lon="126.7738255"/>
  <node id="2775" lat="37.2405805" lon="126.773829"/>
  <node id="2776" lat="37.2405703" lon="126.7738544"/>
  <node id="2777" lat="37.2405624" lon="126.773872"/>
  <node id="2778" lat="37.2405582" lon="126.7738795"/>
  <node id="2779" lat="37.2405518" lon="126.7738888"/>
  <node id="2780" lat="37.2405462" lon="126.7738948"/>
  <node id="2781" lat="37.2405407" lon="126.7739001"/>
  <node id="2782" lat="37.2405357" lon="126.7739035"/>
  <node id="2783" lat="37.2405312" lon="126.7739065"/>
  <node id="2784" lat="37.2405271" lon="126.7739077"/>
  <node id="2785" lat="37.2405215" lon="126.773909"/>
  <node id="2786" lat="37.2405172" lon="126.7739092"/>
  <node id="2787" lat="37.2405125" lon="126.7739086"/>
  <node id="2788" lat="37.2404897" lon="126.7738979"/>
  <node id="2789" lat="37.2404753" lon="126.7738881"/>
  <node id="2790" lat="37.2404624" lon="126.7738796"/>
  <node id="2791" lat="37.2402853" lon="126.7738136"/>
  <node id="2792" lat="37.2404412" lon="126.7738656"/>
  <node id="2793" lat="37.2404199" lon="126.7738516"/>
  <node id="2794" lat="37.2403987" lon="126.7738376"/>
  <node id="2795" lat="37.2403774" lon="126.7738236"/>
  <node id="2796" lat="37.240365" lon="126.7738154"/>
  <node id="2797" lat="37.2403526" lon="126.7738071"/>
  <node id="2798" lat="37.240333" lon="126.7737942"/>
  <node id="2799" lat="37.2400183" lon="126.7741289"/>
  <node id="2800" lat="37.2400256" lon="126.7741112"/>
  <node id="2801" lat="37.2400366" lon="126.7740852"/>
  <node id="2802" lat="37.2400484" lon="126.7740562"/>
  <node id="2803" lat="37.240058" lon="126.7740336"/>
  <node id="2804" lat="37.2400676" lon="126.7740111"/>
  <node id="2805" lat="37.2400801" lon="126.7739816"/>
  <node id="2806" lat="37.2400864" lon="126.7739666"/>
  <node id="2807" lat="37.2400927" lon="126.7739516"/>
  <node id="2808" lat="37.2401022" lon="126.7739291"/>
  <node id="2809" lat="37.2400647" lon="126.7739325"/>
  <node id="2810" lat="37.2400745" lon="126.7739102"/>
  <node id="2811" lat="37.2399902" lon="126.7741092"/>
  <node id="2812" lat="37.2399964" lon="126.7740945"/>
  <node id="2813" lat="37.2400037" lon="126.7740771"/>
  <node id="2814" lat="37.240009" lon="126.7740646"/>
  <node id="2815" lat="37.2400174" lon="126.7740445"/>
  <node id="2816" lat="37.2400299" lon="126.7740146"/>
  <node id="2817" lat="37.2400425" lon="126.7739846"/>
  <node id="2818" lat="37.240055" lon="126.7739547"/>
  <node id="2819" lat="37.2400467" lon="126.7738921"/>
  <node id="2820" lat="37.2400413" lon="126.7739044"/>
  <node id="2821" lat="37.2400347" lon="126.7739197"/>
  <node id="2822" lat="37.2400281" lon="126.773935"/>
  <node id="2823" lat="37.2400219" lon="126.7739502"/>
  <node id="2824" lat="37.2400156" lon="126.7739653"/>
  <node id="2825" lat="37.2400091" lon="126.7739808"/>
  <node id="2826" lat="37.2400025" lon="126.7739964"/>
  <node id="2827" lat="37.2399956" lon="126.7740126"/>
  <node id="2828" lat="37.2399887" lon="126.7740289"/>
  <node id="2829" lat="37.2399766" lon="126.7740586"/>
  <node id="2830" lat="37.239964" lon="126.7740882"/>
  <node id="2831" lat="37.2399631" lon="126.7740904"/>
  <node id="2832" lat="37.2400312" lon="126.773712"/>
  <node id="2833" lat="37.2400383" lon="126.7737188"/>
  <node id="2834" lat="37.2400423" lon="126.7737241"/>
  <node id="2835" lat="37.2400466" lon="126.7737319"/>
  <node id="2836" lat="37.2400524" lon="126.7737444"/>
  <node id="2837" lat="37.2400566" lon="126.773755"/>
  <node id="2838" lat="37.2400605" lon="126.7737678"/>
  <node id="2839" lat="37.2400632" lon="126.7737793"/>
  <node id="2840" lat="37.2400658" lon="126.7737926"/>
  <node id="2841" lat="37.2400672" lon="126.7738051"/>
  <node id="2842" lat="37.2400678" lon="126.7738144"/>
  <node id="2843" lat="37.2400672" lon="126.7738229"/>
  <node id="2844" lat="37.2400667" lon="126.7738272"/>
  <node id="2845" lat="37.2401341" lon="126.7738724"/>
  <node id="2846" lat="37.2401384" lon="126.773868"/>
  <node id="2847" lat="37.2401435" lon="126.773864"/>
  <node id="2848" lat="37.2401498" lon="126.7738594"/>
  <node id="2849" lat="37.2401564" lon="126.7738551"/>
  <node id="2850" lat="37.2401655" lon="126.7738504"/>
  <node id="2851" lat="37.2401725" lon="126.7738483"/>
  <node id="2852" lat="37.2401838" lon="126.7738459"/>
  <node id="2853" lat="37.2401965" lon="126.773845"/>
  <node id="2854" lat="37.2402034" lon="126.7738453"/>
  <node id="2855" lat="37.2402096" lon="126.7738456"/>
  <node id="2856" lat="37.2400226" lon="126.7743315"/>
  <node id="2857" lat="37.2400391" lon="126.7743425"/>
  <node id="2858" lat="37.2400582" lon="126.7743551"/>
  <node id="2859" lat="37.2400821" lon="126.7743708"/>
  <node id="2860" lat="37.2401059" lon="126.7743865"/>
  <node id="2861" lat="37.2401298" lon="126.7744023"/>
  <node id="2862" lat="37.2401481" lon="126.7744143"/>
  <node id="2863" lat="37.2401601" lon="126.7744221"/>
  <node id="2864" lat="37.240172" lon="126.77443"/>
  <node id="2865" lat="37.240184" lon="126.7744379"/>
  <node id="2866" lat="37.240196" lon="126.7744457"/>
  <node id="2867" lat="37.2402176" lon="126.7744567"/>
  <node id="2868" lat="37.2402189" lon="126.7744546"/>
  <node id="2869" lat="37.2402289" lon="126.7744591"/>
  <node id="2870" lat="37.2402416" lon="126.7744641"/>
  <node id="2871" lat="37.240255" lon="126.7744672"/>
  <node id="2872" lat="37.2402674" lon="126.7744692"/>
  <node id="2873" lat="37.2402797" lon="126.7744706"/>
  <node id="2874" lat="37.2402883" lon="126.7744705"/>
  <node id="2875" lat="37.2402968" lon="126.7744701"/>
  <node id="2876" lat="37.2403037" lon="126.7744696"/>
  <node id="2877" lat="37.2403121" lon="126.7744682"/>
  <node id="2878" lat="37.2403217" lon="126.7744657"/>
  <node id="2879" lat="37.2403312" lon="126.7744622"/>
  <node id="2880" lat="37.2403418" lon="126.7744574"/>
  <node id="2881" lat="37.240352" lon="126.7744517"/>
  <node id="2882" lat="37.240361" lon="126.7744455"/>
  <node id="2883" lat="37.2403689" lon="126.7744391"/>
  <node id="2884" lat="37.2403757" lon="126.7744335"/>
  <node id="2885" lat="37.2403835" lon="126.7744258"/>
  <node id="2886" lat="37.2403913" lon="126.7744178"/>
  <node id="2887" lat="37.2403988" lon="126.7744089"/>
  <node id="2888" lat="37.2404048" lon="126.7744011"/>
  <node id="2889" lat="37.2404107" lon="126.7743924"/>
  <node id="2890" lat="37.240416" lon="126.7743836"/>
  <node id="2891" lat="37.2404209" lon="126.7743748"/>
  <node id="2892" lat="37.2404276" lon="126.7743619"/>
  <node id="2893" lat="37.240434" lon="126.7743481"/>
  <node id="2894" lat="37.2404413" lon="126.7743316"/>
  <node id="2895" lat="37.2404538" lon="126.7743016"/>
  <node id="2896" lat="37.2404549" lon="126.7742987"/>
  <node id="2897" lat="37.2404673" lon="126.7742687"/>
  <node id="2898" lat="37.2404677" lon="126.7742678"/>
  <node id="2899" lat="37.2404803" lon="126.7742379"/>
  <node id="2900" lat="37.2404845" lon="126.7742281"/>
  <node id="2901" lat="37.2404969" lon="126.7741981"/>
  <node id="2902" lat="37.2405077" lon="126.7741722"/>
  <node id="2903" lat="37.2404891" lon="126.7741319"/>
  <node id="2904" lat="37.24048" lon="126.7741537"/>
  <node id="2905" lat="37.2404773" lon="126.7741602"/>
  <node id="2906" lat="37.2404763" lon="126.7741625"/>
  <node id="2907" lat="37.2404637" lon="126.7741924"/>
  <node id="2908" lat="37.240451" lon="126.7742223"/>
  <node id="2909" lat="37.2404384" lon="126.7742521"/>
  <node id="2910" lat="37.2404257" lon="126.774282"/>
  <node id="2911" lat="37.2404131" lon="126.7743119"/>
  <node id="2912" lat="37.2404127" lon="126.7743126"/>
  <node id="2913" lat="37.2404045" lon="126.7743317"/>
  <node id="2914" lat="37.2403999" lon="126.7743415"/>
  <node id="2915" lat="37.2403956" lon="126.7743502"/>
  <node id="2916" lat="37.2403913" lon="126.7743577"/>
  <node id="2917" lat="37.2403866" lon="126.7743663"/>
  <node id="2918" lat="37.2403813" lon="126.7743745"/>
  <node id="2919" lat="37.240375" lon="126.7743831"/>
  <node id="2920" lat="37.240368" lon="126.7743916"/>
  <node id="2921" lat="37.2403609" lon="126.7743997"/>
  <node id="2922" lat="37.2403531" lon="126.7744069"/>
  <node id="2923" lat="37.2403443" lon="126.7744139"/>
  <node id="2924" lat="37.2403364" lon="126.7744186"/>
  <node id="2925" lat="37.2403253" lon="126.774424"/>
  <node id="2926" lat="37.2403119" lon="126.774428"/>
  <node id="2927" lat="37.2402987" lon="126.7744302"/>
  <node id="2928" lat="37.2402853" lon="126.7744308"/>
  <node id="2929" lat="37.2402706" lon="126.7744299"/>
  <node id="2930" lat="37.2402599" lon="126.7744287"/>
  <node id="2931" lat="37.2402478" lon="126.7744255"/>
  <node id="2932" lat="37.240235" lon="126.7744207"/>
  <node id="2933" lat="37.2404606" lon="126.7741129"/>
  <node id="2934" lat="37.2404516" lon="126.7741349"/>
  <node id="2935" lat="37.2404393" lon="126.774165"/>
  <node id="2936" lat="37.2404315" lon="126.7741836"/>
  <node id="2937" lat="37.2404189" lon="126.7742136"/>
  <node id="2938" lat="37.2404063" lon="126.7742435"/>
  <node id="2939" lat="37.2404033" lon="126.7742508"/>
  <node id="2940" lat="37.2403907" lon="126.7742808"/>
  <node id="2941" lat="37.2403844" lon="126.7742957"/>
  <node id="2942" lat="37.2403782" lon="126.7743107"/>
  <node id="2943" lat="37.24037" lon="126.774328"/>
  <node id="2944" lat="37.2403627" lon="126.7743407"/>
  <node id="2945" lat="37.2403561" lon="126.7743511"/>
  <node id="2946" lat="37.2403513" lon="126.7743583"/>
  <node id="2947" lat="37.2403454" lon="126.7743651"/>
  <node id="2948" lat="37.2403402" lon="126.7743704"/>
  <node id="2949" lat="37.2403345" lon="126.7743755"/>
  <node id="2950" lat="37.2403256" lon="126.7743815"/>
  <node id="2951" lat="37.240315" lon="126.7743865"/>
  <node id="2952" lat="37.2403045" lon="126.7743897"/>
  <node id="2953" lat="37.2402954" lon="126.7743911"/>
  <node id="2954" lat="37.2402872" lon="126.7743916"/>
  <node id="2955" lat="37.2402811" lon="126.7743914"/>
  <node id="2956" lat="37.240276" lon="126.7743909"/>
  <node id="2957" lat="37.2402678" lon="126.7743896"/>
  <node id="2958" lat="37.2402591" lon="126.7743874"/>
  <node id="2959" lat="37.2402517" lon="126.7743851"/>
  <node id="2960" lat="37.240244" lon="126.7743821"/>
  <node id="2961" lat="37.2404551" lon="126.773991"/>
  <node id="2962" lat="37.2404575" lon="126.7739928"/>
  <node id="2963" lat="37.2404603" lon="126.7739953"/>
  <node id="2964" lat="37.2404638" lon="126.7739998"/>
  <node id="2965" lat="37.2404675" lon="126.7740054"/>
  <node id="2966" lat="37.2404705" lon="126.7740108"/>
  <node id="2967" lat="37.2404729" lon="126.7740152"/>
  <node id="2968" lat="37.2404754" lon="126.774021"/>
  <node id="2969" lat="37.2404771" lon="126.774026"/>
  <node id="2970" lat="37.2404786" lon="126.774033"/>
  <node id="2971" lat="37.2404796" lon="126.7740404"/>
  <node id="2972" lat="37.24048" lon="126.7740479"/>
  <node id="2973" lat="37.2404797" lon="126.7740535"/>
  <node id="2974" lat="37.2404787" lon="126.7740622"/>
  <node id="2975" lat="37.2404777" lon="126.7740668"/>
  <node id="2976" lat="37.2404764" lon="126.774071"/>
  <node id="2977" lat="37.2406447" lon="126.7739626"/>
  <node id="2978" lat="37.2406384" lon="126.7739496"/>
  <node id="2979" lat="37.2406344" lon="126.7739406"/>
  <node id="2980" lat="37.2406313" lon="126.7739304"/>
  <node id="2981" lat="37.2406292" lon="126.7739217"/>
  <node id="2982" lat="37.240628" lon="126.7739153"/>
  <node id="2983" lat="37.2397871" lon="126.7741742"/>
  <node id="2984" lat="37.2398109" lon="126.7741902"/>
  <node id="2985" lat="37.2398128" lon="126.7741914"/>
  <node id="2986" lat="37.2396511" lon="126.774085"/>
  <node id="2987" lat="37.239661" lon="126.7740914"/>
  <node id="2988" lat="37.2396778" lon="126.7741025"/>
  <node id="2989" lat="37.2396979" lon="126.7741157"/>
  <node id="2990" lat="37.2397109" lon="126.774124"/>
  <node id="2991" lat="37.2397238" lon="126.7741322"/>
  <node id="2992" lat="37.2397433" lon="126.7741454"/>
  <node id="2993" lat="37.2397618" lon="126.7741579"/>
  <node id="2994" lat="37.2397744" lon="126.7741661"/>
  <node id="2995" lat="37.2397398" lon="126.773584"/>
  <node id="2996" lat="37.2397452" lon="126.7735781"/>
  <node id="2997" lat="37.239751" lon="126.7735732"/>
  <node id="2998" lat="37.2397571" lon="126.7735685"/>
  <node id="2999" lat="37.2397631" lon="126.7735656"/>
  <node id="3000" lat="37.2397703" lon="126.7735624"/>
  <node id="3001" lat="37.239777" lon="126.7735609"/>
  <node id="3002" lat="37.2397858" lon="126.7735602"/>
  <node id="3003" lat="37.239793" lon="126.7735602"/>
  <node id="3004" lat="37.239797" lon="126.773561"/>
  <node id="3005" lat="37.2395871" lon="126.7740417"/>
  <node id="3006" lat="37.2396001" lon="126.7740501"/>
  <node id="3007" lat="37.2396135" lon="126.7740589"/>
  <node id="3008" lat="37.2396689" lon="126.7735568"/>
  <node id="3009" lat="37.239668" lon="126.7735638"/>
  <node id="3010" lat="37.2396663" lon="126.7735721"/>
  <node id="3011" lat="37.2396644" lon="126.7735803"/>
  <node id="3012" lat="37.2396606" lon="126.7735932"/>
  <node id="3013" lat="37.2396519" lon="126.7736161"/>
  <node id="3014" lat="37.2396404" lon="126.7736436"/>
  <node id="3015" lat="37.239633" lon="126.7736612"/>
  <node id="3016" lat="37.2396251" lon="126.7736801"/>
  <node id="3017" lat="37.2396174" lon="126.7736984"/>
  <node id="3018" lat="37.2396103" lon="126.7737154"/>
  <node id="3019" lat="37.2395979" lon="126.7737453"/>
  <node id="3020" lat="37.2395855" lon="126.7737753"/>
  <node id="3021" lat="37.2395726" lon="126.7738047"/>
  <node id="3022" lat="37.2394716" lon="126.7740463"/>
  <node id="3023" lat="37.2394795" lon="126.7740326"/>
  <node id="3024" lat="37.2394874" lon="126.7740189"/>
  <node id="3025" lat="37.2394953" lon="126.7740052"/>
  <node id="3026" lat="37.2395032" lon="126.7739915"/>
  <node id="3027" lat="37.2395112" lon="126.7739778"/>
  <node id="3028" lat="37.2395191" lon="126.7739641"/>
  <node id="3029" lat="37.239527" lon="126.7739504"/>
  <node id="3030" lat="37.2395349" lon="126.7739367"/>
  <node id="3031" lat="37.2395429" lon="126.773923"/>
  <node id="3032" lat="37.2395508" lon="126.7739093"/>
  <node id="3033" lat="37.239565" lon="126.7738249"/>
  <node id="3034" lat="37.2395604" lon="126.7738414"/>
  <node id="3035" lat="37.2395573" lon="126.7738573"/>
  <node id="3036" lat="37.2395556" lon="126.7738712"/>
  <node id="3037" lat="37.2395541" lon="126.7738878"/>
  <node id="3038" lat="37.2394809" lon="126.7740243"/>
  <node id="3039" lat="37.2394898" lon="126.7740032"/>
  <node id="3040" lat="37.2394995" lon="126.77398"/>
  <node id="3041" lat="37.2395087" lon="126.7739586"/>
  <node id="3042" lat="37.239515" lon="126.7739436"/>
  <node id="3043" lat="37.2395212" lon="126.7739286"/>
  <node id="3044" lat="37.2395323" lon="126.7739021"/>
  <node id="3045" lat="37.2395362" lon="126.7738928"/>
  <node id="3046" lat="37.2395652" lon="126.7738221"/>
  <node id="3047" lat="37.239555" lon="126.7738471"/>
  <node id="3048" lat="37.2395449" lon="126.7738721"/>
  <node id="3049" lat="37.2416531" lon="126.7742504"/>
  <node id="3050" lat="37.2416528" lon="126.7742597"/>
  <node id="3051" lat="37.2416526" lon="126.7742654"/>
  <node id="3052" lat="37.2416514" lon="126.7742809"/>
  <node id="3053" lat="37.2416502" lon="126.7742936"/>
  <node id="3054" lat="37.2416466" lon="126.7743091"/>
  <node id="3055" lat="37.2416442" lon="126.7743185"/>
  <node id="3056" lat="37.2416415" lon="126.7743254"/>
  <node id="3057" lat="37.2416381" lon="126.7743325"/>
  <node id="3058" lat="37.241634" lon="126.7743391"/>
  <node id="3059" lat="37.2416277" lon="126.7743459"/>
  <node id="3060" lat="37.2416212" lon="126.7743525"/>
  <node id="3061" lat="37.2416137" lon="126.7743578"/>
  <node id="3062" lat="37.2416068" lon="126.7743626"/>
  <node id="3063" lat="37.2415963" lon="126.7743677"/>
  <node id="3064" lat="37.241587" lon="126.774371"/>
  <node id="3065" lat="37.2415797" lon="126.7743732"/>
  <node id="3066" lat="37.241574" lon="126.7743736"/>
  <node id="3067" lat="37.2415558" lon="126.7743744"/>
  <node id="3068" lat="37.2415505" lon="126.7743744"/>
  <node id="3069" lat="37.2406272" lon="126.7741015"/>
  <node id="3070" lat="37.2406477" lon="126.7741155"/>
  <node id="3071" lat="37.2406602" lon="126.7741239"/>
  <node id="3072" lat="37.2405094" lon="126.7741681"/>
  <node id="3073" lat="37.2405122" lon="126.7741614"/>
  <node id="3074" lat="37.2405247" lon="126.7741314"/>
  <node id="3075" lat="37.2405292" lon="126.7741203"/>
  <node id="3076" lat="37.2405352" lon="126.774108"/>
  <node id="3077" lat="37.2405389" lon="126.7741016"/>
  <node id="3078" lat="37.2405449" lon="126.7740927"/>
  <node id="3079" lat="37.240545" lon="126.7740926"/>
  <node id="3080" lat="37.2405484" lon="126.7740882"/>
  <node id="3081" lat="37.2405513" lon="126.7740849"/>
  <node id="3082" lat="37.2405553" lon="126.7740815"/>
  <node id="3083" lat="37.2405595" lon="126.7740789"/>
  <node id="3084" lat="37.2405637" lon="126.7740769"/>
  <node id="3085" lat="37.2405678" lon="126.7740761"/>
  <node id="3086" lat="37.2405733" lon="126.7740751"/>
  <node id="3087" lat="37.2405793" lon="126.7740758"/>
  <node id="3088" lat="37.2405863" lon="126.7740776"/>
  <node id="3089" lat="37.2405917" lon="126.7740803"/>
  <node id="3090" lat="37.2405997" lon="126.7740845"/>
  <node id="3091" lat="37.2406081" lon="126.7740894"/>
  <node id="3092" lat="37.2406248" lon="126.7740999"/>
  <node id="3093" lat="37.241158" lon="126.7744589"/>
  <node id="3094" lat="37.2412074" lon="126.7744832"/>
  <node id="3095" lat="37.2412558" lon="126.7745057"/>
  <node id="3096" lat="37.2413621" lon="126.7745397"/>
  <node id="3097" lat="37.2414527" lon="126.7745524"/>
  <node id="3098" lat="37.2415511" lon="126.7745539"/>
  <node id="3099" lat="37.2425259" lon="126.7743891"/>
  <node id="3100" lat="37.2425121" lon="126.7743895"/>
  <node id="3101" lat="37.2424985" lon="126.7743899"/>
  <node id="3102" lat="37.242485" lon="126.7743903"/>
  <node id="3103" lat="37.2424715" lon="126.7743907"/>
  <node id="3104" lat="37.2424507" lon="126.7743914"/>
  <node id="3105" lat="37.2424238" lon="126.7743923"/>
  <node id="3106" lat="37.2423969" lon="126.7743932"/>
  <node id="3107" lat="37.2423956" lon="126.7743933"/>
  <node id="3108" lat="37.242382" lon="126.7743937"/>
  <node id="3109" lat="37.2423685" lon="126.7743942"/>
  <node id="3110" lat="37.242355" lon="126.7743947"/>
  <node id="3111" lat="37.2423415" lon="126.7743952"/>
  <node id="3112" lat="37.2423193" lon="126.774396"/>
  <node id="3113" lat="37.2422923" lon="126.774397"/>
  <node id="3114" lat="37.2422653" lon="126.7743979"/>
  <node id="3115" lat="37.2422383" lon="126.7743989"/>
  <node id="3116" lat="37.2422113" lon="126.7743998"/>
  <node id="3117" lat="37.2421843" lon="126.7744007"/>
  <node id="3118" lat="37.2421578" lon="126.7744017"/>
  <node id="3119" lat="37.2421308" lon="126.7744026"/>
  <node id="3120" lat="37.2421038" lon="126.7744035"/>
  <node id="3121" lat="37.2420768" lon="126.7744045"/>
  <node id="3122" lat="37.242076" lon="126.7744045"/>
  <node id="3123" lat="37.2420492" lon="126.7744054"/>
  <node id="3124" lat="37.2420223" lon="126.7744064"/>
  <node id="3125" lat="37.2419954" lon="126.7744074"/>
  <node id="3126" lat="37.2419685" lon="126.7744083"/>
  <node id="3127" lat="37.2419642" lon="126.7744085"/>
  <node id="3128" lat="37.2419507" lon="126.7744089"/>
  <node id="3129" lat="37.2419371" lon="126.7744094"/>
  <node id="3130" lat="37.2419236" lon="126.7744099"/>
  <node id="3131" lat="37.2419101" lon="126.7744104"/>
  <node id="3132" lat="37.2418966" lon="126.7744108"/>
  <node id="3133" lat="37.2418831" lon="126.7744113"/>
  <node id="3134" lat="37.2418696" lon="126.7744118"/>
  <node id="3135" lat="37.241856" lon="126.7744123"/>
  <node id="3136" lat="37.2418425" lon="126.7744127"/>
  <node id="3137" lat="37.241829" lon="126.7744132"/>
  <node id="3138" lat="37.2418268" lon="126.7744133"/>
  <node id="3139" lat="37.2418123" lon="126.7744139"/>
  <node id="3140" lat="37.2417978" lon="126.7744144"/>
  <node id="3141" lat="37.241771" lon="126.7744155"/>
  <node id="3142" lat="37.2417648" lon="126.7744157"/>
  <node id="3143" lat="37.2417437" lon="126.7744159"/>
  <node id="3144" lat="37.242525" lon="126.7743488"/>
  <node id="3145" lat="37.2424981" lon="126.7743499"/>
  <node id="3146" lat="37.2424712" lon="126.7743509"/>
  <node id="3147" lat="37.2424443" lon="126.7743519"/>
  <node id="3148" lat="37.2424174" lon="126.774353"/>
  <node id="3149" lat="37.2423978" lon="126.7743537"/>
  <node id="3150" lat="37.2423708" lon="126.7743546"/>
  <node id="3151" lat="37.2423438" lon="126.7743556"/>
  <node id="3152" lat="37.2423168" lon="126.7743565"/>
  <node id="3153" lat="37.2422898" lon="126.7743575"/>
  <node id="3154" lat="37.2422628" lon="126.7743584"/>
  <node id="3155" lat="37.2422358" lon="126.7743593"/>
  <node id="3156" lat="37.2422347" lon="126.7743594"/>
  <node id="3157" lat="37.2422078" lon="126.7743604"/>
  <node id="3158" lat="37.2421809" lon="126.7743614"/>
  <node id="3159" lat="37.242154" lon="126.7743624"/>
  <node id="3160" lat="37.2421271" lon="126.7743633"/>
  <node id="3161" lat="37.2421247" lon="126.7743634"/>
  <node id="3162" lat="37.2421112" lon="126.7743639"/>
  <node id="3163" lat="37.2420977" lon="126.7743644"/>
  <node id="3164" lat="37.2420842" lon="126.7743649"/>
  <node id="3165" lat="37.2420706" lon="126.7743653"/>
  <node id="3166" lat="37.2420571" lon="126.7743658"/>
  <node id="3167" lat="37.2420436" lon="126.7743663"/>
  <node id="3168" lat="37.2420301" lon="126.7743668"/>
  <node id="3169" lat="37.2420166" lon="126.7743672"/>
  <node id="3170" lat="37.242003" lon="126.7743677"/>
  <node id="3171" lat="37.2419895" lon="126.7743682"/>
  <node id="3172" lat="37.241976" lon="126.7743687"/>
  <node id="3173" lat="37.2419625" lon="126.7743691"/>
  <node id="3174" lat="37.241949" lon="126.7743696"/>
  <node id="3175" lat="37.2419355" lon="126.7743701"/>
  <node id="3176" lat="37.2419219" lon="126.7743705"/>
  <node id="3177" lat="37.2419084" lon="126.774371"/>
  <node id="3178" lat="37.2418949" lon="126.7743715"/>
  <node id="3179" lat="37.2418814" lon="126.774372"/>
  <node id="3180" lat="37.2418679" lon="126.7743724"/>
  <node id="3181" lat="37.2418544" lon="126.7743729"/>
  <node id="3182" lat="37.24184" lon="126.7743734"/>
  <node id="3183" lat="37.2418256" lon="126.7743739"/>
  <node id="3184" lat="37.2418222" lon="126.774374"/>
  <node id="3185" lat="37.2417953" lon="126.7743748"/>
  <node id="3186" lat="37.2417721" lon="126.7743755"/>
  <node id="3187" lat="37.2417632" lon="126.7743757"/>
  <node id="3188" lat="37.2417573" lon="126.7743754"/>
  <node id="3189" lat="37.2417518" lon="126.7743744"/>
  <node id="3190" lat="37.2417443" lon="126.7743721"/>
  <node id="3191" lat="37.2417394" lon="126.7743694"/>
  <node id="3192" lat="37.2417346" lon="126.7743662"/>
  <node id="3193" lat="37.2417303" lon="126.7743615"/>
  <node id="3194" lat="37.2417274" lon="126.7743565"/>
  <node id="3195" lat="37.2417236" lon="126.7743496"/>
  <node id="3196" lat="37.2417216" lon="126.7743418"/>
  <node id="3197" lat="37.2417205" lon="126.7743362"/>
  <node id="3198" lat="37.2417198" lon="126.77433"/>
  <node id="3199" lat="37.2417192" lon="126.7743224"/>
  <node id="3200" lat="37.2417188" lon="126.7743114"/>
  <node id="3201" lat="37.2417183" lon="126.7742999"/>
  <node id="3202" lat="37.2417178" lon="126.7742898"/>
  <node id="3203" lat="37.2417173" lon="126.7742726"/>
  <node id="3204" lat="37.241717" lon="126.7742591"/>
  <node id="3205" lat="37.2417167" lon="126.7742364"/>
  <node id="3206" lat="37.2417164" lon="126.7742147"/>
  <node id="3207" lat="37.241716" lon="126.7741923"/>
  <node id="3208" lat="37.2417157" lon="126.7741754"/>
  <node id="3209" lat="37.2417154" lon="126.7741585"/>
  <node id="3210" lat="37.2417153" lon="126.7741536"/>
  <node id="3211" lat="37.2417148" lon="126.7741367"/>
  <node id="3212" lat="37.2417144" lon="126.7741198"/>
  <node id="3213" lat="37.2417135" lon="126.774086"/>
  <node id="3214" lat="37.2417127" lon="126.7740522"/>
  <node id="3215" lat="37.2417118" lon="126.7740184"/>
  <node id="3216" lat="37.2417116" lon="126.7739949"/>
  <node id="3217" lat="37.2417113" lon="126.7739761"/>
  <node id="3218" lat="37.2417113" lon="126.7739616"/>
  <node id="3219" lat="37.2417119" lon="126.7739512"/>
  <node id="3220" lat="37.2417123" lon="126.7739331"/>
  <node id="3221" lat="37.2417146" lon="126.7739038"/>
  <node id="3222" lat="37.2417184" lon="126.7738821"/>
  <node id="3223" lat="37.2417233" lon="126.7738657"/>
  <node id="3224" lat="37.2417284" lon="126.7738534"/>
  <node id="3225" lat="37.2417334" lon="126.773844"/>
  <node id="3226" lat="37.2417376" lon="126.7738378"/>
  <node id="3227" lat="37.2417424" lon="126.7738318"/>
  <node id="3228" lat="37.2417478" lon="126.7738255"/>
  <node id="3229" lat="37.2417582" lon="126.7738165"/>
  <node id="3230" lat="37.241766" lon="126.7738112"/>
  <node id="3231" lat="37.2417734" lon="126.7738069"/>
  <node id="3232" lat="37.2417791" lon="126.7738045"/>
  <node id="3233" lat="37.2417865" lon="126.7738019"/>
  <node id="3234" lat="37.241793" lon="126.7738008"/>
  <node id="3235" lat="37.2418042" lon="126.7737986"/>
  <node id="3236" lat="37.2418165" lon="126.7737971"/>
  <node id="3237" lat="37.2418351" lon="126.7737954"/>
  <node id="3238" lat="37.2418511" lon="126.7737947"/>
  <node id="3239" lat="37.2418781" lon="126.7737937"/>
  <node id="3240" lat="37.2419051" lon="126.7737927"/>
  <node id="3241" lat="37.2419215" lon="126.7737927"/>
  <node id="3242" lat="37.2419486" lon="126.7737927"/>
  <node id="3243" lat="37.2419636" lon="126.7737929"/>
  <node id="3244" lat="37.2419772" lon="126.773794"/>
  <node id="3245" lat="37.2419914" lon="126.7737951"/>
  <node id="3246" lat="37.2417535" lon="126.7744217"/>
  <node id="3247" lat="37.2417805" lon="126.7744208"/>
  <node id="3248" lat="37.2418076" lon="126.7744199"/>
  <node id="3249" lat="37.241821" lon="126.7744194"/>
  <node id="3250" lat="37.241848" lon="126.7744185"/>
  <node id="3251" lat="37.241875" lon="126.7744175"/>
  <node id="3252" lat="37.241902" lon="126.7744166"/>
  <node id="3253" lat="37.241929" lon="126.7744157"/>
  <node id="3254" lat="37.241956" lon="126.7744147"/>
  <node id="3255" lat="37.2419815" lon="126.7744139"/>
  <node id="3256" lat="37.2420085" lon="126.7744129"/>
  <node id="3257" lat="37.2420354" lon="126.7744118"/>
  <node id="3258" lat="37.2420623" lon="126.7744108"/>
  <node id="3259" lat="37.2420648" lon="126.7744107"/>
  <node id="3260" lat="37.2420892" lon="126.7744098"/>
  <node id="3261" lat="37.2421162" lon="126.7744088"/>
  <node id="3262" lat="37.2421431" lon="126.7744078"/>
  <node id="3263" lat="37.2421622" lon="126.7744071"/>
  <node id="3264" lat="37.2421624" lon="126.7744071"/>
  <node id="3265" lat="37.2422401" lon="126.7744045"/>
  <node id="3266" lat="37.242243" lon="126.7744044"/>
  <node id="3267" lat="37.2422699" lon="126.7744035"/>
  <node id="3268" lat="37.2422913" lon="126.7744028"/>
  <node id="3269" lat="37.2423181" lon="126.7744018"/>
  <node id="3270" lat="37.242345" lon="126.7744008"/>
  <node id="3271" lat="37.2423719" lon="126.7743998"/>
  <node id="3272" lat="37.2423987" lon="126.7743988"/>
  <node id="3273" lat="37.2424256" lon="126.7743978"/>
  <node id="3274" lat="37.2424524" lon="126.7743969"/>
  <node id="3275" lat="37.2424793" lon="126.7743959"/>
  <node id="3276" lat="37.2424971" lon="126.7743952"/>
  <node id="3277" lat="37.2425061" lon="126.7743949"/>
  <node id="3278" lat="37.2425261" lon="126.7743942"/>
  <node id="3279" lat="37.2422403" lon="126.7744434"/>
  <node id="3280" lat="37.2422672" lon="126.7744419"/>
  <node id="3281" lat="37.2422925" lon="126.7744405"/>
  <node id="3282" lat="37.2423195" lon="126.7744395"/>
  <node id="3283" lat="37.2423465" lon="126.7744385"/>
  <node id="3284" lat="37.2423735" lon="126.7744375"/>
  <node id="3285" lat="37.2423747" lon="126.7744375"/>
  <node id="3286" lat="37.2424016" lon="126.7744365"/>
  <node id="3287" lat="37.2424284" lon="126.7744355"/>
  <node id="3288" lat="37.2424553" lon="126.7744345"/>
  <node id="3289" lat="37.2424822" lon="126.7744335"/>
  <node id="3290" lat="37.2424982" lon="126.774433"/>
  <node id="3291" lat="37.2421629" lon="126.7744468"/>
  <node id="3292" lat="37.2421787" lon="126.7744464"/>
  <node id="3293" lat="37.2421873" lon="126.7744462"/>
  <node id="3294" lat="37.2422142" lon="126.7744448"/>
  <node id="3295" lat="37.2417915" lon="126.7744599"/>
  <node id="3296" lat="37.241807" lon="126.7744593"/>
  <node id="3297" lat="37.241834" lon="126.7744584"/>
  <node id="3298" lat="37.241861" lon="126.7744575"/>
  <node id="3299" lat="37.2418753" lon="126.774457"/>
  <node id="3300" lat="37.2419022" lon="126.7744561"/>
  <node id="3301" lat="37.2419292" lon="126.7744551"/>
  <node id="3302" lat="37.2419561" lon="126.7744542"/>
  <node id="3303" lat="37.2419703" lon="126.7744536"/>
  <node id="3304" lat="37.2419973" lon="126.7744527"/>
  <node id="3305" lat="37.2420243" lon="126.7744518"/>
  <node id="3306" lat="37.2420378" lon="126.7744513"/>
  <node id="3307" lat="37.2420647" lon="126.7744502"/>
  <node id="3308" lat="37.2420656" lon="126.7744502"/>
  <node id="3309" lat="37.2420916" lon="126.7744491"/>
  <node id="3310" lat="37.2421186" lon="126.774448"/>
  <node id="3311" lat="37.2421249" lon="126.7744477"/>
  <node id="3312" lat="37.2421518" lon="126.774447"/>
  <node id="3313" lat="37.2417898" lon="126.7744632"/>
  <node id="3314" lat="37.2418033" lon="126.774465"/>
  <node id="3315" lat="37.2418167" lon="126.7744667"/>
  <node id="3316" lat="37.241827" lon="126.7744681"/>
  <node id="3317" lat="37.2418538" lon="126.7744713"/>
  <node id="3318" lat="37.2418723" lon="126.7744735"/>
  <node id="3319" lat="37.2418991" lon="126.7744769"/>
  <node id="3320" lat="37.2419258" lon="126.7744803"/>
  <node id="3321" lat="37.2419296" lon="126.7744808"/>
  <node id="3322" lat="37.2419564" lon="126.7744839"/>
  <node id="3323" lat="37.2419832" lon="126.7744871"/>
  <node id="3324" lat="37.2419913" lon="126.774488"/>
  <node id="3325" lat="37.2420079" lon="126.7744889"/>
  <node id="3326" lat="37.2420348" lon="126.7744889"/>
  <node id="3327" lat="37.2420384" lon="126.7744889"/>
  <node id="3328" lat="37.2420524" lon="126.7744885"/>
  <node id="3329" lat="37.2420663" lon="126.7744881"/>
  <node id="3330" lat="37.2420666" lon="126.7744881"/>
  <node id="3331" lat="37.2421597" lon="126.7744862"/>
  <node id="3332" lat="37.2421673" lon="126.7744841"/>
  <node id="3333" lat="37.2421732" lon="126.7744815"/>
  <node id="3334" lat="37.2421975" lon="126.7744673"/>
  <node id="3335" lat="37.2421993" lon="126.7744663"/>
  <node id="3336" lat="37.2422117" lon="126.7744596"/>
  <node id="3337" lat="37.2422241" lon="126.7744529"/>
  <node id="3338" lat="37.242232" lon="126.7744485"/>
  <node id="3339" lat="37.2426254" lon="126.7745955"/>
  <node id="3340" lat="37.2426312" lon="126.7745963"/>
  <node id="3341" lat="37.2426368" lon="126.7745975"/>
  <node id="3342" lat="37.2426455" lon="126.7746004"/>
  <node id="3343" lat="37.2426563" lon="126.7746045"/>
  <node id="3344" lat="37.2426634" lon="126.7746079"/>
  <node id="3345" lat="37.2426713" lon="126.7746125"/>
  <node id="3346" lat="37.2426818" lon="126.7746194"/>
  <node id="3347" lat="37.2426918" lon="126.7746284"/>
  <node id="3348" lat="37.242695" lon="126.7746316"/>
  <node id="3349" lat="37.2427779" lon="126.7742332"/>
  <node id="3350" lat="37.2427773" lon="126.7742093"/>
  <node id="3351" lat="37.2427767" lon="126.7741867"/>
  <node id="3352" lat="37.2427762" lon="126.7741628"/>
  <node id="3353" lat="37.2427758" lon="126.7741439"/>
  <node id="3354" lat="37.2427753" lon="126.7741232"/>
  <node id="3355" lat="37.2427748" lon="126.7741014"/>
  <node id="3356" lat="37.2427743" lon="126.7740775"/>
  <node id="3357" lat="37.2427738" lon="126.7740562"/>
  <node id="3358" lat="37.2427733" lon="126.7740353"/>
  <node id="3359" lat="37.2427729" lon="126.774014"/>
  <node id="3360" lat="37.2427724" lon="126.7739922"/>
  <node id="3361" lat="37.242772" lon="126.7739727"/>
  <node id="3362" lat="37.2427716" lon="126.7739545"/>
  <node id="3363" lat="37.2428483" lon="126.7742291"/>
  <node id="3364" lat="37.2428465" lon="126.7742198"/>
  <node id="3365" lat="37.2428449" lon="126.774208"/>
  <node id="3366" lat="37.2428439" lon="126.7741888"/>
  <node id="3367" lat="37.2428429" lon="126.7741636"/>
  <node id="3368" lat="37.242842" lon="126.7741334"/>
  <node id="3369" lat="37.2428416" lon="126.7741215"/>
  <node id="3370" lat="37.2428405" lon="126.7740878"/>
  <node id="3371" lat="37.24284" lon="126.7740694"/>
  <node id="3372" lat="37.2428392" lon="126.7740356"/>
  <node id="3373" lat="37.2428382" lon="126.7740033"/>
  <node id="3374" lat="37.2428381" lon="126.7739988"/>
  <node id="3375" lat="37.2428377" lon="126.773965"/>
  <node id="3376" lat="37.2428381" lon="126.773952"/>
  <node id="3377" lat="37.2428384" lon="126.7739433"/>
  <node id="3378" lat="37.2428386" lon="126.7739374"/>
  <node id="3379" lat="37.2428405" lon="126.7739186"/>
  <node id="3380" lat="37.2428427" lon="126.7739062"/>
  <node id="3381" lat="37.2428447" lon="126.773897"/>
  <node id="3382" lat="37.2428474" lon="126.773887"/>
  <node id="3383" lat="37.2428498" lon="126.7738803"/>
  <node id="3384" lat="37.2428533" lon="126.7738721"/>
  <node id="3385" lat="37.2428571" lon="126.7738653"/>
  <node id="3386" lat="37.2427685" lon="126.7742302"/>
  <node id="3387" lat="37.2427684" lon="126.7742336"/>
  <node id="3388" lat="37.2428575" lon="126.7746747"/>
  <node id="3389" lat="37.2428592" lon="126.7746605"/>
  <node id="3390" lat="37.2428605" lon="126.7746543"/>
  <node id="3391" lat="37.2428607" lon="126.7746534"/>
  <node id="3392" lat="37.2427877" lon="126.7746753"/>
  <node id="3393" lat="37.2427873" lon="126.7746579"/>
  <node id="3394" lat="37.243362" lon="126.7744011"/>
  <node id="3395" lat="37.2433374" lon="126.774402"/>
  <node id="3396" lat="37.2433197" lon="126.7744027"/>
  <node id="3397" lat="37.2433021" lon="126.7744033"/>
  <node id="3398" lat="37.2432809" lon="126.7744041"/>
  <node id="3399" lat="37.2432597" lon="126.7744049"/>
  <node id="3400" lat="37.2432421" lon="126.7744056"/>
  <node id="3401" lat="37.2432244" lon="126.7744063"/>
  <node id="3402" lat="37.2432012" lon="126.7744071"/>
  <node id="3403" lat="37.243178" lon="126.774408"/>
  <node id="3404" lat="37.243151" lon="126.774409"/>
  <node id="3405" lat="37.243124" lon="126.7744099"/>
  <node id="3406" lat="37.243097" lon="126.7744109"/>
  <node id="3407" lat="37.24307" lon="126.7744118"/>
  <node id="3408" lat="37.2430563" lon="126.7744123"/>
  <node id="3409" lat="37.2430427" lon="126.7744128"/>
  <node id="3410" lat="37.2433653" lon="126.774362"/>
  <node id="3411" lat="37.2433383" lon="126.7743631"/>
  <node id="3412" lat="37.2433113" lon="126.7743641"/>
  <node id="3413" lat="37.2432843" lon="126.7743652"/>
  <node id="3414" lat="37.2432748" lon="126.7743656"/>
  <node id="3415" lat="37.2432478" lon="126.7743667"/>
  <node id="3416" lat="37.2432208" lon="126.7743679"/>
  <node id="3417" lat="37.2431938" lon="126.774369"/>
  <node id="3418" lat="37.2431845" lon="126.7743693"/>
  <node id="3419" lat="37.2431575" lon="126.7743701"/>
  <node id="3420" lat="37.2431304" lon="126.7743709"/>
  <node id="3421" lat="37.2431034" lon="126.7743717"/>
  <node id="3422" lat="37.2430947" lon="126.7743721"/>
  <node id="3423" lat="37.2430812" lon="126.7743727"/>
  <node id="3424" lat="37.2430677" lon="126.7743733"/>
  <node id="3425" lat="37.243042" lon="126.7743745"/>
  <node id="3426" lat="37.2430434" lon="126.7744518"/>
  <node id="3427" lat="37.2430166" lon="126.7744532"/>
  <node id="3428" lat="37.2430147" lon="126.7744533"/>
  <node id="3429" lat="37.2430148" lon="126.774459"/>
  <node id="3430" lat="37.2430396" lon="126.7744581"/>
  <node id="3431" lat="37.2430645" lon="126.7744571"/>
  <node id="3432" lat="37.2430893" lon="126.7744562"/>
  <node id="3433" lat="37.2431141" lon="126.7744552"/>
  <node id="3434" lat="37.243139" lon="126.7744543"/>
  <node id="3435" lat="37.2431531" lon="126.7744538"/>
  <node id="3436" lat="37.2431673" lon="126.7744534"/>
  <node id="3437" lat="37.2431808" lon="126.7744528"/>
  <node id="3438" lat="37.2431943" lon="126.7744522"/>
  <node id="3439" lat="37.2432079" lon="126.7744517"/>
  <node id="3440" lat="37.2432214" lon="126.7744512"/>
  <node id="3441" lat="37.2432349" lon="126.7744507"/>
  <node id="3442" lat="37.2432484" lon="126.7744502"/>
  <node id="3443" lat="37.2432754" lon="126.7744495"/>
  <node id="3444" lat="37.2432889" lon="126.7744489"/>
  <node id="3445" lat="37.2433024" lon="126.7744484"/>
  <node id="3446" lat="37.2433217" lon="126.7744476"/>
  <node id="3447" lat="37.2433352" lon="126.7744469"/>
  <node id="3448" lat="37.2433487" lon="126.7744462"/>
  <node id="3449" lat="37.2433757" lon="126.7744449"/>
  <node id="3450" lat="37.2433892" lon="126.7744442"/>
  <node id="3451" lat="37.2434027" lon="126.7744435"/>
  <node id="3452" lat="37.2434102" lon="126.7744432"/>
  <node id="3453" lat="37.2434372" lon="126.774441"/>
  <node id="3454" lat="37.2434507" lon="126.7744399"/>
  <node id="3455" lat="37.2434642" lon="126.7744388"/>
  <node id="3456" lat="37.2434911" lon="126.7744366"/>
  <node id="3457" lat="37.2435145" lon="126.7744347"/>
  <node id="3458" lat="37.2435347" lon="126.7744331"/>
  <node id="3459" lat="37.2433776" lon="126.7743358"/>
  <node id="3460" lat="37.2433712" lon="126.7743349"/>
  <node id="3461" lat="37.2433638" lon="126.7743337"/>
  <node id="3462" lat="37.243337" lon="126.7743293"/>
  <node id="3463" lat="37.243337" lon="126.7743292"/>
  <node id="3464" lat="37.2433101" lon="126.7743254"/>
  <node id="3465" lat="37.2433054" lon="126.774325"/>
  <node id="3466" lat="37.2432784" lon="126.7743225"/>
  <node id="3467" lat="37.2432549" lon="126.774322"/>
  <node id="3468" lat="37.2432414" lon="126.7743217"/>
  <node id="3469" lat="37.2432278" lon="126.7743215"/>
  <node id="3470" lat="37.2432008" lon="126.7743209"/>
  <node id="3471" lat="37.2431873" lon="126.7743206"/>
  <node id="3472" lat="37.2431738" lon="126.7743203"/>
  <node id="3473" lat="37.2431603" lon="126.77432"/>
  <node id="3474" lat="37.2431468" lon="126.7743198"/>
  <node id="3475" lat="37.2431341" lon="126.7743202"/>
  <node id="3476" lat="37.2431206" lon="126.7743207"/>
  <node id="3477" lat="37.2431071" lon="126.7743212"/>
  <node id="3478" lat="37.2430936" lon="126.7743216"/>
  <node id="3479" lat="37.2430801" lon="126.7743221"/>
  <node id="3480" lat="37.2430531" lon="126.7743231"/>
  <node id="3481" lat="37.243041" lon="126.7743235"/>
  <node id="3482" lat="37.2429784" lon="126.7743258"/>
  <node id="3483" lat="37.2429571" lon="126.7743266"/>
  <node id="3484" lat="37.2429465" lon="126.774326"/>
  <node id="3485" lat="37.2429352" lon="126.7743247"/>
  <node id="3486" lat="37.2429216" lon="126.7743206"/>
  <node id="3487" lat="37.2429142" lon="126.7743177"/>
  <node id="3488" lat="37.2429057" lon="126.7743131"/>
  <node id="3489" lat="37.2428979" lon="126.7743082"/>
  <node id="3490" lat="37.24289" lon="126.7743014"/>
  <node id="3491" lat="37.2428853" lon="126.774296"/>
  <node id="3492" lat="37.2430142" lon="126.7743244"/>
  <node id="3493" lat="37.243012" lon="126.7743244"/>
  <node id="3494" lat="37.2433606" lon="126.7744084"/>
  <node id="3495" lat="37.2433448" lon="126.7744135"/>
  <node id="3496" lat="37.2433185" lon="126.7744203"/>
  <node id="3497" lat="37.2432922" lon="126.7744271"/>
  <node id="3498" lat="37.2432872" lon="126.7744284"/>
  <node id="3499" lat="37.2432609" lon="126.7744351"/>
  <node id="3500" lat="37.2432345" lon="126.7744418"/>
  <node id="3501" lat="37.2432319" lon="126.7744425"/>
  <node id="3502" lat="37.2432176" lon="126.774446"/>
  <node id="3503" lat="37.2432041" lon="126.7744465"/>
  <node id="3504" lat="37.2431906" lon="126.774447"/>
  <node id="3505" lat="37.2431771" lon="126.7744475"/>
  <node id="3506" lat="37.2431635" lon="126.774448"/>
  <node id="3507" lat="37.2431448" lon="126.7744488"/>
  <node id="3508" lat="37.2431178" lon="126.7744496"/>
  <node id="3509" lat="37.2430909" lon="126.7744504"/>
  <node id="3510" lat="37.2430639" lon="126.7744512"/>
  <node id="3511" lat="37.2430152" lon="126.7744977"/>
  <node id="3512" lat="37.2430181" lon="126.7744976"/>
  <node id="3513" lat="37.2430451" lon="126.7744967"/>
  <node id="3514" lat="37.2430721" lon="126.7744958"/>
  <node id="3515" lat="37.2430991" lon="126.7744949"/>
  <node id="3516" lat="37.2431052" lon="126.7744947"/>
  <node id="3517" lat="37.2431322" lon="126.7744938"/>
  <node id="3518" lat="37.2431592" lon="126.7744929"/>
  <node id="3519" lat="37.2431862" lon="126.7744919"/>
  <node id="3520" lat="37.2431946" lon="126.7744917"/>
  <node id="3521" lat="37.2432216" lon="126.7744908"/>
  <node id="3522" lat="37.2432486" lon="126.7744899"/>
  <node id="3523" lat="37.2432757" lon="126.7744889"/>
  <node id="3524" lat="37.2433027" lon="126.774488"/>
  <node id="3525" lat="37.2433297" lon="126.7744871"/>
  <node id="3526" lat="37.2433567" lon="126.7744862"/>
  <node id="3527" lat="37.2433715" lon="126.7744856"/>
  <node id="3528" lat="37.2433863" lon="126.774485"/>
  <node id="3529" lat="37.2434001" lon="126.7744845"/>
  <node id="3530" lat="37.2434139" lon="126.7744839"/>
  <node id="3531" lat="37.2434367" lon="126.774483"/>
  <node id="3532" lat="37.2434555" lon="126.7744823"/>
  <node id="3533" lat="37.2434712" lon="126.7744816"/>
  <node id="3534" lat="37.2434869" lon="126.774481"/>
  <node id="3535" lat="37.2435012" lon="126.7744804"/>
  <node id="3536" lat="37.2435156" lon="126.7744798"/>
  <node id="3537" lat="37.2435369" lon="126.774479"/>
  <node id="3538" lat="37.243016" lon="126.7745406"/>
  <node id="3539" lat="37.243032" lon="126.7745399"/>
  <node id="3540" lat="37.243059" lon="126.774539"/>
  <node id="3541" lat="37.243086" lon="126.7745381"/>
  <node id="3542" lat="37.243113" lon="126.7745372"/>
  <node id="3543" lat="37.24314" lon="126.7745363"/>
  <node id="3544" lat="37.2431671" lon="126.7745354"/>
  <node id="3545" lat="37.2431941" lon="126.7745345"/>
  <node id="3546" lat="37.2432211" lon="126.7745336"/>
  <node id="3547" lat="37.2432481" lon="126.7745326"/>
  <node id="3548" lat="37.2432557" lon="126.7745324"/>
  <node id="3549" lat="37.2432698" lon="126.7745318"/>
  <node id="3550" lat="37.2432892" lon="126.7745317"/>
  <node id="3551" lat="37.2433034" lon="126.774531"/>
  <node id="3552" lat="37.2433131" lon="126.7745298"/>
  <node id="3553" lat="37.2433246" lon="126.774528"/>
  <node id="3554" lat="37.2433395" lon="126.7745248"/>
  <node id="3555" lat="37.2433607" lon="126.7745203"/>
  <node id="3556" lat="37.2433756" lon="126.7745167"/>
  <node id="3557" lat="37.2434022" lon="126.7745104"/>
  <node id="3558" lat="37.2434287" lon="126.7745041"/>
  <node id="3559" lat="37.2434473" lon="126.7744996"/>
  <node id="3560" lat="37.2434606" lon="126.7744964"/>
  <node id="3561" lat="37.2434739" lon="126.7744932"/>
  <node id="3562" lat="37.243496" lon="126.7744878"/>
  <node id="3563" lat="37.2435078" lon="126.7744846"/>
  <node id="3564" lat="37.2435175" lon="126.7744828"/>
  <node id="3565" lat="37.2435285" lon="126.7744805"/>
  <node id="3566" lat="37.2435415" lon="126.7744326"/>
  <node id="3567" lat="37.243555" lon="126.7744315"/>
  <node id="3568" lat="37.2435685" lon="126.7744304"/>
  <node id="3569" lat="37.243582" lon="126.7744293"/>
  <node id="3570" lat="37.2435954" lon="126.7744283"/>
  <node id="3571" lat="37.2436224" lon="126.7744261"/>
  <node id="3572" lat="37.2436492" lon="126.7744238"/>
  <node id="3573" lat="37.2436757" lon="126.7744217"/>
  <node id="3574" lat="37.2436902" lon="126.7744206"/>
  <node id="3575" lat="37.2437037" lon="126.7744196"/>
  <node id="3576" lat="37.2437172" lon="126.7744186"/>
  <node id="3577" lat="37.2437389" lon="126.774417"/>
  <node id="3578" lat="37.2437658" lon="126.774415"/>
  <node id="3579" lat="37.2435485" lon="126.7744776"/>
  <node id="3580" lat="37.2435643" lon="126.7744762"/>
  <node id="3581" lat="37.2435913" lon="126.7744744"/>
  <node id="3582" lat="37.2436183" lon="126.7744725"/>
  <node id="3583" lat="37.2436453" lon="126.7744707"/>
  <node id="3584" lat="37.2436722" lon="126.7744688"/>
  <node id="3585" lat="37.2436992" lon="126.774467"/>
  <node id="3586" lat="37.2437262" lon="126.7744651"/>
  <node id="3587" lat="37.2437407" lon="126.7744641"/>
  <node id="3588" lat="37.2437532" lon="126.7744633"/>
  <node id="3589" lat="37.2437573" lon="126.774463"/>
  <node id="3590" lat="37.2437671" lon="126.7744624"/>
  <node id="3591" lat="37.2437753" lon="126.7744627"/>
  <node id="3592" lat="37.2437808" lon="126.7744631"/>
  <node id="3593" lat="37.2437842" lon="126.7744637"/>
  <node id="3594" lat="37.2437844" lon="126.7744637"/>
  <node id="3595" lat="37.2437908" lon="126.7744652"/>
  <node id="3596" lat="37.2437959" lon="126.7744665"/>
  <node id="3597" lat="37.2438018" lon="126.7744688"/>
  <node id="3598" lat="37.2438057" lon="126.7744709"/>
  <node id="3599" lat="37.2438107" lon="126.7744756"/>
  <node id="3600" lat="37.2438166" lon="126.7744833"/>
  <node id="3601" lat="37.2438217" lon="126.7744939"/>
  <node id="3602" lat="37.243825" lon="126.7745066"/>
  <node id="3603" lat="37.2438524" lon="126.7742496"/>
  <node id="3604" lat="37.243852" lon="126.7742307"/>
  <node id="3605" lat="37.2438516" lon="126.7742138"/>
  <node id="3606" lat="37.2438512" lon="126.7741969"/>
  <node id="3607" lat="37.2438508" lon="126.77418"/>
  <node id="3608" lat="37.2438504" lon="126.7741631"/>
  <node id="3609" lat="37.2438497" lon="126.7741294"/>
  <node id="3610" lat="37.2438489" lon="126.7740956"/>
  <node id="3611" lat="37.2438481" lon="126.7740618"/>
  <node id="3612" lat="37.2438477" lon="126.7740449"/>
  <node id="3613" lat="37.2438473" lon="126.774028"/>
  <node id="3614" lat="37.2438466" lon="126.7739942"/>
  <node id="3615" lat="37.2438458" lon="126.7739604"/>
  <node id="3616" lat="37.2438449" lon="126.7739266"/>
  <node id="3617" lat="37.2438445" lon="126.7739086"/>
  <node id="3618" lat="37.2438434" lon="126.7738748"/>
  <node id="3619" lat="37.2438432" lon="126.7738685"/>
  <node id="3620" lat="37.2438426" lon="126.7738549"/>
  <node id="3621" lat="37.2438413" lon="126.7738375"/>
  <node id="3622" lat="37.2438396" lon="126.7738236"/>
  <node id="3623" lat="37.2438371" lon="126.7738098"/>
  <node id="3624" lat="37.2438341" lon="126.773797"/>
  <node id="3625" lat="37.2438304" lon="126.7737856"/>
  <node id="3626" lat="37.2438263" lon="126.773775"/>
  <node id="3627" lat="37.2438221" lon="126.7737662"/>
  <node id="3628" lat="37.2438173" lon="126.7737572"/>
  <node id="3629" lat="37.2438119" lon="126.7737485"/>
  <node id="3630" lat="37.2438061" lon="126.7737403"/>
  <node id="3631" lat="37.2437996" lon="126.7737322"/>
  <node id="3632" lat="37.243792" lon="126.7737239"/>
  <node id="3633" lat="37.2437829" lon="126.7737157"/>
  <node id="3634" lat="37.2437716" lon="126.7737075"/>
  <node id="3635" lat="37.2437578" lon="126.7736998"/>
  <node id="3636" lat="37.243742" lon="126.7736937"/>
  <node id="3637" lat="37.2437269" lon="126.7736902"/>
  <node id="3638" lat="37.2437117" lon="126.7736886"/>
  <node id="3639" lat="37.2436847" lon="126.7736885"/>
  <node id="3640" lat="37.243671" lon="126.7736885"/>
  <node id="3641" lat="37.243644" lon="126.7736895"/>
  <node id="3642" lat="37.243617" lon="126.7736905"/>
  <node id="3643" lat="37.2435899" lon="126.7736914"/>
  <node id="3644" lat="37.2435629" lon="126.7736924"/>
  <node id="3645" lat="37.2435623" lon="126.7736924"/>
  <node id="3646" lat="37.2435593" lon="126.7737319"/>
  <node id="3647" lat="37.2435744" lon="126.773731"/>
  <node id="3648" lat="37.2435816" lon="126.7737308"/>
  <node id="3649" lat="37.2436086" lon="126.7737299"/>
  <node id="3650" lat="37.2436356" lon="126.7737291"/>
  <node id="3651" lat="37.2436398" lon="126.7737291"/>
  <node id="3652" lat="37.2436668" lon="126.7737291"/>
  <node id="3653" lat="37.2436938" lon="126.7737292"/>
  <node id="3654" lat="37.2437153" lon="126.7737303"/>
  <node id="3655" lat="37.2437316" lon="126.7737334"/>
  <node id="3656" lat="37.2437446" lon="126.7737374"/>
  <node id="3657" lat="37.2437537" lon="126.7737415"/>
  <node id="3658" lat="37.2437606" lon="126.7737461"/>
  <node id="3659" lat="37.2437678" lon="126.7737514"/>
  <node id="3660" lat="37.2437761" lon="126.7737596"/>
  <node id="3661" lat="37.2437869" lon="126.7737738"/>
  <node id="3662" lat="37.2437939" lon="126.7737864"/>
  <node id="3663" lat="37.2437987" lon="126.7737963"/>
  <node id="3664" lat="37.2438021" lon="126.7738049"/>
  <node id="3665" lat="37.2438045" lon="126.7738122"/>
  <node id="3666" lat="37.2438079" lon="126.7738244"/>
  <node id="3667" lat="37.2438094" lon="126.7738348"/>
  <node id="3668" lat="37.2438108" lon="126.77385"/>
  <node id="3669" lat="37.2438115" lon="126.7738645"/>
  <node id="3670" lat="37.2438122" lon="126.7738747"/>
  <node id="3671" lat="37.2438128" lon="126.7739078"/>
  <node id="3672" lat="37.2438135" lon="126.7739416"/>
  <node id="3673" lat="37.2438142" lon="126.7739753"/>
  <node id="3674" lat="37.2438149" lon="126.7740091"/>
  <node id="3675" lat="37.2438158" lon="126.7740402"/>
  <node id="3676" lat="37.2438167" lon="126.774074"/>
  <node id="3677" lat="37.2438168" lon="126.7740778"/>
  <node id="3678" lat="37.2438175" lon="126.7741116"/>
  <node id="3679" lat="37.2438182" lon="126.7741454"/>
  <node id="3680" lat="37.2438189" lon="126.7741792"/>
  <node id="3681" lat="37.2438189" lon="126.7741831"/>
  <node id="3682" lat="37.2438192" lon="126.7742169"/>
  <node id="3683" lat="37.2438195" lon="126.7742507"/>
  <node id="3684" lat="37.2438198" lon="126.7742835"/>
  <node id="3685" lat="37.2438198" lon="126.7742845"/>
  <node id="3686" lat="37.2438193" lon="126.7742939"/>
  <node id="3687" lat="37.2438176" lon="126.774308"/>
  <node id="3688" lat="37.2438146" lon="126.7743188"/>
  <node id="3689" lat="37.2438109" lon="126.7743279"/>
  <node id="3690" lat="37.2438071" lon="126.7743345"/>
  <node id="3691" lat="37.2438032" lon="126.7743397"/>
  <node id="3692" lat="37.2438002" lon="126.7743427"/>
  <node id="3693" lat="37.2437941" lon="126.7743481"/>
  <node id="3694" lat="37.2438846" lon="126.7742514"/>
  <node id="3695" lat="37.2438837" lon="126.7742356"/>
  <node id="3696" lat="37.2438833" lon="126.7742286"/>
  <node id="3697" lat="37.2438825" lon="126.7741948"/>
  <node id="3698" lat="37.2438821" lon="126.7741802"/>
  <node id="3699" lat="37.2438814" lon="126.7741464"/>
  <node id="3700" lat="37.2438807" lon="126.7741126"/>
  <node id="3701" lat="37.2438806" lon="126.7741087"/>
  <node id="3702" lat="37.2438799" lon="126.7740749"/>
  <node id="3703" lat="37.2438792" lon="126.7740411"/>
  <node id="3704" lat="37.2438785" lon="126.7740073"/>
  <node id="3705" lat="37.2438777" lon="126.7739735"/>
  <node id="3706" lat="37.243877" lon="126.7739397"/>
  <node id="3707" lat="37.2438764" lon="126.7739111"/>
  <node id="3708" lat="37.2438756" lon="126.7738773"/>
  <node id="3709" lat="37.243875" lon="126.773857"/>
  <node id="3710" lat="37.2438723" lon="126.7738287"/>
  <node id="3711" lat="37.2438696" lon="126.7738123"/>
  <node id="3712" lat="37.2438645" lon="126.7737898"/>
  <node id="3713" lat="37.2438563" lon="126.7737643"/>
  <node id="3714" lat="37.2438483" lon="126.7737461"/>
  <node id="3715" lat="37.2438384" lon="126.7737287"/>
  <node id="3716" lat="37.2438259" lon="126.7737103"/>
  <node id="3717" lat="37.2438152" lon="126.7736965"/>
  <node id="3718" lat="37.2438007" lon="126.7736825"/>
  <node id="3719" lat="37.2437806" lon="126.7736678"/>
  <node id="3720" lat="37.2437636" lon="126.7736593"/>
  <node id="3721" lat="37.2437485" lon="126.7736542"/>
  <node id="3722" lat="37.2437337" lon="126.7736504"/>
  <node id="3723" lat="37.2437189" lon="126.773649"/>
  <node id="3724" lat="37.2436989" lon="126.7736482"/>
  <node id="3725" lat="37.2436719" lon="126.773649"/>
  <node id="3726" lat="37.2436621" lon="126.7736493"/>
  <node id="3727" lat="37.2436351" lon="126.7736504"/>
  <node id="3728" lat="37.2436219" lon="126.7736509"/>
  <node id="3729" lat="37.2436015" lon="126.7736517"/>
  <node id="3730" lat="37.2435801" lon="126.7736525"/>
  <node id="3731" lat="37.2435543" lon="126.7736534"/>
  <node id="3732" lat="37.2416861" lon="126.7742491"/>
  <node id="3733" lat="37.2416857" lon="126.7742284"/>
  <node id="3734" lat="37.2416851" lon="126.7741946"/>
  <node id="3735" lat="37.2416844" lon="126.7741608"/>
  <node id="3736" lat="37.2416838" lon="126.774127"/>
  <node id="3737" lat="37.2416831" lon="126.7740932"/>
  <node id="3738" lat="37.2416825" lon="126.7740594"/>
  <node id="3739" lat="37.2416818" lon="126.7740256"/>
  <node id="3740" lat="37.2416812" lon="126.7739918"/>
  <node id="3741" lat="37.2416812" lon="126.7739912"/>
  <node id="3742" lat="37.2416808" lon="126.7739761"/>
  <node id="3743" lat="37.2416806" lon="126.7739606"/>
  <node id="3744" lat="37.2416806" lon="126.7739509"/>
  <node id="3745" lat="37.2416808" lon="126.7739409"/>
  <node id="3746" lat="37.2416811" lon="126.7739307"/>
  <node id="3747" lat="37.241682" lon="126.7739186"/>
  <node id="3748" lat="37.2416832" lon="126.7739063"/>
  <node id="3749" lat="37.2416869" lon="126.7738813"/>
  <node id="3750" lat="37.2416888" lon="126.7738727"/>
  <node id="3751" lat="37.2416913" lon="126.7738627"/>
  <node id="3752" lat="37.2416945" lon="126.7738524"/>
  <node id="3753" lat="37.2416993" lon="126.7738399"/>
  <node id="3754" lat="37.2417059" lon="126.7738262"/>
  <node id="3755" lat="37.2417126" lon="126.7738149"/>
  <node id="3756" lat="37.2417191" lon="126.7738064"/>
  <node id="3757" lat="37.2417266" lon="126.7737978"/>
  <node id="3758" lat="37.2417329" lon="126.7737916"/>
  <node id="3759" lat="37.2417421" lon="126.7737839"/>
  <node id="3760" lat="37.2417489" lon="126.773779"/>
  <node id="3761" lat="37.2417559" lon="126.7737743"/>
  <node id="3762" lat="37.2417631" lon="126.7737701"/>
  <node id="3763" lat="37.2417726" lon="126.7737659"/>
  <node id="3764" lat="37.241783" lon="126.7737626"/>
  <node id="3765" lat="37.2417938" lon="126.7737603"/>
  <node id="3766" lat="37.2418061" lon="126.7737583"/>
  <node id="3767" lat="37.2418201" lon="126.7737571"/>
  <node id="3768" lat="37.2418381" lon="126.7737562"/>
  <node id="3769" lat="37.2418597" lon="126.773755"/>
  <node id="3770" lat="37.2418867" lon="126.7737541"/>
  <node id="3771" lat="37.2419137" lon="126.7737531"/>
  <node id="3772" lat="37.2419407" lon="126.7737522"/>
  <node id="3773" lat="37.2419549" lon="126.7737517"/>
  <node id="3774" lat="37.241982" lon="126.7737509"/>
  <node id="3775" lat="37.2420036" lon="126.7737097"/>
  <node id="3776" lat="37.2419885" lon="126.7737109"/>
  <node id="3777" lat="37.2419725" lon="126.7737114"/>
  <node id="3778" lat="37.241959" lon="126.7737119"/>
  <node id="3779" lat="37.2419455" lon="126.7737124"/>
  <node id="3780" lat="37.2419358" lon="126.7737128"/>
  <node id="3781" lat="37.2419088" lon="126.7737139"/>
  <node id="3782" lat="37.2418818" lon="126.7737151"/>
  <node id="3783" lat="37.2418657" lon="126.7737157"/>
  <node id="3784" lat="37.2418522" lon="126.7737163"/>
  <node id="3785" lat="37.2418387" lon="126.7737169"/>
  <node id="3786" lat="37.2418186" lon="126.773718"/>
  <node id="3787" lat="37.2417994" lon="126.7737198"/>
  <node id="3788" lat="37.2417823" lon="126.7737226"/>
  <node id="3789" lat="37.2417689" lon="126.773726"/>
  <node id="3790" lat="37.2417563" lon="126.7737308"/>
  <node id="3791" lat="37.2417446" lon="126.7737369"/>
  <node id="3792" lat="37.241732" lon="126.7737449"/>
  <node id="3793" lat="37.241724" lon="126.7737503"/>
  <node id="3794" lat="37.2417137" lon="126.7737589"/>
  <node id="3795" lat="37.2417054" lon="126.7737677"/>
  <node id="3796" lat="37.2416957" lon="126.7737789"/>
  <node id="3797" lat="37.2416869" lon="126.7737911"/>
  <node id="3798" lat="37.2416795" lon="126.773803"/>
  <node id="3799" lat="37.2416738" lon="126.773814"/>
  <node id="3800" lat="37.2416685" lon="126.7738259"/>
  <node id="3801" lat="37.2416625" lon="126.7738418"/>
  <node id="3802" lat="37.2416568" lon="126.7738633"/>
  <node id="3803" lat="37.2416527" lon="126.7738848"/>
  <node id="3804" lat="37.24165" lon="126.7739078"/>
  <node id="3805" lat="37.2416486" lon="126.773929"/>
  <node id="3806" lat="37.2416478" lon="126.7739601"/>
  <node id="3807" lat="37.2416482" lon="126.7739822"/>
  <node id="3808" lat="37.2416488" lon="126.774016"/>
  <node id="3809" lat="37.2416491" lon="126.7740262"/>
  <node id="3810" lat="37.2416499" lon="126.7740599"/>
  <node id="3811" lat="37.2416506" lon="126.7740923"/>
  <node id="3812" lat="37.241651" lon="126.7741092"/>
  <node id="3813" lat="37.2416513" lon="126.7741261"/>
  <node id="3814" lat="37.241652" lon="126.7741599"/>
  <node id="3815" lat="37.2416521" lon="126.7741637"/>
  <node id="3816" lat="37.2416529" lon="126.7741975"/>
  <node id="3817" lat="37.2416537" lon="126.7742313"/>
  <node id="3818" lat="37.2416534" lon="126.774239"/>
  <node id="3819" lat="37.2436276" lon="126.774942"/>
  <node id="3820" lat="37.2436248" lon="126.7749421"/>
  <node id="3821" lat="37.2436113" lon="126.7749426"/>
  <node id="3822" lat="37.2435978" lon="126.7749431"/>
  <node id="3823" lat="37.2435708" lon="126.7749441"/>
  <node id="3824" lat="37.2435582" lon="126.7749445"/>
  <node id="3825" lat="37.2435447" lon="126.774945"/>
  <node id="3826" lat="37.2435312" lon="126.7749454"/>
  <node id="3827" lat="37.2435042" lon="126.7749464"/>
  <node id="3828" lat="37.2434772" lon="126.7749473"/>
  <node id="3829" lat="37.2434502" lon="126.7749483"/>
  <node id="3830" lat="37.2434231" lon="126.7749492"/>
  <node id="3831" lat="37.2434159" lon="126.7749494"/>
  <node id="3832" lat="37.2433889" lon="126.7749505"/>
  <node id="3833" lat="37.2433754" lon="126.774951"/>
  <node id="3834" lat="37.2433619" lon="126.7749515"/>
  <node id="3835" lat="37.2433349" lon="126.7749525"/>
  <node id="3836" lat="37.2433214" lon="126.774953"/>
  <node id="3837" lat="37.2433079" lon="126.7749535"/>
  <node id="3838" lat="37.2432808" lon="126.7749545"/>
  <node id="3839" lat="37.2432538" lon="126.7749555"/>
  <node id="3840" lat="37.2432403" lon="126.774956"/>
  <node id="3841" lat="37.2432268" lon="126.7749565"/>
  <node id="3842" lat="37.2431998" lon="126.7749575"/>
  <node id="3843" lat="37.2431858" lon="126.7749581"/>
  <node id="3844" lat="37.2431588" lon="126.774959"/>
  <node id="3845" lat="37.2431317" lon="126.77496"/>
  <node id="3846" lat="37.2431047" lon="126.7749609"/>
  <node id="3847" lat="37.2430777" lon="126.7749619"/>
  <node id="3848" lat="37.2430642" lon="126.7749624"/>
  <node id="3849" lat="37.2430507" lon="126.7749628"/>
  <node id="3850" lat="37.2430237" lon="126.7749638"/>
  <node id="3851" lat="37.2429966" lon="126.7749648"/>
  <node id="3852" lat="37.2429831" lon="126.7749652"/>
  <node id="3853" lat="37.2429696" lon="126.7749657"/>
  <node id="3854" lat="37.2429527" lon="126.7749663"/>
  <node id="3855" lat="37.2429257" lon="126.7749674"/>
  <node id="3856" lat="37.2429059" lon="126.7749679"/>
  <node id="3857" lat="37.242886" lon="126.7749683"/>
  <node id="3858" lat="37.2438584" lon="126.7745173"/>
  <node id="3859" lat="37.2438589" lon="126.7745376"/>
  <node id="3860" lat="37.2438597" lon="126.7745666"/>
  <node id="3861" lat="37.2438603" lon="126.7746004"/>
  <node id="3862" lat="37.243861" lon="126.7746342"/>
  <node id="3863" lat="37.2438617" lon="126.774668"/>
  <node id="3864" lat="37.2438621" lon="126.7746916"/>
  <node id="3865" lat="37.2438622" lon="126.7747113"/>
  <node id="3866" lat="37.2438619" lon="126.774738"/>
  <node id="3867" lat="37.2438613" lon="126.7747515"/>
  <node id="3868" lat="37.2438603" lon="126.7747647"/>
  <node id="3869" lat="37.2438586" lon="126.7747827"/>
  <node id="3870" lat="37.2438559" lon="126.7747999"/>
  <node id="3871" lat="37.2438528" lon="126.774817"/>
  <node id="3872" lat="37.2438489" lon="126.7748321"/>
  <node id="3873" lat="37.243846" lon="126.7748413"/>
  <node id="3874" lat="37.2438425" lon="126.7748502"/>
  <node id="3875" lat="37.2438378" lon="126.7748605"/>
  <node id="3876" lat="37.2438323" lon="126.7748704"/>
  <node id="3877" lat="37.2438257" lon="126.7748802"/>
  <node id="3878" lat="37.2438174" lon="126.7748909"/>
  <node id="3879" lat="37.2438073" lon="126.7749015"/>
  <node id="3880" lat="37.2437941" lon="126.7749128"/>
  <node id="3881" lat="37.2437807" lon="126.7749217"/>
  <node id="3882" lat="37.2437704" lon="126.7749261"/>
  <node id="3883" lat="37.243757" lon="126.774931"/>
  <node id="3884" lat="37.2437445" lon="126.7749344"/>
  <node id="3885" lat="37.2437261" lon="126.7749377"/>
  <node id="3886" lat="37.2437067" lon="126.774939"/>
  <node id="3887" lat="37.2436796" lon="126.7749402"/>
  <node id="3888" lat="37.2436788" lon="126.7749402"/>
  <node id="3889" lat="37.2436535" lon="126.7749411"/>
  <node id="3890" lat="37.2428603" lon="126.7749692"/>
  <node id="3891" lat="37.2428346" lon="126.7749701"/>
  <node id="3892" lat="37.2428151" lon="126.7749708"/>
  <node id="3893" lat="37.2427956" lon="126.7749716"/>
  <node id="3894" lat="37.2427761" lon="126.7749723"/>
  <node id="3895" lat="37.2427553" lon="126.7749732"/>
  <node id="3896" lat="37.2427344" lon="126.7749741"/>
  <node id="3897" lat="37.2427097" lon="126.7749751"/>
  <node id="3898" lat="37.2426906" lon="126.7749759"/>
  <node id="3899" lat="37.2426715" lon="126.7749768"/>
  <node id="3900" lat="37.2418332" lon="126.7750067"/>
  <node id="3901" lat="37.2418192" lon="126.7750049"/>
  <node id="3902" lat="37.2418066" lon="126.7750025"/>
  <node id="3903" lat="37.2417922" lon="126.7749982"/>
  <node id="3904" lat="37.2417795" lon="126.7749926"/>
  <node id="3905" lat="37.241767" lon="126.7749849"/>
  <node id="3906" lat="37.2417553" lon="126.7749758"/>
  <node id="3907" lat="37.2417442" lon="126.7749649"/>
  <node id="3908" lat="37.2417345" lon="126.7749531"/>
  <node id="3909" lat="37.2417254" lon="126.7749388"/>
  <node id="3910" lat="37.2417194" lon="126.774927"/>
  <node id="3911" lat="37.2417141" lon="126.7749147"/>
  <node id="3912" lat="37.2417101" lon="126.7749029"/>
  <node id="3913" lat="37.2417067" lon="126.7748907"/>
  <node id="3914" lat="37.2417037" lon="126.7748774"/>
  <node id="3915" lat="37.2417013" lon="126.7748623"/>
  <node id="3916" lat="37.2416994" lon="126.7748427"/>
  <node id="3917" lat="37.2416979" lon="126.7748174"/>
  <node id="3918" lat="37.2416971" lon="126.7747837"/>
  <node id="3919" lat="37.2416962" lon="126.7747499"/>
  <node id="3920" lat="37.2416953" lon="126.7747161"/>
  <node id="3921" lat="37.2416952" lon="126.774713"/>
  <node id="3922" lat="37.2416945" lon="126.7746792"/>
  <node id="3923" lat="37.2416941" lon="126.7746636"/>
  <node id="3924" lat="37.2426411" lon="126.7750172"/>
  <node id="3925" lat="37.2426276" lon="126.7750177"/>
  <node id="3926" lat="37.2426141" lon="126.7750182"/>
  <node id="3927" lat="37.2425871" lon="126.7750193"/>
  <node id="3928" lat="37.2425736" lon="126.7750198"/>
  <node id="3929" lat="37.2425601" lon="126.7750203"/>
  <node id="3930" lat="37.2425331" lon="126.7750213"/>
  <node id="3931" lat="37.2425061" lon="126.7750223"/>
  <node id="3932" lat="37.2424926" lon="126.7750229"/>
  <node id="3933" lat="37.2424791" lon="126.7750234"/>
  <node id="3934" lat="37.242452" lon="126.7750244"/>
  <node id="3935" lat="37.2424331" lon="126.7750251"/>
  <node id="3936" lat="37.2424061" lon="126.7750262"/>
  <node id="3937" lat="37.242383" lon="126.7750271"/>
  <node id="3938" lat="37.2423805" lon="126.7750272"/>
  <node id="3939" lat="37.2423663" lon="126.7750277"/>
  <node id="3940" lat="37.2423521" lon="126.7750283"/>
  <node id="3941" lat="37.2423251" lon="126.7750293"/>
  <node id="3942" lat="37.2422981" lon="126.7750304"/>
  <node id="3943" lat="37.242271" lon="126.7750314"/>
  <node id="3944" lat="37.242244" lon="126.7750325"/>
  <node id="3945" lat="37.242217" lon="126.7750335"/>
  <node id="3946" lat="37.2422141" lon="126.7750336"/>
  <node id="3947" lat="37.2421871" lon="126.7750347"/>
  <node id="3948" lat="37.2421601" lon="126.7750357"/>
  <node id="3949" lat="37.2421466" lon="126.7750362"/>
  <node id="3950" lat="37.242133" lon="126.7750367"/>
  <node id="3951" lat="37.242106" lon="126.7750378"/>
  <node id="3952" lat="37.2420925" lon="126.7750383"/>
  <node id="3953" lat="37.242079" lon="126.7750388"/>
  <node id="3954" lat="37.242052" lon="126.7750399"/>
  <node id="3955" lat="37.242025" lon="126.7750409"/>
  <node id="3956" lat="37.241998" lon="126.775042"/>
  <node id="3957" lat="37.2419709" lon="126.775043"/>
  <node id="3958" lat="37.2419439" lon="126.775044"/>
  <node id="3959" lat="37.2419349" lon="126.7750444"/>
  <node id="3960" lat="37.2419079" lon="126.7750452"/>
  <node id="3961" lat="37.2418809" lon="126.775046"/>
  <node id="3962" lat="37.2418629" lon="126.7750466"/>
  <node id="3963" lat="37.2418424" lon="126.7750467"/>
  <node id="3964" lat="37.2418278" lon="126.775046"/>
  <node id="3965" lat="37.241815" lon="126.7750445"/>
  <node id="3966" lat="37.241802" lon="126.7750416"/>
  <node id="3967" lat="37.2417871" lon="126.7750371"/>
  <node id="3968" lat="37.2417711" lon="126.7750302"/>
  <node id="3969" lat="37.2417562" lon="126.7750221"/>
  <node id="3970" lat="37.2417423" lon="126.775012"/>
  <node id="3971" lat="37.2417298" lon="126.7750002"/>
  <node id="3972" lat="37.2417169" lon="126.7749861"/>
  <node id="3973" lat="37.2417091" lon="126.7749754"/>
  <node id="3974" lat="37.2416995" lon="126.774961"/>
  <node id="3975" lat="37.2416922" lon="126.774949"/>
  <node id="3976" lat="37.2416857" lon="126.7749337"/>
  <node id="3977" lat="37.2416813" lon="126.7749217"/>
  <node id="3978" lat="37.2416768" lon="126.774905"/>
  <node id="3979" lat="37.2416713" lon="126.7748742"/>
  <node id="3980" lat="37.2416679" lon="126.7748444"/>
  <node id="3981" lat="37.2416667" lon="126.7748268"/>
  <node id="3982" lat="37.2416655" lon="126.7747969"/>
  <node id="3983" lat="37.2416648" lon="126.7747631"/>
  <node id="3984" lat="37.2416642" lon="126.7747293"/>
  <node id="3985" lat="37.2416641" lon="126.7747222"/>
  <node id="3986" lat="37.2416637" lon="126.7746883"/>
  <node id="3987" lat="37.2416634" lon="126.7746643"/>
  <node id="3988" lat="37.2415512" lon="126.774554"/>
  <node id="3989" lat="37.2415698" lon="126.7745535"/>
  <node id="3990" lat="37.2415883" lon="126.7745531"/>
  <node id="3991" lat="37.2416039" lon="126.7745537"/>
  <node id="3992" lat="37.2416138" lon="126.7745556"/>
  <node id="3993" lat="37.2416223" lon="126.774558"/>
  <node id="3994" lat="37.2416327" lon="126.774563"/>
  <node id="3995" lat="37.2416412" lon="126.7745689"/>
  <node id="3996" lat="37.2416476" lon="126.7745752"/>
  <node id="3997" lat="37.2416503" lon="126.7745788"/>
  <node id="3998" lat="37.2416513" lon="126.7745802"/>
  <node id="3999" lat="37.2393342" lon="126.774399"/>
  <node id="4000" lat="37.2393375" lon="126.7743863"/>
  <node id="4001" lat="37.2393438" lon="126.774364"/>
  <node id="4002" lat="37.2393499" lon="126.7743467"/>
  <node id="4003" lat="37.2393585" lon="126.7743222"/>
  <node id="4004" lat="37.2393667" lon="126.7743003"/>
  <node id="4005" lat="37.2393778" lon="126.7742724"/>
  <node id="4006" lat="37.2393898" lon="126.7742421"/>
  <node id="4007" lat="37.23939" lon="126.7742417"/>
  <node id="4008" lat="37.2394024" lon="126.7742117"/>
  <node id="4009" lat="37.2394141" lon="126.7741836"/>
  <node id="4010" lat="37.2394266" lon="126.7741537"/>
  <node id="4011" lat="37.2394328" lon="126.7741387"/>
  <node id="4012" lat="37.2394391" lon="126.7741237"/>
  <node id="4013" lat="37.2394516" lon="126.7740937"/>
  <node id="4014" lat="37.2394556" lon="126.774084"/>
  <node id="4015" lat="37.2394636" lon="126.7740652"/>
  <node id="4016" lat="37.2393642" lon="126.7744126"/>
  <node id="4017" lat="37.2393687" lon="126.7743959"/>
  <node id="4018" lat="37.2393744" lon="126.774376"/>
  <node id="4019" lat="37.2393835" lon="126.7743486"/>
  <node id="4020" lat="37.2393908" lon="126.7743283"/>
  <node id="4021" lat="37.2393974" lon="126.7743111"/>
  <node id="4022" lat="37.2394034" lon="126.774296"/>
  <node id="4023" lat="37.2394095" lon="126.7742809"/>
  <node id="4024" lat="37.2394109" lon="126.7742774"/>
  <node id="4025" lat="37.2394231" lon="126.7742472"/>
  <node id="4026" lat="37.2394298" lon="126.7742308"/>
  <node id="4027" lat="37.2394424" lon="126.7742009"/>
  <node id="4028" lat="37.2394462" lon="126.7741919"/>
  <node id="4029" lat="37.2394587" lon="126.774162"/>
  <node id="4030" lat="37.2394688" lon="126.774138"/>
  <node id="4031" lat="37.2394813" lon="126.774108"/>
  <node id="4032" lat="37.239484" lon="126.7741017"/>
  <node id="4033" lat="37.2394967" lon="126.7740718"/>
  <node id="4034" lat="37.2394968" lon="126.7740715"/>
  <node id="4035" lat="37.2406649" lon="126.7741294"/>
  <node id="4036" lat="37.2406673" lon="126.7741351"/>
  <node id="4037" lat="37.2406722" lon="126.7741415"/>
  <node id="4038" lat="37.2406811" lon="126.7741472"/>
  <node id="4039" lat="37.2406893" lon="126.7741532"/>
  <node id="4040" lat="37.2406915" lon="126.7741551"/>
  <node id="4041" lat="37.2406515" lon="126.7740449"/>
  <node id="4042" lat="37.2407781" lon="126.774119"/>
  <node id="4043" lat="37.240935" lon="126.7742023"/>
  <node id="4044" lat="37.2410405" lon="126.7742589"/>
  <node id="4045" lat="37.2410854" lon="126.7742852"/>
  <node id="4046" lat="37.2411267" lon="126.7743123"/>
  <node id="4047" lat="37.2411936" lon="126.7743513"/>
  <node id="4048" lat="37.2412168" lon="126.7743643"/>
  <node id="4049" lat="37.24124" lon="126.7743755"/>
  <node id="4050" lat="37.2412811" lon="126.7743938"/>
  <node id="4051" lat="37.2413322" lon="126.7744115"/>
  <node id="4052" lat="37.2413979" lon="126.7744282"/>
  <node id="4053" lat="37.2414432" lon="126.7744355"/>
  <node id="4054" lat="37.24155" lon="126.7744391"/>
  <node id="4055" lat="37.2415502" lon="126.7744336"/>
  <node id="4056" lat="37.2414432" lon="126.7744288"/>
  <node id="4057" lat="37.2413979" lon="126.7744211"/>
  <node id="4058" lat="37.2413318" lon="126.7744046"/>
  <node id="4059" lat="37.2412828" lon="126.7743865"/>
  <node id="4060" lat="37.2412416" lon="126.7743687"/>
  <node id="4061" lat="37.2412175" lon="126.7743575"/>
  <node id="4062" lat="37.2411946" lon="126.7743454"/>
  <node id="4063" lat="37.241127" lon="126.7743052"/>
  <node id="4064" lat="37.2410902" lon="126.7742803"/>
  <node id="4065" lat="37.2410421" lon="126.774252"/>
  <node id="4066" lat="37.2409623" lon="126.7742102"/>
  <node id="4067" lat="37.2408654" lon="126.7741576"/>
  <node id="4068" lat="37.2407703" lon="126.774107"/>
  <node id="4069" lat="37.2407116" lon="126.774072"/>
  <node id="4070" lat="37.2406554" lon="126.774036"/>
  <node id="4071" lat="37.2415617" lon="126.7743876"/>
  <node id="4072" lat="37.2415137" lon="126.7743947"/>
  <node id="4073" lat="37.2414648" lon="126.774392"/>
  <node id="4074" lat="37.2413768" lon="126.7743787"/>
  <node id="4075" lat="37.2412967" lon="126.7743523"/>
  <node id="4076" lat="37.2412074" lon="126.7743099"/>
  <node id="4077" lat="37.2411416" lon="126.7742704"/>
  <node id="4078" lat="37.2410112" lon="126.7741911"/>
  <node id="4079" lat="37.2409092" lon="126.7741402"/>
  <node id="4080" lat="37.2406697" lon="126.774003"/>
  <node id="4081" lat="37.2406919" lon="126.7741555"/>
  <node id="4082" lat="37.2407081" lon="126.7741698"/>
  <node id="4083" lat="37.2407212" lon="126.774182"/>
  <node id="4084" lat="37.2407344" lon="126.7741942"/>
  <node id="4085" lat="37.2407554" lon="126.7742132"/>
  <node id="4086" lat="37.2407731" lon="126.7742295"/>
  <node id="4087" lat="37.240792" lon="126.7742472"/>
  <node id="4088" lat="37.2407934" lon="126.7742484"/>
  <node id="4089" lat="37.2407943" lon="126.7742495"/>
  <node id="4090" lat="37.2408518" lon="126.7742975"/>
  <node id="4091" lat="37.2409446" lon="126.774362"/>
  <node id="4092" lat="37.2409948" lon="126.7743869"/>
  <node id="4093" lat="37.2410476" lon="126.7744105"/>
  <node id="4094" lat="37.2418393" lon="126.7749678"/>
  <node id="4095" lat="37.2418244" lon="126.7749664"/>
  <node id="4096" lat="37.2418119" lon="126.7749636"/>
  <node id="4097" lat="37.2417997" lon="126.7749596"/>
  <node id="4098" lat="37.2417849" lon="126.7749527"/>
  <node id="4099" lat="37.2417735" lon="126.7749444"/>
  <node id="4100" lat="37.2417647" lon="126.7749357"/>
  <node id="4101" lat="37.2417573" lon="126.7749267"/>
  <node id="4102" lat="37.241752" lon="126.7749186"/>
  <node id="4103" lat="37.2417489" lon="126.7749132"/>
  <node id="4104" lat="37.2417432" lon="126.7748999"/>
  <node id="4105" lat="37.2417396" lon="126.7748883"/>
  <node id="4106" lat="37.2417356" lon="126.7748727"/>
  <node id="4107" lat="37.2417331" lon="126.7748589"/>
  <node id="4108" lat="37.2417317" lon="126.7748485"/>
  <node id="4109" lat="37.2417307" lon="126.7748359"/>
  <node id="4110" lat="37.2417302" lon="126.7748247"/>
  <node id="4111" lat="37.2417296" lon="126.774817"/>
  <node id="4112" lat="37.241729" lon="126.7747954"/>
  <node id="4113" lat="37.2417281" lon="126.7747616"/>
  <node id="4114" lat="37.2417273" lon="126.7747278"/>
  <node id="4115" lat="37.2417264" lon="126.774694"/>
  <node id="4116" lat="37.2417256" lon="126.774663"/>
  <node id="4117" lat="37.241666" lon="126.7748258"/>
  <node id="4118" lat="37.2416667" lon="126.7748893"/>
  <node id="4119" lat="37.2416559" lon="126.7749201"/>
  <node id="4120" lat="37.2416403" lon="126.7749456"/>
  <node id="4121" lat="37.2416079" lon="126.774965"/>
  <node id="4122" lat="37.2415959" lon="126.7749695"/>
  <node id="4123" lat="37.2415943" lon="126.7750688"/>
  <node id="4124" lat="37.2414475" lon="126.7750714"/>
  <node id="4125" lat="37.2413796" lon="126.7750647"/>
  <node id="4126" lat="37.2412586" lon="126.7750456"/>
  <node id="4127" lat="37.2411797" lon="126.7750273"/>
  <node id="4128" lat="37.2410863" lon="126.7750003"/>
  <node id="4129" lat="37.2410227" lon="126.7749718"/>
  <node id="4130" lat="37.2409416" lon="126.7749337"/>
  <node id="4131" lat="37.240778" lon="126.7748335"/>
  <node id="4132" lat="37.2406751" lon="126.7747631"/>
  <node id="4133" lat="37.2404755" lon="126.7746304"/>
  <node id="4134" lat="37.2404352" lon="126.7746028"/>
  <node id="4135" lat="37.2415927" lon="126.7750856"/>
  <node id="4136" lat="37.2415322" lon="126.7750868"/>
  <node id="4137" lat="37.2414772" lon="126.7750873"/>
  <node id="4138" lat="37.2414463" lon="126.7750865"/>
  <node id="4139" lat="37.2413814" lon="126.7750822"/>
  <node id="4140" lat="37.2412871" lon="126.7750696"/>
  <node id="4141" lat="37.2412019" lon="126.7750514"/>
  <node id="4142" lat="37.2411161" lon="126.7750262"/>
  <node id="4143" lat="37.2409956" lon="126.7749772"/>
  <node id="4144" lat="37.2409337" lon="126.7749472"/>
  <node id="4145" lat="37.2408735" lon="126.7749129"/>
  <node id="4146" lat="37.2407623" lon="126.7748444"/>
  <node id="4147" lat="37.2407008" lon="126.7747998"/>
  <node id="4148" lat="37.2405858" lon="126.7747237"/>
  <node id="4149" lat="37.2404977" lon="126.7746677"/>
  <node id="4150" lat="37.2404282" lon="126.7746211"/>
  <node id="4151" lat="37.2415548" lon="126.7749961"/>
  <node id="4152" lat="37.2415137" lon="126.774997"/>
  <node id="4153" lat="37.2414583" lon="126.7749973"/>
  <node id="4154" lat="37.2414358" lon="126.7749919"/>
  <node id="4155" lat="37.2413936" lon="126.7749695"/>
  <node id="4156" lat="37.2413398" lon="126.7749387"/>
  <node id="4157" lat="37.2412785" lon="126.7749053"/>
  <node id="4158" lat="37.2412349" lon="126.7748774"/>
  <node id="4159" lat="37.2411942" lon="126.7748525"/>
  <node id="4160" lat="37.2411546" lon="126.7748369"/>
  <node id="4161" lat="37.2411205" lon="126.7748258"/>
  <node id="4162" lat="37.2410691" lon="126.7748031"/>
  <node id="4163" lat="37.2410079" lon="126.7747758"/>
  <node id="4164" lat="37.240943" lon="126.7747403"/>
  <node id="4165" lat="37.2408729" lon="126.7746936"/>
  <node id="4166" lat="37.2408485" lon="126.7746798"/>
  <node id="4167" lat="37.2408101" lon="126.7746707"/>
  <node id="4168" lat="37.240779" lon="126.7746637"/>
  <node id="4169" lat="37.2407221" lon="126.7746551"/>
  <node id="4170" lat="37.2406019" lon="126.7746336"/>
  <node id="4171" lat="37.2415935" lon="126.7749889"/>
  <node id="4172" lat="37.241531" lon="126.7749908"/>
  <node id="4173" lat="37.2414776" lon="126.7749914"/>
  <node id="4174" lat="37.2414295" lon="126.7749888"/>
  <node id="4175" lat="37.2415925" lon="126.7749733"/>
  <node id="4176" lat="37.241489" lon="126.7749754"/>
  <node id="4177" lat="37.2414766" lon="126.7749759"/>
  <node id="4178" lat="37.2413995" lon="126.7749723"/>
  <node id="4179" lat="37.2412826" lon="126.7749852"/>
  <node id="4180" lat="37.2412641" lon="126.7749817"/>
  <node id="4181" lat="37.2412639" lon="126.7749817"/>
  <node id="4182" lat="37.241244" lon="126.7749767"/>
  <node id="4183" lat="37.2412438" lon="126.7749766"/>
  <node id="4184" lat="37.2412236" lon="126.7749705"/>
  <node id="4185" lat="37.2412234" lon="126.7749704"/>
  <node id="4186" lat="37.2412039" lon="126.7749634"/>
  <node id="4187" lat="37.2411816" lon="126.7749561"/>
  <node id="4188" lat="37.2411815" lon="126.7749561"/>
  <node id="4189" lat="37.2411289" lon="126.7749373"/>
  <node id="4190" lat="37.2411288" lon="126.7749373"/>
  <node id="4191" lat="37.2410677" lon="126.774915"/>
  <node id="4192" lat="37.2410673" lon="126.7749149"/>
  <node id="4193" lat="37.2410187" lon="126.7748921"/>
  <node id="4194" lat="37.2410186" lon="126.7748921"/>
  <node id="4195" lat="37.2409784" lon="126.7748728"/>
  <node id="4196" lat="37.2409782" lon="126.7748727"/>
  <node id="4197" lat="37.2409569" lon="126.7748614"/>
  <node id="4198" lat="37.2409568" lon="126.7748613"/>
  <node id="4199" lat="37.2409104" lon="126.7748353"/>
  <node id="4200" lat="37.2408911" lon="126.7748243"/>
  <node id="4201" lat="37.2408908" lon="126.7748242"/>
  <node id="4202" lat="37.2408702" lon="126.7748107"/>
  <node id="4203" lat="37.2408701" lon="126.7748107"/>
  <node id="4204" lat="37.2408333" lon="126.7747854"/>
  <node id="4205" lat="37.2408103" lon="126.7747703"/>
  <node id="4206" lat="37.2407435" lon="126.7747313"/>
  <node id="4207" lat="37.2407434" lon="126.7747312"/>
  <node id="4208" lat="37.2407243" lon="126.7747194"/>
  <node id="4209" lat="37.240599" lon="126.7746398"/>
  <node id="4210" lat="37.2405608" lon="126.7746132"/>
  <node id="4211" lat="37.2405607" lon="126.7746132"/>
  <node id="4212" lat="37.2406472" lon="126.7746415"/>
  <node id="4213" lat="37.2406292" lon="126.7746298"/>
  <node id="4214" lat="37.2406079" lon="126.7746151"/>
  <node id="4215" lat="37.2405745" lon="126.7745907"/>
  <node id="4216" lat="37.2404721" lon="126.7745187"/>
  <node id="4217" lat="37.2412834" lon="126.7749783"/>
  <node id="4218" lat="37.241265" lon="126.7749748"/>
  <node id="4219" lat="37.2412452" lon="126.7749698"/>
  <node id="4220" lat="37.2412249" lon="126.7749637"/>
  <node id="4221" lat="37.2412053" lon="126.7749567"/>
  <node id="4222" lat="37.241183" lon="126.7749494"/>
  <node id="4223" lat="37.2411304" lon="126.7749306"/>
  <node id="4224" lat="37.2410693" lon="126.7749083"/>
  <node id="4225" lat="37.2410206" lon="126.7748856"/>
  <node id="4226" lat="37.2409804" lon="126.7748663"/>
  <node id="4227" lat="37.2409591" lon="126.7748549"/>
  <node id="4228" lat="37.2409127" lon="126.7748289"/>
  <node id="4229" lat="37.2408934" lon="126.774818"/>
  <node id="4230" lat="37.2408728" lon="126.7748045"/>
  <node id="4231" lat="37.240836" lon="126.7747792"/>
  <node id="4232" lat="37.2408128" lon="126.774764"/>
  <node id="4233" lat="37.2407458" lon="126.7747249"/>
  <node id="4234" lat="37.2407268" lon="126.7747131"/>
  <node id="4235" lat="37.2406018" lon="126.7746336"/>
  <node id="4236" lat="37.2405635" lon="126.774607"/>
  <node id="4237" lat="37.2404655" lon="126.7745374"/>
  <node id="4238" lat="37.2415939" lon="126.7750306"/>
  <node id="4239" lat="37.2415351" lon="126.7750314"/>
  <node id="4240" lat="37.2414875" lon="126.7750336"/>
  <node id="4241" lat="37.2414598" lon="126.7750336"/>
  <node id="4242" lat="37.2414011" lon="126.775032"/>
  <node id="4243" lat="37.2412877" lon="126.7750168"/>
  <node id="4244" lat="37.2411996" lon="126.7749983"/>
  <node id="4245" lat="37.2410915" lon="126.7749634"/>
  <node id="4246" lat="37.2410248" lon="126.7749338"/>
  <node id="4247" lat="37.2409432" lon="126.7748945"/>
  <node id="4248" lat="37.2408784" lon="126.774858"/>
  <node id="4249" lat="37.2407931" lon="126.7748029"/>
  <node id="4250" lat="37.2406832" lon="126.7747277"/>
  <node id="4251" lat="37.2405597" lon="126.7746489"/>
  <node id="4252" lat="37.2404542" lon="126.7745769"/>
  <way id="1">
    <nd ref="1"/>
    <nd ref="2"/>
    <nd ref="3"/>
    <nd ref="4"/>
    <nd ref="5"/>
    <nd ref="6"/>
    <nd ref="7"/>
    <nd ref="8"/>
    <nd ref="9"/>
    <nd ref="10"/>
    <nd ref="11"/>
    <nd ref="12"/>
    <nd ref="13"/>
    <nd ref="14"/>
    <nd ref="15"/>
    <nd ref="16"/>
    <nd ref="17"/>
    <nd ref="18"/>
    <nd ref="19"/>
    <nd ref="20"/>
    <nd ref="21"/>
    <nd ref="22"/>
    <nd ref="23"/>
    <nd ref="24"/>
    <nd ref="25"/>
    <nd ref="26"/>
    <nd ref="27"/>
    <nd ref="28"/>
    <nd ref="29"/>
    <nd ref="30"/>
    <nd ref="31"/>
    <nd ref="32"/>
    <nd ref="33"/>
    <nd ref="34"/>
    <nd ref="35"/>
    <nd ref="36"/>
    <nd ref="37"/>
    <nd ref="38"/>
    <nd ref="39"/>
    <nd ref="40"/>
    <nd ref="41"/>
    <nd ref="42"/>
    <nd ref="43"/>
    <nd ref="44"/>
    <nd ref="45"/>
    <nd ref="46"/>
    <nd ref="47"/>
    <nd ref="48"/>
    <nd ref="49"/>
    <nd ref="50"/>
    <nd ref="51"/>
    <nd ref="52"/>
    <nd ref="53"/>
    <nd ref="54"/>
    <nd ref="55"/>
    <nd ref="56"/>
    <nd ref="57"/>
    <nd ref="58"/>
    <nd ref="59"/>
    <nd ref="60"/>
    <nd ref="61"/>
    <nd ref="62"/>
    <nd ref="63"/>
    <nd ref="64"/>
    <nd ref="65"/>
    <nd ref="66"/>
    <nd ref="67"/>
    <nd ref="68"/>
    <nd ref="69"/>
    <nd ref="70"/>
    <tag k="type" v="line_thin"/>
    <tag k="subtype" v="solid"/>
  </way>
  <way id="2">
    <nd ref="71"/>
    <nd ref="72"/>
    <nd ref="73"/>
    <nd ref="74"/>
    <nd ref="75"/>
    <nd ref="76"/>
    <nd ref="77"/>
    <nd ref="78"/>
    <nd ref="79"/>
    <nd ref="80"/>
    <nd ref="81"/>
    <nd ref="82"/>
    <nd ref="83"/>
    <nd ref="84"/>
    <nd ref="85"/>
    <nd ref="86"/>
    <nd ref="87"/>
    <nd ref="88"/>
    <nd ref="89"/>
    <nd ref="90"/>
    <nd ref="91"/>
    <nd ref="92"/>
    <nd ref="93"/>
    <nd ref="94"/>
    <nd ref="95"/>
    <nd ref="96"/>
    <nd ref="97"/>
    <nd ref="98"/>
    <nd ref="99"/>
    <nd ref="100"/>
    <nd ref="101"/>
    <nd ref="102"/>
    <nd ref="103"/>
    <nd ref="104"/>
    <nd ref="105"/>
    <nd ref="106"/>
    <nd ref="107"/>
    <nd ref="108"/>
    <nd ref="109"/>
    <nd ref="110"/>
    <nd ref="111"/>
    <nd ref="112"/>
    <nd ref="113"/>
    <nd ref="114"/>
    <nd ref="115"/>
    <nd ref="116"/>
    <nd ref="117"/>
    <nd ref="118"/>
    <nd ref="119"/>
    <nd ref="120"/>
    <nd ref="121"/>
    <nd ref="122"/>
    <nd ref="123"/>
    <nd ref="124"/>
    <nd ref="125"/>
    <nd ref="126"/>
    <nd ref="127"/>
    <tag k="type" v="line_thin"/>
    <tag k="subtype" v="solid"/>
  </way>
  <way id="3">
    <nd ref="128"/>
    <nd ref="129"/>
    <nd ref="130"/>
    <nd ref="131"/>
    <nd ref="132"/>
  </way>
  <way id="4">
    <nd ref="133"/>
    <nd ref="134"/>
    <nd ref="135"/>
    <nd ref="136"/>
    <nd ref="137"/>
    <nd ref="138"/>
    <nd ref="139"/>
    <tag k="type" v="line_thin"/>
    <tag k="subtype" v="virtual"/>
  </way>
  <way id="5">
    <nd ref="140"/>
    <nd ref="141"/>
    <nd ref="142"/>
    <nd ref="143"/>
    <nd ref="144"/>
    <nd ref="145"/>
    <tag k="type" v="line_thin"/>
    <tag k="subtype" v="virtual"/>
  </way>
  <way id="6">
    <nd ref="146"/>
    <nd ref="147"/>
    <nd ref="148"/>
    <nd ref="149"/>
    <nd ref="150"/>
    <nd ref="151"/>
    <nd ref="152"/>
    <nd ref="153"/>
    <nd ref="154"/>
    <nd ref="155"/>
    <nd ref="156"/>
  </way>
  <way id="7">
    <nd ref="139"/>
    <nd ref="157"/>
    <nd ref="158"/>
    <nd ref="159"/>
    <nd ref="160"/>
    <nd ref="161"/>
    <nd ref="162"/>
    <nd ref="163"/>
    <nd ref="164"/>
    <tag k="type" v="line_thin"/>
    <tag k="subtype" v="dashed"/>
  </way>
  <way id="8">
    <nd ref="165"/>
    <nd ref="166"/>
    <nd ref="167"/>
    <nd ref="168"/>
    <nd ref="169"/>
    <nd ref="170"/>
    <nd ref="171"/>
    <nd ref="172"/>
    <nd ref="173"/>
    <nd ref="174"/>
    <nd ref="175"/>
    <tag k="type" v="line_thin"/>
    <tag k="subtype" v="solid"/>
  </way>
  <way id="9">
    <nd ref="176"/>
    <nd ref="177"/>
    <nd ref="178"/>
  </way>
  <way id="10">
    <nd ref="179"/>
    <nd ref="180"/>
    <nd ref="181"/>
    <nd ref="182"/>
    <nd ref="183"/>
    <nd ref="184"/>
    <nd ref="185"/>
    <nd ref="186"/>
    <tag k="type" v="line_thin"/>
    <tag k="subtype" v="virtual"/>
  </way>
  <way id="11">
    <nd ref="175"/>
    <nd ref="187"/>
    <nd ref="188"/>
    <nd ref="189"/>
    <nd ref="190"/>
    <nd ref="191"/>
    <nd ref="192"/>
    <nd ref="193"/>
    <nd ref="194"/>
    <nd ref="195"/>
    <nd ref="196"/>
    <nd ref="197"/>
    <nd ref="198"/>
    <tag k="type" v="line_thin"/>
    <tag k="subtype" v="solid"/>
  </way>
  <way id="12">
    <nd ref="178"/>
    <nd ref="199"/>
    <nd ref="200"/>
    <nd ref="201"/>
    <nd ref="202"/>
    <nd ref="203"/>
    <nd ref="204"/>
    <nd ref="205"/>
    <nd ref="206"/>
  </way>
  <way id="13">
    <nd ref="207"/>
    <nd ref="208"/>
    <nd ref="209"/>
    <nd ref="210"/>
    <nd ref="211"/>
    <nd ref="212"/>
    <nd ref="213"/>
    <nd ref="214"/>
    <nd ref="215"/>
    <nd ref="216"/>
    <nd ref="217"/>
    <nd ref="218"/>
    <nd ref="219"/>
    <nd ref="220"/>
    <nd ref="221"/>
    <nd ref="222"/>
    <nd ref="223"/>
    <nd ref="224"/>
    <nd ref="225"/>
    <nd ref="226"/>
    <nd ref="227"/>
    <nd ref="228"/>
    <nd ref="229"/>
    <nd ref="230"/>
    <nd ref="231"/>
    <nd ref="232"/>
    <nd ref="233"/>
    <nd ref="234"/>
    <nd ref="235"/>
    <nd ref="236"/>
    <nd ref="237"/>
    <nd ref="238"/>
    <nd ref="239"/>
    <nd ref="240"/>
    <nd ref="241"/>
    <nd ref="242"/>
    <nd ref="243"/>
    <nd ref="244"/>
    <nd ref="245"/>
    <nd ref="246"/>
    <nd ref="247"/>
    <nd ref="248"/>
    <nd ref="249"/>
    <nd ref="250"/>
    <nd ref="251"/>
    <nd ref="252"/>
    <nd ref="253"/>
    <nd ref="254"/>
    <tag k="type" v="line_thin"/>
    <tag k="subtype" v="solid"/>
  </way>
  <way id="14">
    <nd ref="198"/>
    <nd ref="255"/>
    <nd ref="256"/>
    <nd ref="257"/>
    <nd ref="258"/>
    <nd ref="259"/>
    <nd ref="260"/>
    <nd ref="261"/>
    <nd ref="262"/>
    <nd ref="263"/>
    <nd ref="264"/>
    <nd ref="265"/>
    <nd ref="266"/>
    <nd ref="267"/>
    <nd ref="268"/>
    <nd ref="269"/>
    <nd ref="270"/>
    <nd ref="271"/>
    <nd ref="272"/>
    <nd ref="273"/>
    <nd ref="274"/>
    <nd ref="275"/>
    <nd ref="276"/>
    <nd ref="277"/>
    <nd ref="278"/>
    <nd ref="279"/>
    <nd ref="280"/>
    <nd ref="281"/>
    <nd ref="282"/>
    <nd ref="283"/>
    <nd ref="284"/>
    <nd ref="285"/>
    <nd ref="286"/>
    <nd ref="287"/>
    <nd ref="288"/>
    <nd ref="289"/>
    <nd ref="290"/>
    <nd ref="291"/>
    <nd ref="292"/>
    <nd ref="293"/>
    <nd ref="294"/>
    <nd ref="295"/>
    <nd ref="296"/>
    <nd ref="297"/>
    <tag k="type" v="line_thin"/>
    <tag k="subtype" v="solid"/>
  </way>
  <way id="15">
    <nd ref="298"/>
    <nd ref="299"/>
    <nd ref="300"/>
    <nd ref="301"/>
    <nd ref="302"/>
    <nd ref="303"/>
  </way>
  <way id="16">
    <nd ref="304"/>
    <nd ref="305"/>
    <nd ref="306"/>
    <nd ref="307"/>
    <nd ref="308"/>
    <nd ref="309"/>
    <tag k="type" v="line_thin"/>
    <tag k="subtype" v="virtual"/>
  </way>
  <way id="17">
    <nd ref="297"/>
    <nd ref="310"/>
    <nd ref="311"/>
    <nd ref="312"/>
    <nd ref="313"/>
    <nd ref="314"/>
    <tag k="type" v="line_thin"/>
    <tag k="subtype" v="virtual"/>
  </way>
  <way id="18">
    <nd ref="315"/>
    <nd ref="316"/>
    <nd ref="317"/>
    <nd ref="318"/>
    <nd ref="319"/>
    <nd ref="320"/>
  </way>
  <way id="19">
    <nd ref="309"/>
    <nd ref="321"/>
    <nd ref="322"/>
    <nd ref="323"/>
    <nd ref="324"/>
    <nd ref="325"/>
    <nd ref="326"/>
    <nd ref="327"/>
    <nd ref="328"/>
    <nd ref="329"/>
    <nd ref="330"/>
    <nd ref="331"/>
    <nd ref="332"/>
    <nd ref="333"/>
    <nd ref="334"/>
    <nd ref="335"/>
    <nd ref="336"/>
    <nd ref="337"/>
    <tag k="type" v="line_thin"/>
    <tag k="subtype" v="virtual"/>
  </way>
  <way id="20">
    <nd ref="338"/>
    <nd ref="339"/>
    <nd ref="340"/>
    <nd ref="341"/>
    <nd ref="342"/>
    <nd ref="343"/>
    <nd ref="344"/>
    <nd ref="345"/>
    <nd ref="346"/>
    <nd ref="347"/>
    <nd ref="348"/>
    <nd ref="349"/>
    <nd ref="350"/>
    <nd ref="351"/>
    <nd ref="352"/>
    <nd ref="353"/>
    <nd ref="354"/>
    <nd ref="355"/>
    <nd ref="356"/>
    <nd ref="357"/>
    <nd ref="358"/>
    <tag k="type" v="line_thin"/>
    <tag k="subtype" v="virtual"/>
  </way>
  <way id="21">
    <nd ref="359"/>
    <nd ref="360"/>
    <nd ref="361"/>
    <nd ref="362"/>
    <nd ref="363"/>
    <nd ref="364"/>
    <nd ref="365"/>
    <nd ref="366"/>
    <nd ref="367"/>
    <nd ref="368"/>
    <nd ref="369"/>
    <nd ref="370"/>
    <nd ref="371"/>
    <nd ref="372"/>
    <nd ref="373"/>
    <nd ref="374"/>
    <nd ref="375"/>
    <nd ref="376"/>
    <nd ref="377"/>
    <nd ref="378"/>
    <nd ref="379"/>
    <nd ref="380"/>
    <nd ref="381"/>
    <nd ref="382"/>
    <nd ref="383"/>
    <nd ref="384"/>
    <nd ref="385"/>
    <nd ref="386"/>
  </way>
  <way id="22">
    <nd ref="387"/>
    <nd ref="388"/>
    <nd ref="389"/>
    <nd ref="390"/>
    <tag k="type" v="line_thin"/>
    <tag k="subtype" v="virtual"/>
  </way>
  <way id="23">
    <nd ref="391"/>
    <nd ref="392"/>
    <nd ref="393"/>
    <nd ref="394"/>
    <tag k="type" v="line_thin"/>
    <tag k="subtype" v="virtual"/>
  </way>
  <way id="24">
    <nd ref="395"/>
    <nd ref="396"/>
    <nd ref="397"/>
    <nd ref="398"/>
  </way>
  <way id="25">
    <nd ref="399"/>
    <nd ref="400"/>
    <nd ref="401"/>
    <nd ref="402"/>
    <nd ref="403"/>
    <nd ref="404"/>
    <nd ref="405"/>
    <nd ref="406"/>
    <nd ref="407"/>
    <nd ref="408"/>
    <nd ref="409"/>
    <nd ref="410"/>
    <nd ref="411"/>
    <tag k="type" v="line_thin"/>
    <tag k="subtype" v="solid"/>
  </way>
  <way id="26">
    <nd ref="412"/>
    <nd ref="413"/>
    <nd ref="414"/>
    <nd ref="415"/>
    <nd ref="416"/>
    <nd ref="417"/>
    <nd ref="418"/>
    <nd ref="419"/>
    <nd ref="420"/>
    <nd ref="421"/>
    <nd ref="422"/>
    <nd ref="423"/>
    <nd ref="424"/>
    <tag k="type" v="line_thin"/>
    <tag k="subtype" v="solid"/>
  </way>
  <way id="27">
    <nd ref="425"/>
    <nd ref="426"/>
    <nd ref="427"/>
    <nd ref="428"/>
  </way>
  <way id="28">
    <nd ref="429"/>
    <nd ref="430"/>
    <tag k="type" v="line_thin"/>
    <tag k="subtype" v="virtual"/>
  </way>
  <way id="29">
    <nd ref="431"/>
    <nd ref="432"/>
    <tag k="type" v="line_thin"/>
    <tag k="subtype" v="virtual"/>
  </way>
  <way id="30">
    <nd ref="433"/>
    <nd ref="434"/>
  </way>
  <way id="31">
    <nd ref="435"/>
    <nd ref="436"/>
    <nd ref="437"/>
    <nd ref="438"/>
    <nd ref="439"/>
    <nd ref="440"/>
    <nd ref="441"/>
    <nd ref="442"/>
    <nd ref="443"/>
    <nd ref="444"/>
    <nd ref="445"/>
    <nd ref="446"/>
    <nd ref="447"/>
    <nd ref="448"/>
    <nd ref="449"/>
    <nd ref="450"/>
    <nd ref="451"/>
    <nd ref="452"/>
    <nd ref="453"/>
    <nd ref="454"/>
    <nd ref="455"/>
    <nd ref="456"/>
    <nd ref="457"/>
    <nd ref="458"/>
    <nd ref="459"/>
    <nd ref="460"/>
    <nd ref="461"/>
    <nd ref="462"/>
    <nd ref="463"/>
    <nd ref="464"/>
    <nd ref="465"/>
    <nd ref="466"/>
    <nd ref="467"/>
    <nd ref="468"/>
    <nd ref="469"/>
    <nd ref="470"/>
    <nd ref="471"/>
    <nd ref="472"/>
    <nd ref="473"/>
    <nd ref="474"/>
    <nd ref="475"/>
    <tag k="type" v="line_thin"/>
    <tag k="subtype" v="solid"/>
  </way>
  <way id="32">
    <nd ref="476"/>
    <nd ref="477"/>
    <nd ref="478"/>
    <nd ref="479"/>
    <nd ref="480"/>
    <nd ref="481"/>
    <nd ref="482"/>
    <nd ref="483"/>
    <nd ref="484"/>
    <nd ref="485"/>
    <nd ref="486"/>
    <nd ref="487"/>
    <nd ref="488"/>
    <nd ref="489"/>
    <nd ref="490"/>
    <nd ref="491"/>
    <nd ref="492"/>
    <nd ref="493"/>
    <nd ref="494"/>
    <nd ref="495"/>
    <nd ref="496"/>
    <nd ref="497"/>
    <nd ref="498"/>
    <nd ref="499"/>
    <nd ref="500"/>
    <nd ref="501"/>
    <nd ref="502"/>
    <nd ref="503"/>
    <nd ref="504"/>
    <nd ref="505"/>
    <nd ref="506"/>
    <nd ref="507"/>
    <nd ref="508"/>
    <nd ref="509"/>
    <nd ref="510"/>
    <nd ref="511"/>
    <nd ref="512"/>
    <nd ref="513"/>
    <nd ref="514"/>
    <nd ref="515"/>
    <nd ref="516"/>
    <nd ref="517"/>
    <nd ref="518"/>
    <tag k="type" v="line_thin"/>
    <tag k="subtype" v="solid"/>
  </way>
  <way id="33">
    <nd ref="519"/>
    <nd ref="520"/>
    <nd ref="521"/>
    <nd ref="522"/>
    <nd ref="523"/>
    <nd ref="524"/>
    <nd ref="525"/>
    <nd ref="526"/>
    <nd ref="527"/>
    <nd ref="528"/>
    <nd ref="529"/>
    <nd ref="530"/>
    <nd ref="531"/>
    <nd ref="532"/>
    <nd ref="533"/>
    <nd ref="534"/>
    <nd ref="535"/>
    <nd ref="536"/>
  </way>
  <way id="34">
    <nd ref="537"/>
    <nd ref="538"/>
    <tag k="type" v="line_thin"/>
    <tag k="subtype" v="virtual"/>
  </way>
  <way id="35">
    <nd ref="127"/>
    <nd ref="539"/>
    <nd ref="540"/>
    <tag k="type" v="line_thin"/>
    <tag k="subtype" v="virtual"/>
  </way>
  <way id="36">
    <nd ref="541"/>
    <nd ref="542"/>
    <nd ref="543"/>
  </way>
  <way id="37">
    <nd ref="435"/>
    <nd ref="544"/>
    <nd ref="545"/>
    <nd ref="546"/>
    <nd ref="547"/>
    <nd ref="548"/>
    <nd ref="549"/>
    <nd ref="550"/>
    <nd ref="551"/>
    <nd ref="552"/>
    <nd ref="553"/>
    <nd ref="554"/>
    <nd ref="555"/>
    <nd ref="556"/>
    <nd ref="557"/>
    <nd ref="558"/>
    <nd ref="559"/>
    <tag k="type" v="line_thin"/>
    <tag k="subtype" v="dashed"/>
  </way>
  <way id="38">
    <nd ref="560"/>
    <nd ref="561"/>
    <nd ref="562"/>
    <nd ref="563"/>
    <nd ref="564"/>
    <nd ref="565"/>
    <nd ref="566"/>
    <nd ref="567"/>
    <nd ref="568"/>
    <nd ref="569"/>
    <nd ref="570"/>
    <nd ref="571"/>
    <nd ref="572"/>
    <tag k="type" v="line_thin"/>
    <tag k="subtype" v="virtual"/>
  </way>
  <way id="39">
    <nd ref="573"/>
    <nd ref="574"/>
    <nd ref="575"/>
    <nd ref="576"/>
    <nd ref="577"/>
    <nd ref="578"/>
    <nd ref="579"/>
    <nd ref="580"/>
    <nd ref="581"/>
    <nd ref="582"/>
    <nd ref="583"/>
    <nd ref="584"/>
    <nd ref="585"/>
    <nd ref="586"/>
  </way>
  <way id="40">
    <nd ref="559"/>
    <nd ref="587"/>
    <nd ref="588"/>
    <nd ref="589"/>
    <nd ref="590"/>
    <nd ref="591"/>
    <nd ref="592"/>
    <nd ref="593"/>
    <nd ref="594"/>
    <nd ref="595"/>
    <nd ref="596"/>
    <nd ref="597"/>
    <nd ref="598"/>
    <nd ref="599"/>
    <nd ref="600"/>
    <nd ref="601"/>
    <nd ref="602"/>
    <nd ref="603"/>
    <nd ref="604"/>
    <nd ref="605"/>
    <nd ref="606"/>
    <nd ref="607"/>
    <nd ref="608"/>
    <nd ref="609"/>
    <nd ref="610"/>
    <nd ref="611"/>
    <nd ref="612"/>
    <nd ref="613"/>
    <nd ref="614"/>
    <nd ref="615"/>
    <nd ref="616"/>
    <nd ref="617"/>
    <nd ref="618"/>
    <nd ref="619"/>
    <nd ref="620"/>
    <nd ref="621"/>
    <nd ref="622"/>
    <nd ref="623"/>
    <nd ref="624"/>
    <nd ref="625"/>
    <nd ref="626"/>
    <nd ref="627"/>
    <nd ref="628"/>
    <nd ref="629"/>
    <nd ref="630"/>
    <nd ref="631"/>
    <nd ref="632"/>
    <nd ref="633"/>
    <nd ref="634"/>
    <nd ref="635"/>
    <nd ref="636"/>
    <nd ref="637"/>
    <nd ref="638"/>
    <nd ref="639"/>
    <nd ref="640"/>
    <nd ref="641"/>
    <nd ref="642"/>
    <nd ref="643"/>
    <nd ref="644"/>
    <nd ref="645"/>
    <nd ref="646"/>
    <nd ref="647"/>
    <nd ref="648"/>
    <nd ref="649"/>
    <nd ref="650"/>
    <nd ref="651"/>
    <nd ref="652"/>
    <nd ref="653"/>
    <nd ref="654"/>
    <nd ref="655"/>
    <nd ref="656"/>
    <nd ref="657"/>
    <nd ref="658"/>
    <nd ref="659"/>
    <nd ref="660"/>
    <nd ref="661"/>
    <nd ref="662"/>
    <nd ref="663"/>
    <nd ref="664"/>
    <nd ref="665"/>
    <nd ref="666"/>
    <nd ref="667"/>
    <nd ref="668"/>
    <nd ref="669"/>
    <nd ref="670"/>
    <nd ref="671"/>
    <nd ref="672"/>
    <nd ref="673"/>
    <nd ref="674"/>
    <nd ref="675"/>
    <nd ref="676"/>
    <nd ref="677"/>
    <nd ref="678"/>
    <nd ref="679"/>
    <nd ref="680"/>
    <nd ref="681"/>
    <nd ref="682"/>
    <nd ref="683"/>
    <nd ref="684"/>
    <nd ref="685"/>
    <nd ref="686"/>
    <nd ref="687"/>
    <nd ref="688"/>
    <tag k="type" v="line_thin"/>
    <tag k="subtype" v="solid"/>
  </way>
  <way id="41">
    <nd ref="689"/>
    <nd ref="690"/>
    <nd ref="691"/>
    <nd ref="692"/>
    <nd ref="693"/>
    <nd ref="694"/>
    <nd ref="695"/>
    <nd ref="696"/>
    <nd ref="697"/>
    <nd ref="698"/>
    <nd ref="699"/>
    <nd ref="700"/>
    <nd ref="701"/>
    <nd ref="702"/>
    <nd ref="703"/>
    <nd ref="704"/>
    <nd ref="705"/>
    <nd ref="706"/>
    <nd ref="707"/>
    <nd ref="708"/>
    <nd ref="709"/>
    <nd ref="710"/>
    <nd ref="711"/>
    <nd ref="712"/>
    <nd ref="713"/>
    <nd ref="714"/>
    <nd ref="715"/>
    <nd ref="716"/>
    <nd ref="717"/>
    <nd ref="718"/>
    <nd ref="719"/>
    <nd ref="720"/>
    <nd ref="721"/>
    <nd ref="722"/>
    <nd ref="723"/>
    <nd ref="724"/>
    <nd ref="725"/>
    <nd ref="726"/>
    <nd ref="727"/>
    <nd ref="728"/>
    <nd ref="729"/>
    <nd ref="730"/>
    <nd ref="731"/>
    <nd ref="732"/>
    <nd ref="733"/>
    <tag k="type" v="line_thin"/>
    <tag k="subtype" v="solid"/>
  </way>
  <way id="42">
    <nd ref="734"/>
    <nd ref="735"/>
    <nd ref="736"/>
    <nd ref="737"/>
    <nd ref="738"/>
    <nd ref="739"/>
  </way>
  <way id="43">
    <nd ref="538"/>
    <nd ref="740"/>
    <nd ref="741"/>
    <nd ref="742"/>
    <nd ref="743"/>
    <nd ref="744"/>
    <nd ref="745"/>
    <nd ref="746"/>
    <nd ref="747"/>
    <nd ref="748"/>
    <nd ref="749"/>
    <nd ref="750"/>
    <nd ref="751"/>
    <nd ref="752"/>
    <nd ref="753"/>
    <nd ref="754"/>
    <nd ref="755"/>
    <nd ref="756"/>
    <nd ref="757"/>
    <nd ref="758"/>
    <nd ref="759"/>
    <nd ref="760"/>
    <nd ref="761"/>
    <nd ref="762"/>
    <nd ref="763"/>
    <nd ref="764"/>
    <tag k="type" v="line_thin"/>
    <tag k="subtype" v="solid"/>
  </way>
  <way id="44">
    <nd ref="765"/>
    <nd ref="766"/>
    <nd ref="767"/>
    <nd ref="768"/>
    <nd ref="769"/>
    <nd ref="770"/>
    <nd ref="771"/>
    <nd ref="772"/>
    <nd ref="773"/>
    <nd ref="774"/>
    <tag k="type" v="line_thin"/>
    <tag k="subtype" v="solid"/>
  </way>
  <way id="45">
    <nd ref="775"/>
    <nd ref="776"/>
    <nd ref="777"/>
  </way>
  <way id="46">
    <nd ref="778"/>
    <nd ref="779"/>
    <tag k="type" v="line_thin"/>
    <tag k="subtype" v="virtual"/>
  </way>
  <way id="47">
    <nd ref="774"/>
    <nd ref="780"/>
    <tag k="type" v="line_thin"/>
    <tag k="subtype" v="virtual"/>
  </way>
  <way id="48">
    <nd ref="781"/>
    <nd ref="782"/>
  </way>
  <way id="49">
    <nd ref="779"/>
    <nd ref="783"/>
    <nd ref="784"/>
    <nd ref="785"/>
    <nd ref="786"/>
    <nd ref="787"/>
    <nd ref="788"/>
    <nd ref="789"/>
    <nd ref="790"/>
    <nd ref="791"/>
    <tag k="type" v="line_thin"/>
    <tag k="subtype" v="solid"/>
  </way>
  <way id="50">
    <nd ref="780"/>
    <nd ref="792"/>
    <nd ref="793"/>
    <nd ref="794"/>
    <nd ref="795"/>
    <nd ref="796"/>
    <nd ref="797"/>
    <nd ref="798"/>
    <nd ref="799"/>
    <nd ref="800"/>
    <tag k="type" v="line_thin"/>
    <tag k="subtype" v="solid"/>
  </way>
  <way id="51">
    <nd ref="782"/>
    <nd ref="801"/>
  </way>
  <way id="52">
    <nd ref="802"/>
    <nd ref="803"/>
    <tag k="type" v="line_thin"/>
    <tag k="subtype" v="virtual"/>
  </way>
  <way id="53">
    <nd ref="804"/>
    <nd ref="805"/>
    <tag k="type" v="line_thin"/>
    <tag k="subtype" v="virtual"/>
  </way>
  <way id="54">
    <nd ref="806"/>
    <nd ref="807"/>
  </way>
  <way id="55">
    <nd ref="808"/>
    <nd ref="809"/>
    <nd ref="810"/>
    <nd ref="811"/>
    <nd ref="812"/>
    <nd ref="813"/>
    <nd ref="814"/>
    <nd ref="815"/>
    <nd ref="816"/>
    <nd ref="817"/>
    <nd ref="818"/>
    <nd ref="819"/>
    <nd ref="820"/>
    <nd ref="821"/>
    <nd ref="822"/>
    <tag k="type" v="line_thin"/>
    <tag k="subtype" v="virtual"/>
  </way>
  <way id="56">
    <nd ref="823"/>
    <nd ref="824"/>
    <nd ref="825"/>
    <nd ref="826"/>
    <nd ref="827"/>
    <nd ref="828"/>
    <nd ref="829"/>
    <nd ref="830"/>
    <nd ref="831"/>
    <nd ref="832"/>
    <nd ref="833"/>
    <nd ref="834"/>
    <nd ref="835"/>
    <tag k="type" v="line_thin"/>
    <tag k="subtype" v="virtual"/>
  </way>
  <way id="57">
    <nd ref="836"/>
    <nd ref="837"/>
    <nd ref="838"/>
    <nd ref="839"/>
    <nd ref="840"/>
    <nd ref="841"/>
    <nd ref="842"/>
    <nd ref="843"/>
    <nd ref="844"/>
    <nd ref="845"/>
    <nd ref="846"/>
    <nd ref="847"/>
    <nd ref="848"/>
    <nd ref="849"/>
    <nd ref="850"/>
    <nd ref="851"/>
    <nd ref="852"/>
    <nd ref="853"/>
    <nd ref="854"/>
    <nd ref="855"/>
  </way>
  <way id="58">
    <nd ref="856"/>
    <nd ref="857"/>
    <nd ref="858"/>
    <nd ref="859"/>
    <tag k="type" v="line_thin"/>
    <tag k="subtype" v="virtual"/>
  </way>
  <way id="59">
    <nd ref="860"/>
    <nd ref="861"/>
    <nd ref="862"/>
    <nd ref="863"/>
    <tag k="type" v="line_thin"/>
    <tag k="subtype" v="virtual"/>
  </way>
  <way id="60">
    <nd ref="864"/>
    <nd ref="865"/>
    <nd ref="866"/>
    <nd ref="867"/>
  </way>
  <way id="61">
    <nd ref="868"/>
    <nd ref="869"/>
    <nd ref="870"/>
    <nd ref="871"/>
    <nd ref="872"/>
    <nd ref="873"/>
    <nd ref="874"/>
    <nd ref="875"/>
    <nd ref="876"/>
    <nd ref="877"/>
    <nd ref="878"/>
    <nd ref="879"/>
    <nd ref="880"/>
    <nd ref="881"/>
    <nd ref="882"/>
    <nd ref="883"/>
    <nd ref="884"/>
    <nd ref="885"/>
    <nd ref="886"/>
    <nd ref="887"/>
    <nd ref="888"/>
    <nd ref="889"/>
    <nd ref="890"/>
    <nd ref="891"/>
    <nd ref="892"/>
    <nd ref="893"/>
    <nd ref="894"/>
    <nd ref="895"/>
    <nd ref="896"/>
    <nd ref="897"/>
    <nd ref="898"/>
    <nd ref="899"/>
    <nd ref="900"/>
    <nd ref="901"/>
    <nd ref="902"/>
    <nd ref="903"/>
    <nd ref="904"/>
    <tag k="type" v="line_thin"/>
    <tag k="subtype" v="dashed"/>
  </way>
  <way id="62">
    <nd ref="905"/>
    <nd ref="906"/>
    <nd ref="907"/>
    <nd ref="908"/>
    <nd ref="909"/>
    <nd ref="910"/>
    <nd ref="911"/>
    <nd ref="912"/>
    <nd ref="913"/>
    <nd ref="914"/>
    <nd ref="915"/>
    <nd ref="916"/>
    <nd ref="917"/>
    <nd ref="918"/>
    <nd ref="919"/>
    <nd ref="920"/>
    <nd ref="921"/>
    <nd ref="922"/>
    <nd ref="923"/>
    <nd ref="924"/>
    <nd ref="925"/>
    <nd ref="926"/>
    <nd ref="927"/>
    <nd ref="928"/>
    <nd ref="929"/>
    <nd ref="930"/>
    <nd ref="931"/>
    <nd ref="932"/>
    <nd ref="933"/>
    <nd ref="934"/>
    <nd ref="935"/>
    <nd ref="936"/>
    <nd ref="937"/>
    <nd ref="938"/>
    <nd ref="939"/>
    <nd ref="940"/>
    <nd ref="941"/>
    <tag k="type" v="line_thin"/>
    <tag k="subtype" v="solid"/>
  </way>
  <way id="63">
    <nd ref="942"/>
    <nd ref="943"/>
    <nd ref="944"/>
    <nd ref="945"/>
    <nd ref="946"/>
    <nd ref="947"/>
    <nd ref="948"/>
    <nd ref="949"/>
  </way>
  <way id="64">
    <nd ref="950"/>
    <nd ref="951"/>
    <nd ref="952"/>
    <nd ref="953"/>
    <nd ref="954"/>
    <nd ref="955"/>
    <nd ref="956"/>
    <nd ref="957"/>
    <nd ref="958"/>
    <nd ref="959"/>
    <nd ref="960"/>
    <tag k="type" v="line_thin"/>
    <tag k="subtype" v="dashed"/>
  </way>
  <way id="65">
    <nd ref="961"/>
    <nd ref="962"/>
    <nd ref="963"/>
    <nd ref="964"/>
    <nd ref="965"/>
    <nd ref="966"/>
    <nd ref="967"/>
    <nd ref="968"/>
    <nd ref="969"/>
    <nd ref="970"/>
    <nd ref="971"/>
    <tag k="type" v="line_thin"/>
    <tag k="subtype" v="dashed"/>
  </way>
  <way id="66">
    <nd ref="538"/>
    <nd ref="972"/>
    <nd ref="973"/>
    <nd ref="974"/>
    <nd ref="975"/>
    <nd ref="976"/>
    <nd ref="977"/>
    <nd ref="978"/>
    <nd ref="979"/>
    <nd ref="980"/>
    <nd ref="981"/>
    <nd ref="982"/>
    <nd ref="983"/>
    <tag k="type" v="line_thin"/>
    <tag k="subtype" v="dashed"/>
  </way>
  <way id="67">
    <nd ref="984"/>
    <nd ref="985"/>
    <nd ref="986"/>
    <nd ref="987"/>
    <nd ref="988"/>
    <nd ref="989"/>
    <nd ref="990"/>
    <nd ref="991"/>
    <nd ref="992"/>
    <nd ref="993"/>
    <nd ref="994"/>
    <nd ref="995"/>
    <nd ref="996"/>
    <nd ref="997"/>
    <tag k="type" v="line_thin"/>
    <tag k="subtype" v="dashed"/>
  </way>
  <way id="68">
    <nd ref="998"/>
    <nd ref="999"/>
    <nd ref="1000"/>
    <nd ref="1001"/>
    <nd ref="1002"/>
    <nd ref="1003"/>
    <nd ref="1004"/>
    <nd ref="1005"/>
    <nd ref="1006"/>
    <nd ref="1007"/>
    <nd ref="1008"/>
    <nd ref="1009"/>
    <nd ref="1010"/>
    <nd ref="1011"/>
    <nd ref="1012"/>
    <nd ref="1013"/>
    <tag k="type" v="line_thin"/>
    <tag k="subtype" v="dashed"/>
  </way>
  <way id="69">
    <nd ref="997"/>
    <nd ref="1014"/>
    <nd ref="1015"/>
    <nd ref="1016"/>
    <nd ref="1017"/>
    <nd ref="1018"/>
    <nd ref="1019"/>
    <nd ref="1020"/>
    <nd ref="1021"/>
    <nd ref="1022"/>
    <nd ref="1023"/>
    <nd ref="1024"/>
    <tag k="type" v="line_thin"/>
    <tag k="subtype" v="dashed"/>
  </way>
  <way id="70">
    <nd ref="1025"/>
    <nd ref="1026"/>
    <nd ref="1027"/>
    <nd ref="1028"/>
    <nd ref="1029"/>
    <nd ref="1030"/>
    <nd ref="1031"/>
    <nd ref="1032"/>
    <nd ref="1033"/>
    <nd ref="1034"/>
    <nd ref="1035"/>
    <nd ref="1036"/>
    <nd ref="1037"/>
    <nd ref="1038"/>
    <nd ref="998"/>
    <tag k="type" v="line_thin"/>
    <tag k="subtype" v="dashed"/>
  </way>
  <way id="71">
    <nd ref="1039"/>
    <nd ref="1040"/>
    <nd ref="1041"/>
    <nd ref="1042"/>
    <nd ref="1043"/>
    <nd ref="1044"/>
    <nd ref="1045"/>
    <nd ref="1046"/>
    <nd ref="1047"/>
    <nd ref="1048"/>
    <nd ref="1049"/>
    <nd ref="1050"/>
    <nd ref="1051"/>
    <nd ref="1052"/>
    <nd ref="1053"/>
    <nd ref="1054"/>
    <tag k="type" v="line_thin"/>
    <tag k="subtype" v="dashed"/>
  </way>
  <way id="72">
    <nd ref="1055"/>
    <nd ref="1056"/>
    <nd ref="1057"/>
    <nd ref="1058"/>
    <nd ref="1059"/>
    <nd ref="1060"/>
    <nd ref="1061"/>
    <nd ref="1062"/>
    <nd ref="1063"/>
    <nd ref="1064"/>
    <nd ref="1065"/>
    <nd ref="1066"/>
    <nd ref="1067"/>
    <nd ref="1068"/>
    <nd ref="1069"/>
    <tag k="type" v="line_thin"/>
    <tag k="subtype" v="dashed"/>
  </way>
  <way id="73">
    <nd ref="1070"/>
    <nd ref="1071"/>
    <nd ref="1072"/>
    <nd ref="1073"/>
    <nd ref="1074"/>
    <nd ref="1075"/>
    <nd ref="1076"/>
    <nd ref="1077"/>
    <nd ref="1078"/>
    <nd ref="1079"/>
    <nd ref="1080"/>
    <nd ref="1081"/>
    <nd ref="1082"/>
    <nd ref="1083"/>
    <nd ref="1084"/>
    <nd ref="1085"/>
    <nd ref="1086"/>
    <nd ref="1039"/>
    <tag k="type" v="line_thin"/>
    <tag k="subtype" v="dashed"/>
  </way>
  <way id="74">
    <nd ref="1087"/>
    <nd ref="1088"/>
    <nd ref="1089"/>
    <nd ref="1090"/>
    <nd ref="1091"/>
    <nd ref="1092"/>
    <nd ref="1093"/>
    <nd ref="1094"/>
    <nd ref="1095"/>
    <nd ref="1096"/>
    <nd ref="1097"/>
    <nd ref="1098"/>
    <nd ref="1099"/>
    <nd ref="435"/>
    <tag k="type" v="line_thin"/>
    <tag k="subtype" v="dashed"/>
  </way>
  <way id="75">
    <nd ref="1069"/>
    <nd ref="1100"/>
    <nd ref="1101"/>
    <nd ref="1102"/>
    <nd ref="1103"/>
    <nd ref="1104"/>
    <nd ref="1105"/>
    <nd ref="1106"/>
    <nd ref="1107"/>
    <nd ref="1108"/>
    <nd ref="1109"/>
    <nd ref="1110"/>
    <nd ref="1111"/>
    <nd ref="1112"/>
    <nd ref="1113"/>
    <nd ref="1114"/>
    <nd ref="1115"/>
    <nd ref="1116"/>
    <nd ref="1117"/>
    <nd ref="1118"/>
    <tag k="type" v="line_thin"/>
    <tag k="subtype" v="dashed"/>
  </way>
  <way id="76">
    <nd ref="537"/>
    <nd ref="1119"/>
    <nd ref="1120"/>
    <nd ref="1121"/>
    <nd ref="1122"/>
    <nd ref="1123"/>
    <nd ref="1124"/>
    <nd ref="1125"/>
    <nd ref="1126"/>
    <nd ref="1127"/>
    <nd ref="1128"/>
    <nd ref="1129"/>
    <nd ref="1130"/>
    <nd ref="1131"/>
    <nd ref="1132"/>
    <nd ref="1133"/>
    <nd ref="1134"/>
    <nd ref="983"/>
    <tag k="type" v="line_thin"/>
    <tag k="subtype" v="dashed"/>
  </way>
  <way id="77">
    <nd ref="1135"/>
    <nd ref="1136"/>
    <nd ref="1137"/>
    <nd ref="1138"/>
    <nd ref="1139"/>
    <nd ref="1140"/>
    <nd ref="1141"/>
    <nd ref="1142"/>
    <nd ref="1024"/>
    <tag k="type" v="line_thin"/>
    <tag k="subtype" v="dashed"/>
  </way>
  <way id="78">
    <nd ref="1143"/>
    <nd ref="1144"/>
    <nd ref="1145"/>
    <nd ref="1146"/>
    <nd ref="1147"/>
    <nd ref="1148"/>
    <nd ref="1149"/>
    <nd ref="1150"/>
    <nd ref="1151"/>
    <nd ref="1152"/>
    <nd ref="1153"/>
    <tag k="type" v="line_thin"/>
    <tag k="subtype" v="dashed"/>
  </way>
  <way id="79">
    <nd ref="1154"/>
    <nd ref="1155"/>
    <nd ref="1156"/>
    <nd ref="1157"/>
    <nd ref="1158"/>
    <nd ref="1159"/>
    <nd ref="1160"/>
    <nd ref="1161"/>
    <nd ref="1162"/>
    <tag k="type" v="line_thin"/>
    <tag k="subtype" v="dashed"/>
  </way>
  <way id="80">
    <nd ref="1163"/>
    <nd ref="1164"/>
    <tag k="type" v="line_thin"/>
    <tag k="subtype" v="dashed"/>
  </way>
  <way id="81">
    <nd ref="1165"/>
    <nd ref="1166"/>
    <tag k="type" v="line_thin"/>
    <tag k="subtype" v="dashed"/>
  </way>
  <way id="82">
    <nd ref="1162"/>
    <nd ref="1167"/>
    <nd ref="1168"/>
    <nd ref="1169"/>
    <nd ref="1170"/>
    <nd ref="1171"/>
    <nd ref="1172"/>
    <nd ref="1173"/>
    <nd ref="1174"/>
    <nd ref="1175"/>
    <nd ref="1176"/>
    <nd ref="1177"/>
    <nd ref="1178"/>
    <nd ref="1179"/>
    <nd ref="1180"/>
    <nd ref="1181"/>
    <tag k="type" v="line_thin"/>
    <tag k="subtype" v="dashed"/>
  </way>
  <way id="83">
    <nd ref="1182"/>
    <nd ref="1183"/>
    <nd ref="1184"/>
    <nd ref="1185"/>
    <nd ref="1186"/>
    <nd ref="1187"/>
    <nd ref="1188"/>
    <nd ref="1189"/>
    <nd ref="1190"/>
    <nd ref="1191"/>
    <nd ref="1192"/>
    <tag k="type" v="line_thin"/>
    <tag k="subtype" v="dashed"/>
  </way>
  <way id="84">
    <nd ref="1193"/>
    <nd ref="1194"/>
    <nd ref="1195"/>
    <nd ref="1196"/>
    <nd ref="1197"/>
    <nd ref="1198"/>
    <nd ref="1199"/>
    <nd ref="1200"/>
    <nd ref="1201"/>
    <nd ref="1202"/>
    <nd ref="1203"/>
    <nd ref="1204"/>
    <nd ref="1205"/>
    <nd ref="1206"/>
    <nd ref="1207"/>
    <nd ref="1208"/>
    <tag k="type" v="line_thin"/>
    <tag k="subtype" v="dashed"/>
  </way>
  <way id="85">
    <nd ref="1209"/>
    <nd ref="1210"/>
    <nd ref="1211"/>
    <nd ref="1212"/>
    <nd ref="1213"/>
    <nd ref="1214"/>
    <nd ref="1215"/>
    <nd ref="1216"/>
    <nd ref="1217"/>
    <nd ref="1218"/>
    <nd ref="1219"/>
    <nd ref="1220"/>
    <nd ref="1221"/>
    <tag k="type" v="line_thin"/>
    <tag k="subtype" v="dashed"/>
  </way>
  <way id="86">
    <nd ref="1222"/>
    <nd ref="1223"/>
    <nd ref="1224"/>
    <nd ref="1225"/>
    <nd ref="1226"/>
    <nd ref="1227"/>
    <nd ref="1228"/>
    <nd ref="1229"/>
    <nd ref="1230"/>
    <nd ref="1231"/>
    <nd ref="1232"/>
    <nd ref="1233"/>
    <nd ref="1234"/>
    <tag k="type" v="line_thin"/>
    <tag k="subtype" v="dashed"/>
  </way>
  <way id="87">
    <nd ref="1235"/>
    <nd ref="1236"/>
    <nd ref="1237"/>
    <nd ref="1238"/>
    <nd ref="1239"/>
    <nd ref="1240"/>
    <nd ref="1241"/>
    <nd ref="1242"/>
    <nd ref="1243"/>
    <nd ref="1244"/>
    <nd ref="1245"/>
    <nd ref="1246"/>
    <nd ref="1247"/>
    <nd ref="1248"/>
    <tag k="type" v="line_thin"/>
    <tag k="subtype" v="dashed"/>
  </way>
  <way id="88">
    <nd ref="1249"/>
    <nd ref="1250"/>
    <nd ref="1251"/>
    <nd ref="1252"/>
    <nd ref="1253"/>
    <nd ref="1254"/>
    <nd ref="1255"/>
    <nd ref="1256"/>
    <nd ref="1257"/>
    <nd ref="1258"/>
    <nd ref="1259"/>
    <nd ref="1260"/>
    <nd ref="1261"/>
    <nd ref="1262"/>
    <nd ref="1263"/>
    <nd ref="1264"/>
    <tag k="type" v="line_thin"/>
    <tag k="subtype" v="dashed"/>
  </way>
  <way id="89">
    <nd ref="1265"/>
    <nd ref="1266"/>
    <nd ref="1267"/>
    <nd ref="1268"/>
    <nd ref="1269"/>
    <nd ref="1270"/>
    <nd ref="1271"/>
    <nd ref="1272"/>
    <nd ref="1273"/>
    <nd ref="1274"/>
    <nd ref="1275"/>
    <nd ref="1276"/>
    <nd ref="1277"/>
    <nd ref="1278"/>
    <nd ref="1279"/>
    <nd ref="1280"/>
    <nd ref="1208"/>
    <tag k="type" v="line_thin"/>
    <tag k="subtype" v="dashed"/>
  </way>
  <way id="90">
    <nd ref="1281"/>
    <nd ref="1282"/>
    <nd ref="1283"/>
    <nd ref="1284"/>
    <nd ref="1285"/>
    <nd ref="1286"/>
    <nd ref="1287"/>
    <tag k="type" v="line_thin"/>
    <tag k="subtype" v="dashed"/>
  </way>
  <way id="91">
    <nd ref="70"/>
    <nd ref="537"/>
    <tag k="type" v="line_thin"/>
    <tag k="subtype" v="dashed"/>
  </way>
  <way id="92">
    <nd ref="1288"/>
    <nd ref="1087"/>
    <tag k="type" v="line_thin"/>
    <tag k="subtype" v="dashed"/>
  </way>
  <way id="93">
    <nd ref="1289"/>
    <nd ref="1290"/>
    <nd ref="1291"/>
    <nd ref="1292"/>
    <nd ref="1293"/>
    <tag k="type" v="line_thin"/>
    <tag k="subtype" v="dashed"/>
  </way>
  <way id="94">
    <nd ref="1293"/>
    <nd ref="1294"/>
    <nd ref="1295"/>
    <nd ref="1296"/>
    <nd ref="1297"/>
    <nd ref="1298"/>
    <nd ref="1299"/>
    <nd ref="1300"/>
    <nd ref="1301"/>
    <nd ref="1302"/>
    <nd ref="1303"/>
    <nd ref="1304"/>
    <nd ref="1305"/>
    <nd ref="1306"/>
    <nd ref="1307"/>
    <nd ref="1308"/>
    <nd ref="1309"/>
    <nd ref="1310"/>
    <tag k="type" v="line_thin"/>
    <tag k="subtype" v="dashed"/>
  </way>
  <way id="95">
    <nd ref="1311"/>
    <nd ref="1312"/>
    <tag k="type" v="line_thin"/>
    <tag k="subtype" v="dashed"/>
  </way>
  <way id="96">
    <nd ref="1313"/>
    <nd ref="1314"/>
    <nd ref="1315"/>
    <nd ref="1316"/>
    <nd ref="1317"/>
    <nd ref="1318"/>
    <nd ref="1319"/>
    <tag k="type" v="line_thin"/>
    <tag k="subtype" v="dashed"/>
  </way>
  <way id="97">
    <nd ref="1320"/>
    <nd ref="1321"/>
    <nd ref="1322"/>
    <nd ref="1323"/>
    <nd ref="1324"/>
    <nd ref="1325"/>
    <nd ref="1326"/>
    <nd ref="1327"/>
    <nd ref="1328"/>
    <nd ref="1329"/>
    <nd ref="1330"/>
    <nd ref="1331"/>
    <nd ref="1332"/>
    <nd ref="1333"/>
    <nd ref="1334"/>
    <nd ref="1335"/>
    <nd ref="1336"/>
    <nd ref="1337"/>
    <nd ref="1338"/>
    <tag k="type" v="line_thin"/>
    <tag k="subtype" v="dashed"/>
  </way>
  <way id="98">
    <nd ref="1339"/>
    <nd ref="1340"/>
    <nd ref="1341"/>
    <nd ref="1342"/>
    <nd ref="1343"/>
    <nd ref="1344"/>
    <nd ref="1345"/>
    <nd ref="1346"/>
    <nd ref="1347"/>
    <nd ref="1348"/>
    <nd ref="1349"/>
    <nd ref="1350"/>
    <nd ref="1351"/>
    <nd ref="1352"/>
    <tag k="type" v="line_thin"/>
    <tag k="subtype" v="dashed"/>
  </way>
  <way id="99">
    <nd ref="1353"/>
    <nd ref="1354"/>
    <nd ref="1355"/>
    <nd ref="1356"/>
    <nd ref="1357"/>
    <nd ref="1358"/>
    <nd ref="1359"/>
    <nd ref="1360"/>
    <nd ref="1361"/>
    <nd ref="1362"/>
    <nd ref="1363"/>
    <nd ref="1364"/>
    <nd ref="1365"/>
    <nd ref="1366"/>
    <nd ref="1367"/>
    <nd ref="1368"/>
    <nd ref="1369"/>
    <nd ref="1370"/>
    <nd ref="1371"/>
    <tag k="type" v="line_thin"/>
    <tag k="subtype" v="dashed"/>
  </way>
  <way id="100">
    <nd ref="1372"/>
    <nd ref="1373"/>
    <nd ref="1374"/>
    <nd ref="1375"/>
    <nd ref="1376"/>
    <nd ref="1377"/>
    <nd ref="1378"/>
    <nd ref="1379"/>
    <nd ref="1380"/>
    <nd ref="1381"/>
    <nd ref="1382"/>
    <nd ref="1383"/>
    <nd ref="1384"/>
    <nd ref="1385"/>
    <nd ref="1386"/>
    <nd ref="1387"/>
    <nd ref="1388"/>
    <nd ref="1389"/>
    <nd ref="1390"/>
    <nd ref="1391"/>
    <tag k="type" v="line_thin"/>
    <tag k="subtype" v="dashed"/>
  </way>
  <way id="101">
    <nd ref="1392"/>
    <nd ref="1393"/>
    <nd ref="1394"/>
    <nd ref="1395"/>
    <nd ref="1396"/>
    <tag k="type" v="line_thin"/>
    <tag k="subtype" v="dashed"/>
  </way>
  <way id="102">
    <nd ref="1397"/>
    <nd ref="1398"/>
    <nd ref="1399"/>
    <nd ref="1400"/>
    <nd ref="1401"/>
    <tag k="type" v="line_thin"/>
    <tag k="subtype" v="dashed"/>
  </way>
  <way id="103">
    <nd ref="1402"/>
    <nd ref="1403"/>
    <nd ref="1404"/>
    <nd ref="1405"/>
    <nd ref="1406"/>
    <nd ref="1407"/>
    <tag k="type" v="line_thin"/>
    <tag k="subtype" v="dashed"/>
  </way>
  <way id="104">
    <nd ref="1408"/>
    <nd ref="1409"/>
    <nd ref="1410"/>
    <nd ref="1411"/>
    <tag k="type" v="line_thin"/>
    <tag k="subtype" v="dashed"/>
  </way>
  <way id="105">
    <nd ref="1412"/>
    <nd ref="1413"/>
    <nd ref="1414"/>
    <nd ref="1415"/>
    <nd ref="1416"/>
    <nd ref="1417"/>
    <nd ref="1418"/>
    <nd ref="1419"/>
    <nd ref="1420"/>
    <nd ref="1421"/>
    <nd ref="1422"/>
    <nd ref="1423"/>
    <nd ref="1424"/>
    <nd ref="1425"/>
    <nd ref="1426"/>
    <nd ref="1427"/>
    <tag k="type" v="line_thin"/>
    <tag k="subtype" v="solid"/>
  </way>
  <way id="106">
    <nd ref="1428"/>
    <nd ref="1429"/>
    <nd ref="1430"/>
    <nd ref="1431"/>
    <nd ref="1432"/>
    <nd ref="1433"/>
    <nd ref="1434"/>
    <nd ref="1435"/>
    <nd ref="1436"/>
    <nd ref="1437"/>
    <tag k="type" v="line_thin"/>
    <tag k="subtype" v="solid"/>
  </way>
  <way id="107">
    <nd ref="1428"/>
    <nd ref="1438"/>
    <nd ref="1439"/>
    <nd ref="1440"/>
    <nd ref="1441"/>
    <nd ref="449"/>
    <tag k="type" v="line_thin"/>
    <tag k="subtype" v="solid"/>
  </way>
  <way id="108">
    <nd ref="1442"/>
    <nd ref="1443"/>
    <nd ref="1444"/>
    <nd ref="1445"/>
    <nd ref="1446"/>
    <nd ref="1447"/>
    <nd ref="1448"/>
    <nd ref="1449"/>
    <nd ref="1450"/>
    <nd ref="1451"/>
    <nd ref="1452"/>
    <nd ref="1453"/>
    <tag k="type" v="line_thin"/>
    <tag k="subtype" v="solid"/>
  </way>
  <way id="109">
    <nd ref="1454"/>
    <nd ref="1455"/>
    <nd ref="1456"/>
    <nd ref="1457"/>
    <nd ref="1458"/>
    <nd ref="1459"/>
    <nd ref="1460"/>
    <nd ref="1461"/>
    <nd ref="1462"/>
    <nd ref="1463"/>
    <nd ref="1464"/>
    <nd ref="1465"/>
    <tag k="type" v="line_thin"/>
    <tag k="subtype" v="solid"/>
  </way>
  <way id="110">
    <nd ref="1466"/>
    <nd ref="1467"/>
    <nd ref="1468"/>
    <nd ref="1469"/>
    <nd ref="1470"/>
    <nd ref="1471"/>
    <nd ref="1472"/>
    <nd ref="1473"/>
    <nd ref="1474"/>
    <nd ref="1475"/>
    <nd ref="1476"/>
    <nd ref="1477"/>
    <tag k="type" v="line_thin"/>
    <tag k="subtype" v="solid"/>
  </way>
  <way id="111">
    <nd ref="1478"/>
    <nd ref="1479"/>
    <nd ref="1480"/>
    <nd ref="1481"/>
    <nd ref="1482"/>
    <nd ref="1483"/>
    <nd ref="1484"/>
    <nd ref="1485"/>
    <nd ref="1486"/>
    <nd ref="1487"/>
    <nd ref="1488"/>
    <nd ref="1489"/>
    <nd ref="1490"/>
    <nd ref="1491"/>
    <nd ref="1492"/>
    <nd ref="1493"/>
    <nd ref="1494"/>
    <nd ref="1495"/>
    <nd ref="1496"/>
    <nd ref="1497"/>
    <nd ref="1498"/>
    <nd ref="1499"/>
    <nd ref="1500"/>
    <nd ref="1501"/>
    <nd ref="1502"/>
    <nd ref="1503"/>
    <nd ref="1504"/>
    <nd ref="1505"/>
    <nd ref="1506"/>
    <nd ref="1507"/>
    <nd ref="1508"/>
    <nd ref="1509"/>
    <nd ref="1510"/>
    <nd ref="1511"/>
    <nd ref="1512"/>
    <nd ref="1513"/>
    <nd ref="1514"/>
    <nd ref="1515"/>
    <nd ref="1516"/>
    <nd ref="1517"/>
    <nd ref="1518"/>
    <nd ref="1519"/>
    <nd ref="1520"/>
    <nd ref="1521"/>
    <nd ref="1522"/>
    <nd ref="1523"/>
    <nd ref="1524"/>
    <nd ref="1525"/>
    <nd ref="1526"/>
    <tag k="type" v="line_thin"/>
    <tag k="subtype" v="solid"/>
  </way>
  <way id="112">
    <nd ref="1527"/>
    <nd ref="1528"/>
    <nd ref="1529"/>
    <nd ref="1530"/>
    <nd ref="1531"/>
    <nd ref="1532"/>
    <nd ref="1533"/>
    <nd ref="1534"/>
    <nd ref="1535"/>
    <nd ref="1536"/>
    <nd ref="1537"/>
    <nd ref="1538"/>
    <nd ref="1539"/>
    <nd ref="1540"/>
    <nd ref="1541"/>
    <nd ref="1542"/>
    <nd ref="1543"/>
    <nd ref="1544"/>
    <nd ref="1545"/>
    <nd ref="1546"/>
    <nd ref="1547"/>
    <nd ref="1548"/>
    <nd ref="1549"/>
    <nd ref="1550"/>
    <nd ref="1551"/>
    <nd ref="1552"/>
    <nd ref="1553"/>
    <nd ref="1554"/>
    <nd ref="1555"/>
    <tag k="type" v="line_thin"/>
    <tag k="subtype" v="solid"/>
  </way>
  <way id="113">
    <nd ref="1556"/>
    <nd ref="1557"/>
    <nd ref="1558"/>
    <nd ref="1559"/>
    <nd ref="1560"/>
    <nd ref="1561"/>
    <nd ref="1562"/>
    <nd ref="1563"/>
    <nd ref="1564"/>
    <nd ref="1565"/>
    <nd ref="1566"/>
    <nd ref="1567"/>
    <nd ref="1568"/>
    <nd ref="1569"/>
    <nd ref="1570"/>
    <nd ref="1571"/>
    <nd ref="1572"/>
    <nd ref="1573"/>
    <nd ref="1574"/>
    <nd ref="1575"/>
    <nd ref="1576"/>
    <nd ref="1577"/>
    <nd ref="1578"/>
    <nd ref="1579"/>
    <nd ref="1580"/>
    <nd ref="1581"/>
    <nd ref="1582"/>
    <nd ref="1583"/>
    <nd ref="1584"/>
    <nd ref="1585"/>
    <nd ref="1586"/>
    <tag k="type" v="line_thin"/>
    <tag k="subtype" v="solid"/>
  </way>
  <way id="114">
    <nd ref="1587"/>
    <nd ref="1588"/>
    <nd ref="1589"/>
    <nd ref="1590"/>
    <nd ref="1591"/>
    <nd ref="1592"/>
    <nd ref="1593"/>
    <nd ref="1594"/>
    <nd ref="1595"/>
    <nd ref="1596"/>
    <nd ref="1597"/>
    <nd ref="1598"/>
    <nd ref="1599"/>
    <nd ref="1600"/>
    <nd ref="1601"/>
    <nd ref="1602"/>
    <nd ref="1603"/>
    <nd ref="1604"/>
    <nd ref="1605"/>
    <nd ref="1606"/>
    <nd ref="1607"/>
    <nd ref="1608"/>
    <nd ref="1609"/>
    <nd ref="1610"/>
    <nd ref="1611"/>
    <nd ref="1612"/>
    <nd ref="1613"/>
    <nd ref="1614"/>
    <nd ref="1615"/>
    <nd ref="1616"/>
    <tag k="type" v="line_thin"/>
    <tag k="subtype" v="solid"/>
  </way>
  <way id="115">
    <nd ref="1617"/>
    <nd ref="1618"/>
    <nd ref="1619"/>
    <nd ref="1620"/>
    <nd ref="1621"/>
    <nd ref="1622"/>
    <nd ref="1623"/>
    <nd ref="1624"/>
    <nd ref="1625"/>
    <nd ref="1626"/>
    <nd ref="1627"/>
    <nd ref="1628"/>
    <nd ref="1629"/>
    <nd ref="1630"/>
    <nd ref="1631"/>
    <nd ref="1632"/>
    <nd ref="1633"/>
    <nd ref="1634"/>
    <nd ref="1635"/>
    <nd ref="1636"/>
    <nd ref="1637"/>
    <nd ref="1638"/>
    <nd ref="1639"/>
    <nd ref="1640"/>
    <nd ref="1641"/>
    <nd ref="1642"/>
    <nd ref="1643"/>
    <nd ref="1644"/>
    <nd ref="1645"/>
    <nd ref="1646"/>
    <nd ref="1647"/>
    <tag k="type" v="line_thin"/>
    <tag k="subtype" v="solid"/>
  </way>
  <way id="116">
    <nd ref="1648"/>
    <nd ref="1649"/>
    <nd ref="1650"/>
    <nd ref="1651"/>
    <nd ref="1652"/>
    <nd ref="1653"/>
    <nd ref="1654"/>
    <nd ref="1655"/>
    <tag k="type" v="line_thin"/>
    <tag k="subtype" v="solid"/>
  </way>
  <way id="117">
    <nd ref="1555"/>
    <nd ref="1656"/>
    <nd ref="1657"/>
    <nd ref="1658"/>
    <nd ref="1659"/>
    <nd ref="1660"/>
    <nd ref="1661"/>
    <nd ref="1662"/>
    <nd ref="1663"/>
    <nd ref="1664"/>
    <tag k="type" v="line_thin"/>
    <tag k="subtype" v="solid"/>
  </way>
  <way id="118">
    <nd ref="1665"/>
    <nd ref="1666"/>
    <nd ref="1667"/>
    <nd ref="1668"/>
    <nd ref="1669"/>
    <nd ref="1670"/>
    <nd ref="1671"/>
    <nd ref="1672"/>
    <nd ref="1673"/>
    <nd ref="1674"/>
    <nd ref="1587"/>
    <tag k="type" v="line_thin"/>
    <tag k="subtype" v="solid"/>
  </way>
  <way id="119">
    <nd ref="1675"/>
    <nd ref="1676"/>
    <nd ref="1677"/>
    <tag k="type" v="line_thin"/>
    <tag k="subtype" v="solid"/>
  </way>
  <way id="120">
    <nd ref="1678"/>
    <nd ref="1679"/>
    <nd ref="1680"/>
    <nd ref="1454"/>
    <tag k="type" v="line_thin"/>
    <tag k="subtype" v="solid"/>
  </way>
  <way id="121">
    <nd ref="1681"/>
    <nd ref="1682"/>
    <nd ref="1683"/>
    <nd ref="1684"/>
    <nd ref="1587"/>
    <tag k="type" v="line_thin"/>
    <tag k="subtype" v="solid"/>
  </way>
  <way id="122">
    <nd ref="1477"/>
    <nd ref="1685"/>
    <nd ref="1686"/>
    <nd ref="1687"/>
    <tag k="type" v="line_thin"/>
    <tag k="subtype" v="solid"/>
  </way>
  <way id="123">
    <nd ref="1688"/>
    <nd ref="1689"/>
    <nd ref="1690"/>
    <nd ref="1691"/>
    <nd ref="1692"/>
    <nd ref="1693"/>
    <nd ref="1694"/>
    <nd ref="1695"/>
    <nd ref="1696"/>
    <nd ref="1697"/>
    <nd ref="1698"/>
    <nd ref="1699"/>
    <nd ref="1700"/>
    <nd ref="1701"/>
    <nd ref="1702"/>
    <nd ref="1703"/>
    <nd ref="1704"/>
    <nd ref="1705"/>
    <nd ref="1706"/>
    <nd ref="1707"/>
    <nd ref="1708"/>
    <nd ref="1709"/>
    <nd ref="1710"/>
    <nd ref="1711"/>
    <nd ref="1712"/>
    <nd ref="1713"/>
    <nd ref="1714"/>
    <nd ref="1715"/>
    <nd ref="1716"/>
    <nd ref="1717"/>
    <nd ref="1718"/>
    <nd ref="1719"/>
    <nd ref="1720"/>
    <nd ref="1721"/>
    <nd ref="1722"/>
    <nd ref="1723"/>
    <nd ref="1724"/>
    <nd ref="1725"/>
    <nd ref="1726"/>
    <nd ref="1727"/>
    <nd ref="1728"/>
    <nd ref="1729"/>
    <nd ref="1730"/>
    <nd ref="1731"/>
    <nd ref="1732"/>
    <nd ref="1733"/>
    <nd ref="1734"/>
    <nd ref="1735"/>
    <nd ref="1736"/>
    <nd ref="1737"/>
    <nd ref="1738"/>
    <nd ref="1739"/>
    <tag k="type" v="line_thin"/>
    <tag k="subtype" v="solid"/>
  </way>
  <way id="124">
    <nd ref="1740"/>
    <nd ref="1741"/>
    <nd ref="1742"/>
    <nd ref="1743"/>
    <nd ref="1744"/>
    <nd ref="1745"/>
    <nd ref="1746"/>
    <nd ref="1747"/>
    <nd ref="1748"/>
    <tag k="type" v="line_thin"/>
    <tag k="subtype" v="solid"/>
  </way>
  <way id="125">
    <nd ref="1749"/>
    <nd ref="1750"/>
    <nd ref="1751"/>
    <nd ref="1752"/>
    <nd ref="1753"/>
    <nd ref="1754"/>
    <nd ref="1755"/>
    <nd ref="1756"/>
    <nd ref="1757"/>
    <nd ref="1758"/>
    <nd ref="1759"/>
    <nd ref="1760"/>
    <nd ref="1761"/>
    <tag k="type" v="line_thin"/>
    <tag k="subtype" v="solid"/>
  </way>
  <way id="126">
    <nd ref="1762"/>
    <nd ref="1763"/>
    <nd ref="1764"/>
    <nd ref="1765"/>
    <nd ref="1766"/>
    <nd ref="1767"/>
    <nd ref="1768"/>
    <nd ref="1769"/>
    <nd ref="1770"/>
    <nd ref="1771"/>
    <nd ref="1772"/>
    <tag k="type" v="line_thin"/>
    <tag k="subtype" v="solid"/>
  </way>
  <way id="127">
    <nd ref="1527"/>
    <nd ref="1773"/>
    <nd ref="1774"/>
    <nd ref="1775"/>
    <nd ref="1776"/>
    <nd ref="1777"/>
    <nd ref="1778"/>
    <nd ref="1779"/>
    <nd ref="1780"/>
    <nd ref="1781"/>
    <nd ref="1782"/>
    <nd ref="1783"/>
    <nd ref="1784"/>
    <nd ref="1785"/>
    <nd ref="1786"/>
    <nd ref="1787"/>
    <nd ref="1788"/>
    <nd ref="1789"/>
    <nd ref="1790"/>
    <nd ref="1791"/>
    <nd ref="1792"/>
    <nd ref="1793"/>
    <nd ref="1794"/>
    <nd ref="1795"/>
    <nd ref="1796"/>
    <nd ref="1797"/>
    <nd ref="1798"/>
    <nd ref="1799"/>
    <nd ref="1800"/>
    <nd ref="1801"/>
    <nd ref="1802"/>
    <nd ref="1803"/>
    <nd ref="1804"/>
    <nd ref="1805"/>
    <nd ref="1806"/>
    <nd ref="1807"/>
    <nd ref="1762"/>
    <tag k="type" v="line_thin"/>
    <tag k="subtype" v="solid"/>
  </way>
  <way id="128">
    <nd ref="1808"/>
    <nd ref="1809"/>
    <nd ref="1810"/>
    <nd ref="1811"/>
    <nd ref="1812"/>
    <nd ref="1813"/>
    <nd ref="1814"/>
    <nd ref="1815"/>
    <nd ref="1816"/>
    <nd ref="1817"/>
    <nd ref="1818"/>
    <nd ref="1819"/>
    <nd ref="1820"/>
    <nd ref="1821"/>
    <nd ref="1822"/>
    <nd ref="1823"/>
    <nd ref="1824"/>
    <nd ref="1825"/>
    <nd ref="1826"/>
    <nd ref="1827"/>
    <nd ref="1828"/>
    <nd ref="1829"/>
    <nd ref="1830"/>
    <nd ref="1831"/>
    <nd ref="1832"/>
    <nd ref="1833"/>
    <nd ref="1834"/>
    <nd ref="1835"/>
    <nd ref="1836"/>
    <nd ref="1837"/>
    <nd ref="1838"/>
    <nd ref="1839"/>
    <nd ref="1586"/>
    <tag k="type" v="line_thin"/>
    <tag k="subtype" v="solid"/>
  </way>
  <way id="129">
    <nd ref="1840"/>
    <nd ref="1841"/>
    <nd ref="1842"/>
    <nd ref="1843"/>
    <nd ref="1844"/>
    <nd ref="1845"/>
    <nd ref="1846"/>
    <nd ref="1847"/>
    <nd ref="1848"/>
    <tag k="type" v="line_thin"/>
    <tag k="subtype" v="solid"/>
  </way>
  <way id="130">
    <nd ref="1617"/>
    <nd ref="1849"/>
    <nd ref="1850"/>
    <nd ref="1851"/>
    <nd ref="1852"/>
    <nd ref="1853"/>
    <nd ref="1854"/>
    <nd ref="1855"/>
    <nd ref="1856"/>
    <nd ref="1857"/>
    <nd ref="1858"/>
    <nd ref="1859"/>
    <nd ref="1860"/>
    <nd ref="1861"/>
    <nd ref="1862"/>
    <nd ref="1863"/>
    <nd ref="1864"/>
    <nd ref="1865"/>
    <nd ref="1866"/>
    <nd ref="1867"/>
    <nd ref="1868"/>
    <nd ref="1869"/>
    <nd ref="1870"/>
    <nd ref="1871"/>
    <nd ref="1872"/>
    <nd ref="1873"/>
    <nd ref="1874"/>
    <nd ref="1875"/>
    <nd ref="1876"/>
    <nd ref="1877"/>
    <nd ref="1878"/>
    <nd ref="1879"/>
    <nd ref="1880"/>
    <tag k="type" v="line_thin"/>
    <tag k="subtype" v="solid"/>
  </way>
  <way id="131">
    <nd ref="1881"/>
    <nd ref="1882"/>
    <nd ref="1883"/>
    <nd ref="1884"/>
    <nd ref="1885"/>
    <nd ref="1886"/>
    <nd ref="1887"/>
    <nd ref="1888"/>
    <nd ref="1889"/>
    <nd ref="1890"/>
    <nd ref="1891"/>
    <nd ref="1892"/>
    <nd ref="1893"/>
    <nd ref="1894"/>
    <nd ref="1895"/>
    <nd ref="1896"/>
    <nd ref="1897"/>
    <nd ref="1898"/>
    <nd ref="1899"/>
    <nd ref="1900"/>
    <nd ref="1901"/>
    <nd ref="1902"/>
    <nd ref="1903"/>
    <nd ref="1904"/>
    <nd ref="1905"/>
    <nd ref="1906"/>
    <nd ref="1907"/>
    <nd ref="1908"/>
    <nd ref="1909"/>
    <nd ref="1910"/>
    <nd ref="1911"/>
    <nd ref="1912"/>
    <nd ref="1913"/>
    <nd ref="1914"/>
    <nd ref="1915"/>
    <nd ref="1616"/>
    <tag k="type" v="line_thin"/>
    <tag k="subtype" v="solid"/>
  </way>
  <way id="132">
    <nd ref="1916"/>
    <nd ref="1917"/>
    <nd ref="1918"/>
    <nd ref="1919"/>
    <nd ref="1920"/>
    <nd ref="1921"/>
    <nd ref="1922"/>
    <nd ref="1923"/>
    <nd ref="1924"/>
    <nd ref="1925"/>
    <nd ref="1926"/>
    <nd ref="1927"/>
    <nd ref="1928"/>
    <nd ref="1929"/>
    <nd ref="1930"/>
    <tag k="type" v="line_thin"/>
    <tag k="subtype" v="solid"/>
  </way>
  <way id="133">
    <nd ref="1931"/>
    <nd ref="1932"/>
    <nd ref="1933"/>
    <nd ref="1934"/>
    <nd ref="1935"/>
    <nd ref="1936"/>
    <tag k="type" v="line_thin"/>
    <tag k="subtype" v="solid"/>
  </way>
  <way id="134">
    <nd ref="1936"/>
    <nd ref="1937"/>
    <nd ref="1938"/>
    <nd ref="1939"/>
    <nd ref="1940"/>
    <tag k="type" v="line_thin"/>
    <tag k="subtype" v="solid"/>
  </way>
  <way id="135">
    <nd ref="1941"/>
    <nd ref="1942"/>
    <nd ref="1943"/>
    <nd ref="1944"/>
    <nd ref="1945"/>
    <nd ref="1946"/>
    <nd ref="1947"/>
    <nd ref="1948"/>
    <nd ref="1949"/>
    <tag k="type" v="line_thin"/>
    <tag k="subtype" v="solid"/>
  </way>
  <way id="136">
    <nd ref="1950"/>
    <nd ref="1951"/>
    <nd ref="1952"/>
    <nd ref="1953"/>
    <nd ref="1954"/>
    <nd ref="1955"/>
    <nd ref="1956"/>
    <nd ref="1957"/>
    <nd ref="1311"/>
    <tag k="type" v="line_thin"/>
    <tag k="subtype" v="solid"/>
  </way>
  <way id="137">
    <nd ref="1958"/>
    <nd ref="1959"/>
    <nd ref="1960"/>
    <nd ref="1961"/>
    <nd ref="1962"/>
    <nd ref="1963"/>
    <nd ref="1964"/>
    <nd ref="1965"/>
    <nd ref="1454"/>
    <tag k="type" v="line_thin"/>
    <tag k="subtype" v="solid"/>
  </way>
  <way id="138">
    <nd ref="1477"/>
    <nd ref="1966"/>
    <nd ref="1967"/>
    <nd ref="1968"/>
    <nd ref="1969"/>
    <nd ref="1970"/>
    <nd ref="1971"/>
    <nd ref="1972"/>
    <nd ref="1973"/>
    <nd ref="1974"/>
    <nd ref="1975"/>
    <nd ref="1976"/>
    <tag k="type" v="line_thin"/>
    <tag k="subtype" v="solid"/>
  </way>
  <way id="139">
    <nd ref="1977"/>
    <nd ref="1978"/>
    <nd ref="1979"/>
    <nd ref="1980"/>
    <nd ref="1981"/>
    <nd ref="1982"/>
    <nd ref="1983"/>
    <nd ref="1984"/>
    <nd ref="1985"/>
    <nd ref="1986"/>
    <nd ref="1987"/>
    <nd ref="1988"/>
    <nd ref="1989"/>
    <nd ref="1990"/>
    <nd ref="1991"/>
    <nd ref="1992"/>
    <nd ref="1993"/>
    <nd ref="1994"/>
    <nd ref="1995"/>
    <nd ref="1996"/>
    <nd ref="1997"/>
    <nd ref="1998"/>
    <nd ref="1999"/>
    <nd ref="2000"/>
    <nd ref="2001"/>
    <nd ref="2002"/>
    <nd ref="2003"/>
    <nd ref="2004"/>
    <nd ref="2005"/>
    <nd ref="2006"/>
    <nd ref="2007"/>
    <nd ref="2008"/>
    <nd ref="2009"/>
    <nd ref="2010"/>
    <nd ref="2011"/>
    <nd ref="2012"/>
    <nd ref="2013"/>
    <nd ref="2014"/>
    <nd ref="2015"/>
    <nd ref="2016"/>
    <nd ref="2017"/>
    <nd ref="2018"/>
    <nd ref="2019"/>
    <nd ref="2020"/>
    <nd ref="2021"/>
    <nd ref="2022"/>
    <nd ref="2023"/>
    <nd ref="2024"/>
    <nd ref="2025"/>
    <nd ref="2026"/>
    <nd ref="2027"/>
    <nd ref="2028"/>
    <nd ref="2029"/>
    <nd ref="2030"/>
    <nd ref="2031"/>
    <nd ref="2032"/>
    <nd ref="2033"/>
    <nd ref="2034"/>
    <nd ref="2035"/>
    <nd ref="2036"/>
    <nd ref="2037"/>
    <nd ref="2038"/>
    <nd ref="2039"/>
    <nd ref="2040"/>
    <nd ref="2041"/>
    <nd ref="2042"/>
    <nd ref="2043"/>
    <nd ref="2044"/>
    <nd ref="2045"/>
    <tag k="type" v="line_thin"/>
    <tag k="subtype" v="solid"/>
  </way>
  <way id="140">
    <nd ref="1739"/>
    <nd ref="2046"/>
    <nd ref="2047"/>
    <nd ref="2048"/>
    <nd ref="2049"/>
    <nd ref="2050"/>
    <nd ref="2051"/>
    <nd ref="2052"/>
    <nd ref="2053"/>
    <nd ref="2054"/>
    <nd ref="2055"/>
    <nd ref="2056"/>
    <nd ref="2057"/>
    <nd ref="2058"/>
    <nd ref="2059"/>
    <nd ref="2060"/>
    <nd ref="2061"/>
    <nd ref="2062"/>
    <nd ref="2063"/>
    <nd ref="2064"/>
    <nd ref="2065"/>
    <nd ref="2066"/>
    <nd ref="2067"/>
    <nd ref="2068"/>
    <nd ref="2069"/>
    <nd ref="2070"/>
    <nd ref="2071"/>
    <nd ref="2072"/>
    <nd ref="2073"/>
    <nd ref="2074"/>
    <nd ref="2075"/>
    <nd ref="2076"/>
    <nd ref="2077"/>
    <nd ref="2078"/>
    <nd ref="2079"/>
    <nd ref="2080"/>
    <nd ref="2081"/>
    <nd ref="2082"/>
    <nd ref="2083"/>
    <nd ref="2084"/>
    <nd ref="2085"/>
    <nd ref="2086"/>
    <nd ref="2087"/>
    <nd ref="2088"/>
    <nd ref="2089"/>
    <nd ref="2090"/>
    <nd ref="2091"/>
    <nd ref="2092"/>
    <nd ref="2093"/>
    <nd ref="2094"/>
    <nd ref="2095"/>
    <nd ref="2096"/>
    <nd ref="2097"/>
    <nd ref="2098"/>
    <nd ref="2099"/>
    <nd ref="2100"/>
    <nd ref="2101"/>
    <tag k="type" v="line_thin"/>
    <tag k="subtype" v="solid"/>
  </way>
  <way id="141">
    <nd ref="2102"/>
    <nd ref="2103"/>
    <nd ref="2104"/>
    <nd ref="2105"/>
    <nd ref="2106"/>
    <nd ref="2107"/>
    <nd ref="2108"/>
    <nd ref="2109"/>
    <nd ref="2110"/>
    <nd ref="2111"/>
    <nd ref="2112"/>
    <nd ref="2113"/>
    <nd ref="2114"/>
    <nd ref="2115"/>
    <nd ref="2116"/>
    <nd ref="2117"/>
    <nd ref="2118"/>
    <nd ref="2119"/>
    <nd ref="2120"/>
    <nd ref="2121"/>
    <nd ref="2122"/>
    <nd ref="2123"/>
    <nd ref="2124"/>
    <nd ref="2125"/>
    <nd ref="2126"/>
    <nd ref="2127"/>
    <nd ref="2128"/>
    <nd ref="2129"/>
    <nd ref="2130"/>
    <nd ref="2131"/>
    <nd ref="2132"/>
    <nd ref="2133"/>
    <nd ref="2134"/>
    <nd ref="2135"/>
    <nd ref="2136"/>
    <nd ref="2137"/>
    <nd ref="2138"/>
    <nd ref="2139"/>
    <nd ref="2140"/>
    <nd ref="2141"/>
    <nd ref="2142"/>
    <nd ref="2143"/>
    <nd ref="2144"/>
    <nd ref="2145"/>
    <nd ref="2146"/>
    <nd ref="2147"/>
    <nd ref="2148"/>
    <nd ref="2149"/>
    <nd ref="2150"/>
    <nd ref="2151"/>
    <nd ref="2152"/>
    <tag k="type" v="line_thin"/>
    <tag k="subtype" v="solid"/>
  </way>
  <way id="142">
    <nd ref="2153"/>
    <nd ref="2154"/>
    <nd ref="2155"/>
    <nd ref="2156"/>
    <tag k="type" v="line_thin"/>
    <tag k="subtype" v="solid"/>
  </way>
  <way id="143">
    <nd ref="2157"/>
    <nd ref="2158"/>
    <nd ref="2159"/>
    <tag k="type" v="line_thin"/>
    <tag k="subtype" v="solid"/>
  </way>
  <way id="144">
    <nd ref="2160"/>
    <nd ref="2161"/>
    <nd ref="2162"/>
    <nd ref="2163"/>
    <nd ref="2164"/>
    <nd ref="2165"/>
    <nd ref="2166"/>
    <nd ref="2167"/>
    <nd ref="2168"/>
    <nd ref="2169"/>
    <nd ref="2170"/>
    <nd ref="2171"/>
    <nd ref="2172"/>
    <nd ref="2173"/>
    <nd ref="2174"/>
    <nd ref="2175"/>
    <nd ref="2176"/>
    <nd ref="2177"/>
    <nd ref="2178"/>
    <nd ref="2179"/>
    <nd ref="2180"/>
    <nd ref="2181"/>
    <nd ref="2182"/>
    <nd ref="2183"/>
    <nd ref="2184"/>
    <nd ref="2185"/>
    <nd ref="2186"/>
    <nd ref="2187"/>
    <nd ref="2188"/>
    <nd ref="2189"/>
    <nd ref="2190"/>
    <nd ref="2191"/>
    <nd ref="2192"/>
    <nd ref="2193"/>
    <nd ref="2194"/>
    <nd ref="2195"/>
    <nd ref="2196"/>
    <nd ref="2197"/>
    <nd ref="2198"/>
    <nd ref="2199"/>
    <nd ref="2200"/>
    <nd ref="2201"/>
    <nd ref="2202"/>
    <nd ref="2203"/>
    <nd ref="2204"/>
    <nd ref="2205"/>
    <nd ref="2206"/>
    <nd ref="2207"/>
    <nd ref="2208"/>
    <nd ref="2209"/>
    <nd ref="2210"/>
    <nd ref="2211"/>
    <nd ref="2212"/>
    <nd ref="2213"/>
    <nd ref="2214"/>
    <nd ref="2215"/>
    <nd ref="2216"/>
    <nd ref="2217"/>
    <nd ref="2218"/>
    <nd ref="2219"/>
    <nd ref="2220"/>
    <nd ref="2221"/>
    <nd ref="2222"/>
    <nd ref="2223"/>
    <nd ref="2224"/>
    <nd ref="2225"/>
    <nd ref="2226"/>
    <nd ref="2227"/>
    <tag k="type" v="line_thin"/>
    <tag k="subtype" v="solid"/>
  </way>
  <way id="145">
    <nd ref="1442"/>
    <nd ref="2228"/>
    <nd ref="2229"/>
    <nd ref="2230"/>
    <nd ref="2231"/>
    <nd ref="2232"/>
    <nd ref="2233"/>
    <nd ref="2234"/>
    <nd ref="2235"/>
    <nd ref="2236"/>
    <nd ref="2237"/>
    <nd ref="2238"/>
    <nd ref="2239"/>
    <nd ref="2240"/>
    <tag k="type" v="line_thin"/>
    <tag k="subtype" v="solid"/>
  </way>
  <way id="146">
    <nd ref="70"/>
    <nd ref="537"/>
    <tag k="type" v="line_thin"/>
    <tag k="subtype" v="solid"/>
  </way>
  <way id="147">
    <nd ref="127"/>
    <nd ref="2241"/>
    <nd ref="2242"/>
    <nd ref="2243"/>
    <nd ref="2244"/>
    <nd ref="2245"/>
    <nd ref="2246"/>
    <nd ref="2247"/>
    <tag k="type" v="line_thin"/>
    <tag k="subtype" v="solid"/>
  </way>
  <way id="148">
    <nd ref="2247"/>
    <nd ref="2248"/>
    <nd ref="2249"/>
    <tag k="type" v="line_thin"/>
    <tag k="subtype" v="solid"/>
  </way>
  <way id="149">
    <nd ref="1288"/>
    <nd ref="1087"/>
    <tag k="type" v="line_thin"/>
    <tag k="subtype" v="solid"/>
  </way>
  <way id="150">
    <nd ref="2250"/>
    <nd ref="2251"/>
    <nd ref="2252"/>
    <nd ref="2253"/>
    <nd ref="2254"/>
    <nd ref="2255"/>
    <nd ref="2256"/>
    <nd ref="2257"/>
    <nd ref="2258"/>
    <nd ref="2259"/>
    <nd ref="2260"/>
    <nd ref="2261"/>
    <nd ref="689"/>
    <tag k="type" v="line_thin"/>
    <tag k="subtype" v="solid"/>
  </way>
  <way id="151">
    <nd ref="2262"/>
    <nd ref="2263"/>
    <nd ref="2264"/>
    <nd ref="2265"/>
    <nd ref="2266"/>
    <nd ref="2267"/>
    <nd ref="2268"/>
    <nd ref="2269"/>
    <nd ref="2270"/>
    <nd ref="2271"/>
    <nd ref="2272"/>
    <nd ref="2273"/>
    <nd ref="2274"/>
    <nd ref="2275"/>
    <nd ref="2276"/>
    <tag k="type" v="line_thin"/>
    <tag k="subtype" v="solid"/>
  </way>
  <way id="152">
    <nd ref="2277"/>
    <nd ref="2278"/>
    <nd ref="2279"/>
    <nd ref="2280"/>
    <nd ref="2281"/>
    <nd ref="2282"/>
    <nd ref="2283"/>
    <nd ref="2284"/>
    <nd ref="2285"/>
    <nd ref="2286"/>
    <nd ref="2287"/>
    <nd ref="2288"/>
    <nd ref="2289"/>
    <nd ref="2290"/>
    <nd ref="2291"/>
    <nd ref="2292"/>
    <nd ref="2293"/>
    <nd ref="2294"/>
    <nd ref="2295"/>
    <tag k="type" v="line_thin"/>
    <tag k="subtype" v="solid"/>
  </way>
  <way id="153">
    <nd ref="2152"/>
    <nd ref="1478"/>
    <tag k="type" v="line_thin"/>
    <tag k="subtype" v="solid"/>
  </way>
  <way id="154">
    <nd ref="2296"/>
    <nd ref="2297"/>
    <nd ref="2298"/>
    <tag k="type" v="line_thin"/>
    <tag k="subtype" v="solid"/>
  </way>
  <way id="155">
    <nd ref="1555"/>
    <nd ref="2299"/>
    <nd ref="2153"/>
    <tag k="type" v="line_thin"/>
    <tag k="subtype" v="solid"/>
  </way>
  <way id="156">
    <nd ref="1526"/>
    <nd ref="2300"/>
    <nd ref="2301"/>
    <nd ref="2296"/>
    <tag k="type" v="line_thin"/>
    <tag k="subtype" v="solid"/>
  </way>
  <way id="157">
    <nd ref="2302"/>
    <nd ref="2303"/>
    <tag k="type" v="line_thin"/>
    <tag k="subtype" v="solid"/>
  </way>
  <way id="158">
    <nd ref="1687"/>
    <nd ref="2304"/>
    <nd ref="2305"/>
    <tag k="type" v="line_thin"/>
    <tag k="subtype" v="solid"/>
  </way>
  <way id="159">
    <nd ref="2306"/>
    <nd ref="2307"/>
    <nd ref="2308"/>
    <nd ref="1941"/>
    <tag k="type" v="line_thin"/>
    <tag k="subtype" v="solid"/>
  </way>
  <way id="160">
    <nd ref="2309"/>
    <nd ref="2310"/>
    <nd ref="2311"/>
    <nd ref="2312"/>
    <nd ref="2313"/>
    <nd ref="2314"/>
    <nd ref="2315"/>
    <nd ref="2316"/>
    <nd ref="2317"/>
    <nd ref="2318"/>
    <nd ref="2319"/>
    <nd ref="1749"/>
    <tag k="type" v="line_thin"/>
    <tag k="subtype" v="solid"/>
  </way>
  <way id="161">
    <nd ref="2320"/>
    <nd ref="2321"/>
    <nd ref="2322"/>
    <nd ref="2323"/>
    <nd ref="2302"/>
    <tag k="type" v="line_thin"/>
    <tag k="subtype" v="solid"/>
  </way>
  <way id="162">
    <nd ref="2101"/>
    <nd ref="2324"/>
    <nd ref="2325"/>
    <tag k="type" v="line_thin"/>
    <tag k="subtype" v="solid"/>
  </way>
  <way id="163">
    <nd ref="1880"/>
    <nd ref="2326"/>
    <tag k="type" v="line_thin"/>
    <tag k="subtype" v="solid"/>
  </way>
  <way id="164">
    <nd ref="2327"/>
    <nd ref="2328"/>
    <nd ref="2329"/>
    <nd ref="2330"/>
    <nd ref="2331"/>
    <nd ref="2332"/>
    <nd ref="1688"/>
    <tag k="type" v="line_thin"/>
    <tag k="subtype" v="solid"/>
  </way>
  <way id="165">
    <nd ref="2333"/>
    <nd ref="2334"/>
    <nd ref="2335"/>
    <nd ref="2336"/>
    <nd ref="2337"/>
    <nd ref="2338"/>
    <nd ref="1881"/>
    <tag k="type" v="line_thin"/>
    <tag k="subtype" v="solid"/>
  </way>
  <way id="166">
    <nd ref="2045"/>
    <nd ref="2339"/>
    <nd ref="2340"/>
    <nd ref="2341"/>
    <nd ref="2342"/>
    <nd ref="2343"/>
    <nd ref="2344"/>
    <nd ref="2345"/>
    <nd ref="2346"/>
    <nd ref="2347"/>
    <nd ref="2348"/>
    <nd ref="2349"/>
    <nd ref="2350"/>
    <nd ref="1740"/>
    <tag k="type" v="line_thin"/>
    <tag k="subtype" v="solid"/>
  </way>
  <way id="167">
    <nd ref="2227"/>
    <nd ref="2351"/>
    <nd ref="2352"/>
    <nd ref="2353"/>
    <nd ref="2354"/>
    <nd ref="2355"/>
    <nd ref="2356"/>
    <nd ref="2357"/>
    <nd ref="2358"/>
    <nd ref="2359"/>
    <nd ref="2360"/>
    <nd ref="2361"/>
    <nd ref="2362"/>
    <nd ref="2363"/>
    <nd ref="2364"/>
    <tag k="type" v="line_thin"/>
    <tag k="subtype" v="solid"/>
  </way>
  <way id="168">
    <nd ref="2365"/>
    <nd ref="2366"/>
    <nd ref="2367"/>
    <nd ref="2368"/>
    <nd ref="2369"/>
    <nd ref="2370"/>
    <nd ref="2371"/>
    <nd ref="2372"/>
    <nd ref="2373"/>
    <nd ref="2374"/>
    <nd ref="2375"/>
    <nd ref="2376"/>
    <tag k="type" v="line_thin"/>
    <tag k="subtype" v="solid"/>
  </way>
  <way id="169">
    <nd ref="1761"/>
    <nd ref="2377"/>
    <nd ref="2378"/>
    <nd ref="2379"/>
    <tag k="type" v="line_thin"/>
    <tag k="subtype" v="solid"/>
  </way>
  <way id="170">
    <nd ref="2380"/>
    <nd ref="2381"/>
    <nd ref="2382"/>
    <nd ref="2383"/>
    <nd ref="2384"/>
    <nd ref="2385"/>
    <nd ref="2386"/>
    <tag k="type" v="line_thin"/>
    <tag k="subtype" v="solid"/>
  </way>
  <way id="171">
    <nd ref="2387"/>
    <nd ref="2388"/>
    <nd ref="2389"/>
    <nd ref="2390"/>
    <nd ref="2391"/>
    <nd ref="2392"/>
    <nd ref="2393"/>
    <nd ref="2394"/>
    <nd ref="2395"/>
    <nd ref="2396"/>
    <nd ref="2397"/>
    <nd ref="2398"/>
    <nd ref="2399"/>
    <nd ref="2400"/>
    <nd ref="2401"/>
    <tag k="type" v="line_thin"/>
    <tag k="subtype" v="solid"/>
  </way>
  <way id="172">
    <nd ref="1930"/>
    <nd ref="2402"/>
    <nd ref="2403"/>
    <nd ref="2404"/>
    <nd ref="2405"/>
    <nd ref="2406"/>
    <nd ref="2407"/>
    <nd ref="2408"/>
    <nd ref="2409"/>
    <tag k="type" v="line_thin"/>
    <tag k="subtype" v="solid"/>
  </way>
  <way id="173">
    <nd ref="1930"/>
    <nd ref="2410"/>
    <nd ref="2411"/>
    <nd ref="2412"/>
    <nd ref="2413"/>
    <nd ref="2414"/>
    <nd ref="2415"/>
    <nd ref="2416"/>
    <nd ref="2417"/>
    <tag k="type" v="line_thin"/>
    <tag k="subtype" v="solid"/>
  </way>
  <way id="174">
    <nd ref="2401"/>
    <nd ref="2418"/>
    <nd ref="2419"/>
    <nd ref="2420"/>
    <nd ref="2421"/>
    <nd ref="2422"/>
    <nd ref="2423"/>
    <nd ref="2424"/>
    <nd ref="2425"/>
    <tag k="type" v="line_thin"/>
    <tag k="subtype" v="solid"/>
  </way>
  <way id="175">
    <nd ref="2426"/>
    <nd ref="2427"/>
    <nd ref="2428"/>
    <nd ref="2429"/>
    <nd ref="2430"/>
    <nd ref="2431"/>
    <nd ref="2432"/>
    <nd ref="2433"/>
    <nd ref="2434"/>
    <nd ref="2435"/>
    <nd ref="2436"/>
    <nd ref="2437"/>
    <nd ref="2438"/>
    <nd ref="2439"/>
    <nd ref="2440"/>
    <nd ref="2441"/>
    <nd ref="2442"/>
    <nd ref="2443"/>
    <nd ref="2444"/>
    <nd ref="2445"/>
    <nd ref="2446"/>
    <nd ref="2447"/>
    <nd ref="2448"/>
    <nd ref="2449"/>
    <nd ref="2450"/>
    <nd ref="2451"/>
    <nd ref="1288"/>
    <tag k="type" v="line_thin"/>
    <tag k="subtype" v="solid"/>
  </way>
  <way id="176">
    <nd ref="2452"/>
    <nd ref="2453"/>
    <nd ref="2454"/>
    <nd ref="2455"/>
    <nd ref="2456"/>
    <nd ref="2457"/>
    <nd ref="2458"/>
    <nd ref="2459"/>
    <nd ref="2460"/>
    <nd ref="2461"/>
    <nd ref="1931"/>
    <tag k="type" v="line_thin"/>
    <tag k="subtype" v="solid"/>
  </way>
  <way id="177">
    <nd ref="2462"/>
    <nd ref="2463"/>
    <nd ref="2464"/>
    <nd ref="2465"/>
    <nd ref="2466"/>
    <nd ref="2467"/>
    <nd ref="2468"/>
    <nd ref="2469"/>
    <nd ref="2470"/>
    <nd ref="2471"/>
    <nd ref="2472"/>
    <nd ref="2473"/>
    <nd ref="2474"/>
    <nd ref="2475"/>
    <nd ref="2476"/>
    <nd ref="2477"/>
    <nd ref="2478"/>
    <nd ref="2479"/>
    <nd ref="2480"/>
    <nd ref="2481"/>
    <nd ref="2482"/>
    <nd ref="2483"/>
    <nd ref="2452"/>
    <tag k="type" v="line_thin"/>
    <tag k="subtype" v="solid"/>
  </way>
  <way id="178">
    <nd ref="2484"/>
    <nd ref="2485"/>
    <nd ref="2486"/>
    <nd ref="2487"/>
    <nd ref="2488"/>
    <nd ref="2489"/>
    <nd ref="2490"/>
    <nd ref="2491"/>
    <nd ref="2492"/>
    <nd ref="2462"/>
    <tag k="type" v="line_thin"/>
    <tag k="subtype" v="solid"/>
  </way>
  <way id="179">
    <nd ref="2276"/>
    <nd ref="2493"/>
    <nd ref="2494"/>
    <nd ref="2495"/>
    <nd ref="2496"/>
    <nd ref="2497"/>
    <nd ref="2498"/>
    <nd ref="2499"/>
    <nd ref="2500"/>
    <nd ref="2501"/>
    <nd ref="2277"/>
    <tag k="type" v="line_thin"/>
    <tag k="subtype" v="solid"/>
  </way>
  <way id="180">
    <nd ref="2502"/>
    <nd ref="2503"/>
    <nd ref="2504"/>
    <nd ref="2505"/>
    <nd ref="2506"/>
    <nd ref="2507"/>
    <nd ref="2508"/>
    <nd ref="2509"/>
    <nd ref="2510"/>
    <nd ref="2511"/>
    <tag k="type" v="line_thin"/>
    <tag k="subtype" v="solid"/>
  </way>
  <way id="181">
    <nd ref="2512"/>
    <nd ref="2511"/>
    <nd ref="2510"/>
    <nd ref="2509"/>
    <nd ref="2508"/>
    <nd ref="2507"/>
    <nd ref="2506"/>
    <nd ref="2505"/>
    <nd ref="2504"/>
    <nd ref="2503"/>
    <tag k="type" v="line_thin"/>
    <tag k="subtype" v="solid"/>
  </way>
  <way id="182">
    <nd ref="2511"/>
    <nd ref="2512"/>
    <tag k="type" v="line_thin"/>
    <tag k="subtype" v="solid"/>
  </way>
  <way id="183">
    <nd ref="2503"/>
    <nd ref="2502"/>
    <tag k="type" v="line_thin"/>
    <tag k="subtype" v="solid"/>
  </way>
  <way id="184">
    <nd ref="2513"/>
    <nd ref="2514"/>
    <nd ref="2515"/>
    <nd ref="2516"/>
    <nd ref="2517"/>
    <nd ref="2518"/>
    <nd ref="2519"/>
    <nd ref="2520"/>
    <nd ref="2521"/>
    <nd ref="2522"/>
    <nd ref="2523"/>
    <nd ref="2524"/>
    <nd ref="2525"/>
    <nd ref="2526"/>
    <nd ref="2527"/>
    <nd ref="2528"/>
    <nd ref="2529"/>
    <nd ref="2530"/>
    <nd ref="2531"/>
    <nd ref="2532"/>
    <nd ref="2533"/>
    <nd ref="2534"/>
    <nd ref="2535"/>
    <nd ref="2536"/>
    <nd ref="2537"/>
    <nd ref="2538"/>
    <nd ref="2539"/>
    <nd ref="2540"/>
    <nd ref="2541"/>
    <nd ref="2542"/>
    <nd ref="2543"/>
    <nd ref="2544"/>
    <nd ref="2545"/>
    <nd ref="2546"/>
    <nd ref="2547"/>
    <nd ref="2548"/>
    <nd ref="2549"/>
    <nd ref="2550"/>
    <nd ref="2551"/>
    <nd ref="983"/>
    <tag k="type" v="line_thin"/>
    <tag k="subtype" v="solid"/>
  </way>
  <way id="185">
    <nd ref="983"/>
    <nd ref="2551"/>
    <nd ref="2550"/>
    <nd ref="2549"/>
    <nd ref="2548"/>
    <nd ref="2547"/>
    <nd ref="2546"/>
    <nd ref="2545"/>
    <nd ref="2544"/>
    <nd ref="2543"/>
    <nd ref="2542"/>
    <nd ref="2541"/>
    <nd ref="2540"/>
    <nd ref="2539"/>
    <nd ref="2538"/>
    <nd ref="2537"/>
    <nd ref="2536"/>
    <nd ref="2535"/>
    <nd ref="2534"/>
    <nd ref="2533"/>
    <nd ref="2532"/>
    <nd ref="2531"/>
    <nd ref="2530"/>
    <nd ref="2529"/>
    <nd ref="2528"/>
    <nd ref="2527"/>
    <nd ref="2526"/>
    <nd ref="2525"/>
    <nd ref="2524"/>
    <nd ref="2523"/>
    <nd ref="2521"/>
    <nd ref="2520"/>
    <nd ref="2519"/>
    <nd ref="2518"/>
    <nd ref="2517"/>
    <nd ref="2516"/>
    <nd ref="2515"/>
    <tag k="type" v="line_thin"/>
    <tag k="subtype" v="solid"/>
  </way>
  <way id="186">
    <nd ref="2515"/>
    <nd ref="2514"/>
    <nd ref="2513"/>
    <tag k="type" v="line_thin"/>
    <tag k="subtype" v="solid"/>
  </way>
  <way id="187">
    <nd ref="1940"/>
    <nd ref="2552"/>
    <nd ref="2553"/>
    <nd ref="2554"/>
    <nd ref="2555"/>
    <nd ref="2556"/>
    <nd ref="2557"/>
    <nd ref="2558"/>
    <nd ref="2559"/>
    <nd ref="2560"/>
    <nd ref="2561"/>
    <nd ref="2562"/>
    <nd ref="2563"/>
    <nd ref="2564"/>
    <nd ref="2565"/>
    <nd ref="2566"/>
    <nd ref="2567"/>
    <nd ref="2568"/>
    <nd ref="2569"/>
    <nd ref="2570"/>
    <nd ref="2571"/>
    <nd ref="2572"/>
    <nd ref="2573"/>
    <nd ref="2574"/>
    <nd ref="2575"/>
    <nd ref="2576"/>
    <nd ref="2577"/>
    <nd ref="2578"/>
    <nd ref="2579"/>
    <nd ref="2580"/>
    <nd ref="2581"/>
    <nd ref="2582"/>
    <nd ref="2583"/>
    <nd ref="2584"/>
    <nd ref="2585"/>
    <nd ref="2586"/>
    <nd ref="2587"/>
    <nd ref="2588"/>
    <nd ref="2589"/>
    <nd ref="2590"/>
    <nd ref="2591"/>
    <nd ref="2592"/>
    <nd ref="2593"/>
    <tag k="type" v="line_thin"/>
    <tag k="subtype" v="solid"/>
  </way>
  <way id="188">
    <nd ref="2593"/>
    <nd ref="2594"/>
    <tag k="type" v="line_thin"/>
    <tag k="subtype" v="solid"/>
  </way>
  <way id="189">
    <nd ref="2595"/>
    <nd ref="2596"/>
    <nd ref="2597"/>
    <nd ref="2598"/>
    <nd ref="2599"/>
    <nd ref="2600"/>
    <nd ref="2601"/>
    <nd ref="2602"/>
    <nd ref="2603"/>
    <nd ref="2604"/>
    <nd ref="2605"/>
    <nd ref="2606"/>
    <nd ref="2607"/>
    <nd ref="2608"/>
    <nd ref="2609"/>
    <nd ref="2610"/>
    <nd ref="2611"/>
    <nd ref="2612"/>
    <nd ref="2613"/>
    <nd ref="2614"/>
    <nd ref="2615"/>
    <nd ref="2616"/>
    <nd ref="2617"/>
    <nd ref="2618"/>
    <nd ref="2619"/>
    <nd ref="2620"/>
    <nd ref="2621"/>
    <nd ref="2622"/>
    <nd ref="2623"/>
    <nd ref="2624"/>
    <nd ref="2625"/>
    <nd ref="2626"/>
    <nd ref="2627"/>
    <nd ref="2628"/>
    <nd ref="2629"/>
    <nd ref="2630"/>
    <nd ref="2631"/>
    <nd ref="2632"/>
    <nd ref="2633"/>
    <nd ref="2634"/>
    <nd ref="2635"/>
    <nd ref="2636"/>
    <nd ref="2637"/>
    <nd ref="2638"/>
    <nd ref="2250"/>
    <tag k="type" v="line_thin"/>
    <tag k="subtype" v="solid"/>
  </way>
  <way id="190">
    <nd ref="2639"/>
    <nd ref="2640"/>
    <nd ref="2641"/>
    <nd ref="2642"/>
    <nd ref="2643"/>
    <nd ref="2644"/>
    <nd ref="2645"/>
    <nd ref="2646"/>
    <nd ref="2647"/>
    <nd ref="2648"/>
    <nd ref="2649"/>
    <nd ref="2650"/>
    <nd ref="2651"/>
    <nd ref="2652"/>
    <nd ref="2653"/>
    <nd ref="2595"/>
    <tag k="type" v="line_thin"/>
    <tag k="subtype" v="solid"/>
  </way>
  <way id="191">
    <nd ref="2654"/>
    <nd ref="2655"/>
    <nd ref="2656"/>
    <tag k="type" v="line_thin"/>
    <tag k="subtype" v="solid"/>
  </way>
  <way id="192">
    <nd ref="2295"/>
    <nd ref="2657"/>
    <nd ref="2658"/>
    <nd ref="2659"/>
    <nd ref="2660"/>
    <nd ref="2661"/>
    <nd ref="2662"/>
    <nd ref="2663"/>
    <nd ref="2664"/>
    <nd ref="2665"/>
    <nd ref="2666"/>
    <nd ref="2667"/>
    <nd ref="2668"/>
    <nd ref="2669"/>
    <nd ref="2670"/>
    <nd ref="2671"/>
    <nd ref="2672"/>
    <nd ref="2673"/>
    <nd ref="2674"/>
    <nd ref="2675"/>
    <nd ref="2676"/>
    <nd ref="2677"/>
    <nd ref="2678"/>
    <nd ref="2679"/>
    <nd ref="2680"/>
    <nd ref="2681"/>
    <nd ref="2682"/>
    <nd ref="2683"/>
    <nd ref="2684"/>
    <nd ref="2685"/>
    <nd ref="2686"/>
    <nd ref="2687"/>
    <nd ref="2688"/>
    <nd ref="2689"/>
    <nd ref="2690"/>
    <nd ref="2691"/>
    <tag k="type" v="line_thin"/>
    <tag k="subtype" v="solid"/>
  </way>
  <way id="193">
    <nd ref="2692"/>
    <nd ref="2693"/>
    <nd ref="2694"/>
    <nd ref="2695"/>
    <nd ref="2696"/>
    <nd ref="2697"/>
    <nd ref="2698"/>
    <nd ref="2699"/>
    <nd ref="2700"/>
    <nd ref="2701"/>
    <nd ref="2702"/>
    <nd ref="2703"/>
    <nd ref="2704"/>
    <nd ref="2705"/>
    <nd ref="2706"/>
    <nd ref="2707"/>
    <nd ref="2708"/>
    <nd ref="2709"/>
    <nd ref="2710"/>
    <nd ref="2711"/>
    <nd ref="2712"/>
    <nd ref="2713"/>
    <nd ref="2714"/>
    <nd ref="2715"/>
    <nd ref="2716"/>
    <nd ref="2717"/>
    <nd ref="2718"/>
    <nd ref="2719"/>
    <nd ref="2720"/>
    <nd ref="2721"/>
    <nd ref="2722"/>
    <nd ref="2723"/>
    <nd ref="2724"/>
    <nd ref="2725"/>
    <nd ref="2654"/>
    <tag k="type" v="line_thin"/>
    <tag k="subtype" v="solid"/>
  </way>
  <way id="194">
    <nd ref="2656"/>
    <nd ref="2655"/>
    <nd ref="2654"/>
    <nd ref="2725"/>
    <nd ref="2724"/>
    <nd ref="2723"/>
    <nd ref="2722"/>
    <nd ref="2721"/>
    <nd ref="2720"/>
    <nd ref="2719"/>
    <nd ref="2718"/>
    <nd ref="2717"/>
    <nd ref="2716"/>
    <nd ref="2715"/>
    <nd ref="2714"/>
    <nd ref="2713"/>
    <nd ref="2712"/>
    <nd ref="2711"/>
    <nd ref="2710"/>
    <nd ref="2709"/>
    <nd ref="2708"/>
    <nd ref="2707"/>
    <nd ref="2706"/>
    <nd ref="2705"/>
    <nd ref="2704"/>
    <nd ref="2703"/>
    <nd ref="2702"/>
    <nd ref="2701"/>
    <nd ref="2700"/>
    <nd ref="2699"/>
    <nd ref="2698"/>
    <nd ref="2697"/>
    <nd ref="2696"/>
    <nd ref="2695"/>
    <nd ref="2694"/>
    <tag k="type" v="line_thin"/>
    <tag k="subtype" v="solid"/>
  </way>
  <way id="195">
    <nd ref="2694"/>
    <nd ref="2693"/>
    <nd ref="2692"/>
    <tag k="type" v="line_thin"/>
    <tag k="subtype" v="solid"/>
  </way>
  <way id="196">
    <nd ref="2726"/>
    <nd ref="2727"/>
    <nd ref="2728"/>
    <nd ref="2729"/>
    <nd ref="2730"/>
    <nd ref="2731"/>
    <nd ref="2732"/>
    <nd ref="2733"/>
    <nd ref="2734"/>
    <nd ref="2735"/>
    <nd ref="2736"/>
    <nd ref="2737"/>
    <nd ref="2738"/>
    <nd ref="2739"/>
    <nd ref="2740"/>
    <nd ref="2741"/>
    <nd ref="2742"/>
    <nd ref="2743"/>
    <nd ref="2744"/>
    <nd ref="2745"/>
    <nd ref="2746"/>
    <nd ref="2747"/>
    <nd ref="2748"/>
    <nd ref="2749"/>
    <nd ref="2750"/>
    <nd ref="2751"/>
    <nd ref="2752"/>
    <nd ref="2753"/>
    <nd ref="2754"/>
    <nd ref="2755"/>
    <nd ref="2756"/>
    <nd ref="2757"/>
    <nd ref="2758"/>
    <nd ref="2759"/>
    <nd ref="2760"/>
    <nd ref="2761"/>
    <nd ref="2762"/>
    <nd ref="2763"/>
    <nd ref="2639"/>
    <tag k="type" v="line_thin"/>
    <tag k="subtype" v="solid"/>
  </way>
  <way id="197">
    <nd ref="2764"/>
    <nd ref="2765"/>
    <nd ref="2766"/>
    <nd ref="2767"/>
    <nd ref="2768"/>
    <nd ref="2769"/>
    <nd ref="2770"/>
    <nd ref="2771"/>
    <nd ref="2772"/>
    <nd ref="2773"/>
    <nd ref="2774"/>
    <tag k="type" v="line_thin"/>
    <tag k="subtype" v="solid"/>
  </way>
  <way id="198">
    <nd ref="2691"/>
    <nd ref="2775"/>
    <nd ref="2776"/>
    <nd ref="2777"/>
    <nd ref="2778"/>
    <nd ref="2779"/>
    <nd ref="2780"/>
    <nd ref="2781"/>
    <nd ref="2782"/>
    <nd ref="2783"/>
    <nd ref="2784"/>
    <nd ref="2785"/>
    <nd ref="2786"/>
    <nd ref="2787"/>
    <nd ref="1151"/>
    <nd ref="1152"/>
    <nd ref="1153"/>
    <nd ref="2788"/>
    <nd ref="2789"/>
    <nd ref="2790"/>
    <tag k="type" v="line_thin"/>
    <tag k="subtype" v="solid"/>
  </way>
  <way id="199">
    <nd ref="2774"/>
    <nd ref="2791"/>
    <tag k="type" v="line_thin"/>
    <tag k="subtype" v="solid"/>
  </way>
  <way id="200">
    <nd ref="2790"/>
    <nd ref="2792"/>
    <nd ref="2793"/>
    <nd ref="2794"/>
    <nd ref="2795"/>
    <nd ref="2796"/>
    <nd ref="2797"/>
    <nd ref="2798"/>
    <nd ref="2262"/>
    <tag k="type" v="line_thin"/>
    <tag k="subtype" v="solid"/>
  </way>
  <way id="201">
    <nd ref="2799"/>
    <nd ref="2800"/>
    <nd ref="2801"/>
    <nd ref="2802"/>
    <nd ref="2803"/>
    <nd ref="2804"/>
    <nd ref="2805"/>
    <nd ref="2806"/>
    <nd ref="2807"/>
    <tag k="type" v="line_thin"/>
    <tag k="subtype" v="solid"/>
  </way>
  <way id="202">
    <nd ref="2807"/>
    <nd ref="2808"/>
    <tag k="type" v="line_thin"/>
    <tag k="subtype" v="solid"/>
  </way>
  <way id="203">
    <nd ref="2809"/>
    <nd ref="2810"/>
    <tag k="type" v="line_thin"/>
    <tag k="subtype" v="solid"/>
  </way>
  <way id="204">
    <nd ref="2811"/>
    <nd ref="2812"/>
    <nd ref="2813"/>
    <nd ref="2814"/>
    <nd ref="2815"/>
    <nd ref="2816"/>
    <nd ref="2817"/>
    <nd ref="2818"/>
    <nd ref="2809"/>
    <tag k="type" v="line_thin"/>
    <tag k="subtype" v="solid"/>
  </way>
  <way id="205">
    <nd ref="2810"/>
    <nd ref="2809"/>
    <nd ref="2818"/>
    <nd ref="2817"/>
    <nd ref="2816"/>
    <nd ref="2815"/>
    <nd ref="2814"/>
    <nd ref="2813"/>
    <tag k="type" v="line_thin"/>
    <tag k="subtype" v="solid"/>
  </way>
  <way id="206">
    <nd ref="2813"/>
    <nd ref="2812"/>
    <nd ref="2811"/>
    <tag k="type" v="line_thin"/>
    <tag k="subtype" v="solid"/>
  </way>
  <way id="207">
    <nd ref="2819"/>
    <nd ref="2820"/>
    <nd ref="2821"/>
    <nd ref="2822"/>
    <nd ref="2823"/>
    <nd ref="2824"/>
    <nd ref="2825"/>
    <nd ref="2826"/>
    <nd ref="2827"/>
    <nd ref="2828"/>
    <nd ref="2829"/>
    <tag k="type" v="line_thin"/>
    <tag k="subtype" v="solid"/>
  </way>
  <way id="208">
    <nd ref="2829"/>
    <nd ref="2830"/>
    <nd ref="2831"/>
    <tag k="type" v="line_thin"/>
    <tag k="subtype" v="solid"/>
  </way>
  <way id="209">
    <nd ref="2832"/>
    <nd ref="2833"/>
    <nd ref="2834"/>
    <nd ref="2835"/>
    <nd ref="2836"/>
    <nd ref="2837"/>
    <nd ref="2838"/>
    <nd ref="2839"/>
    <nd ref="2840"/>
    <nd ref="2841"/>
    <nd ref="2842"/>
    <nd ref="2843"/>
    <nd ref="2844"/>
    <tag k="type" v="line_thin"/>
    <tag k="subtype" v="solid"/>
  </way>
  <way id="210">
    <nd ref="2845"/>
    <nd ref="2846"/>
    <nd ref="2847"/>
    <nd ref="2848"/>
    <nd ref="2849"/>
    <nd ref="2850"/>
    <nd ref="2851"/>
    <nd ref="2852"/>
    <nd ref="2853"/>
    <nd ref="2854"/>
    <nd ref="2855"/>
    <tag k="type" v="line_thin"/>
    <tag k="subtype" v="solid"/>
  </way>
  <way id="211">
    <nd ref="2856"/>
    <nd ref="2857"/>
    <nd ref="2858"/>
    <nd ref="2859"/>
    <nd ref="2860"/>
    <nd ref="2861"/>
    <nd ref="2862"/>
    <nd ref="2863"/>
    <nd ref="2864"/>
    <nd ref="2865"/>
    <nd ref="2866"/>
    <nd ref="2867"/>
    <tag k="type" v="line_thin"/>
    <tag k="subtype" v="solid"/>
  </way>
  <way id="212">
    <nd ref="2868"/>
    <nd ref="2869"/>
    <nd ref="2870"/>
    <nd ref="2871"/>
    <nd ref="2872"/>
    <nd ref="2873"/>
    <nd ref="2874"/>
    <nd ref="2875"/>
    <nd ref="2876"/>
    <nd ref="2877"/>
    <nd ref="2878"/>
    <nd ref="2879"/>
    <nd ref="2880"/>
    <nd ref="2881"/>
    <nd ref="2882"/>
    <nd ref="2883"/>
    <nd ref="2884"/>
    <nd ref="2885"/>
    <nd ref="2886"/>
    <nd ref="2887"/>
    <nd ref="2888"/>
    <nd ref="2889"/>
    <nd ref="2890"/>
    <nd ref="2891"/>
    <nd ref="2892"/>
    <nd ref="2893"/>
    <nd ref="2894"/>
    <nd ref="2895"/>
    <nd ref="2896"/>
    <nd ref="2897"/>
    <nd ref="2898"/>
    <nd ref="2899"/>
    <nd ref="2900"/>
    <nd ref="2901"/>
    <nd ref="2902"/>
    <tag k="type" v="line_thin"/>
    <tag k="subtype" v="solid"/>
  </way>
  <way id="213">
    <nd ref="2903"/>
    <nd ref="2904"/>
    <nd ref="2905"/>
    <nd ref="2906"/>
    <nd ref="2907"/>
    <nd ref="2908"/>
    <nd ref="2909"/>
    <nd ref="2910"/>
    <nd ref="2911"/>
    <nd ref="2912"/>
    <nd ref="2913"/>
    <nd ref="2914"/>
    <nd ref="2915"/>
    <nd ref="2916"/>
    <nd ref="2917"/>
    <nd ref="2918"/>
    <nd ref="2919"/>
    <nd ref="2920"/>
    <nd ref="2921"/>
    <nd ref="2922"/>
    <nd ref="2923"/>
    <nd ref="2924"/>
    <nd ref="2925"/>
    <nd ref="2926"/>
    <nd ref="2927"/>
    <nd ref="2928"/>
    <nd ref="2929"/>
    <nd ref="2930"/>
    <nd ref="2931"/>
    <nd ref="2932"/>
    <nd ref="399"/>
    <tag k="type" v="line_thin"/>
    <tag k="subtype" v="solid"/>
  </way>
  <way id="214">
    <nd ref="411"/>
    <nd ref="410"/>
    <nd ref="409"/>
    <nd ref="408"/>
    <nd ref="407"/>
    <nd ref="406"/>
    <nd ref="405"/>
    <nd ref="404"/>
    <nd ref="403"/>
    <nd ref="402"/>
    <nd ref="401"/>
    <nd ref="400"/>
    <nd ref="399"/>
    <tag k="type" v="line_thin"/>
    <tag k="subtype" v="solid"/>
  </way>
  <way id="215">
    <nd ref="2904"/>
    <nd ref="2903"/>
    <tag k="type" v="line_thin"/>
    <tag k="subtype" v="solid"/>
  </way>
  <way id="216">
    <nd ref="2933"/>
    <nd ref="2934"/>
    <nd ref="2935"/>
    <nd ref="2936"/>
    <nd ref="2937"/>
    <nd ref="2938"/>
    <nd ref="2939"/>
    <nd ref="2940"/>
    <nd ref="2941"/>
    <nd ref="2942"/>
    <nd ref="2943"/>
    <nd ref="2944"/>
    <nd ref="2945"/>
    <nd ref="2946"/>
    <nd ref="2947"/>
    <nd ref="2948"/>
    <nd ref="2949"/>
    <nd ref="2950"/>
    <nd ref="2951"/>
    <nd ref="2952"/>
    <nd ref="2953"/>
    <nd ref="2954"/>
    <nd ref="2955"/>
    <nd ref="2956"/>
    <nd ref="2957"/>
    <nd ref="2958"/>
    <nd ref="2959"/>
    <nd ref="2960"/>
    <nd ref="412"/>
    <tag k="type" v="line_thin"/>
    <tag k="subtype" v="solid"/>
  </way>
  <way id="217">
    <nd ref="2961"/>
    <nd ref="2962"/>
    <nd ref="2963"/>
    <nd ref="2964"/>
    <nd ref="2965"/>
    <nd ref="2966"/>
    <nd ref="2967"/>
    <nd ref="2968"/>
    <nd ref="2969"/>
    <nd ref="2970"/>
    <nd ref="2971"/>
    <nd ref="2972"/>
    <nd ref="2973"/>
    <nd ref="2974"/>
    <nd ref="2975"/>
    <nd ref="2976"/>
    <tag k="type" v="line_thin"/>
    <tag k="subtype" v="solid"/>
  </way>
  <way id="218">
    <nd ref="2977"/>
    <nd ref="2978"/>
    <nd ref="2979"/>
    <nd ref="2980"/>
    <nd ref="2981"/>
    <nd ref="2982"/>
    <tag k="type" v="line_thin"/>
    <tag k="subtype" v="solid"/>
  </way>
  <way id="219">
    <nd ref="2983"/>
    <nd ref="2984"/>
    <nd ref="2985"/>
    <tag k="type" v="line_thin"/>
    <tag k="subtype" v="solid"/>
  </way>
  <way id="220">
    <nd ref="2986"/>
    <nd ref="2987"/>
    <nd ref="2988"/>
    <nd ref="2989"/>
    <nd ref="2990"/>
    <nd ref="2991"/>
    <nd ref="2992"/>
    <nd ref="2993"/>
    <nd ref="2994"/>
    <nd ref="2983"/>
    <tag k="type" v="line_thin"/>
    <tag k="subtype" v="solid"/>
  </way>
  <way id="221">
    <nd ref="2995"/>
    <nd ref="2996"/>
    <nd ref="2997"/>
    <nd ref="2998"/>
    <nd ref="2999"/>
    <nd ref="3000"/>
    <nd ref="3001"/>
    <nd ref="3002"/>
    <nd ref="3003"/>
    <nd ref="3004"/>
    <nd ref="765"/>
    <tag k="type" v="line_thin"/>
    <tag k="subtype" v="solid"/>
  </way>
  <way id="222">
    <nd ref="2240"/>
    <nd ref="3005"/>
    <nd ref="3006"/>
    <nd ref="3007"/>
    <nd ref="1437"/>
    <nd ref="2986"/>
    <tag k="type" v="line_thin"/>
    <tag k="subtype" v="solid"/>
  </way>
  <way id="223">
    <nd ref="2249"/>
    <nd ref="3008"/>
    <nd ref="3009"/>
    <nd ref="3010"/>
    <nd ref="3011"/>
    <nd ref="3012"/>
    <nd ref="3013"/>
    <nd ref="3014"/>
    <nd ref="3015"/>
    <nd ref="3016"/>
    <nd ref="3017"/>
    <nd ref="3018"/>
    <nd ref="3019"/>
    <nd ref="3020"/>
    <nd ref="3021"/>
    <tag k="type" v="line_thin"/>
    <tag k="subtype" v="solid"/>
  </way>
  <way id="224">
    <nd ref="3022"/>
    <nd ref="3023"/>
    <nd ref="3024"/>
    <nd ref="3025"/>
    <nd ref="3026"/>
    <nd ref="3027"/>
    <nd ref="3028"/>
    <nd ref="3029"/>
    <nd ref="3030"/>
    <nd ref="3031"/>
    <nd ref="3032"/>
    <nd ref="1428"/>
    <tag k="type" v="line_thin"/>
    <tag k="subtype" v="solid"/>
  </way>
  <way id="225">
    <nd ref="3021"/>
    <nd ref="3033"/>
    <nd ref="3034"/>
    <nd ref="3035"/>
    <nd ref="3036"/>
    <nd ref="3037"/>
    <nd ref="1428"/>
    <tag k="type" v="line_thin"/>
    <tag k="subtype" v="solid"/>
  </way>
  <way id="226">
    <nd ref="3022"/>
    <nd ref="3038"/>
    <nd ref="3039"/>
    <nd ref="3040"/>
    <nd ref="3041"/>
    <nd ref="3042"/>
    <nd ref="3043"/>
    <nd ref="3044"/>
    <nd ref="3045"/>
    <tag k="type" v="line_thin"/>
    <tag k="subtype" v="solid"/>
  </way>
  <way id="227">
    <nd ref="3021"/>
    <nd ref="3046"/>
    <nd ref="3047"/>
    <nd ref="3048"/>
    <nd ref="3045"/>
    <tag k="type" v="line_thin"/>
    <tag k="subtype" v="solid"/>
  </way>
  <way id="228">
    <nd ref="3049"/>
    <nd ref="3050"/>
    <nd ref="3051"/>
    <nd ref="3052"/>
    <nd ref="3053"/>
    <nd ref="3054"/>
    <nd ref="3055"/>
    <nd ref="3056"/>
    <nd ref="3057"/>
    <nd ref="3058"/>
    <nd ref="3059"/>
    <nd ref="3060"/>
    <nd ref="3061"/>
    <nd ref="3062"/>
    <nd ref="3063"/>
    <nd ref="3064"/>
    <nd ref="3065"/>
    <nd ref="3066"/>
    <nd ref="3067"/>
    <nd ref="3068"/>
    <tag k="type" v="line_thin"/>
    <tag k="subtype" v="solid"/>
  </way>
  <way id="229">
    <nd ref="3069"/>
    <nd ref="3070"/>
    <nd ref="3071"/>
    <tag k="type" v="line_thin"/>
    <tag k="subtype" v="solid"/>
  </way>
  <way id="230">
    <nd ref="2902"/>
    <nd ref="3072"/>
    <nd ref="3073"/>
    <nd ref="3074"/>
    <nd ref="3075"/>
    <nd ref="3076"/>
    <nd ref="3077"/>
    <nd ref="3078"/>
    <nd ref="3079"/>
    <nd ref="3080"/>
    <nd ref="3081"/>
    <nd ref="3082"/>
    <nd ref="3083"/>
    <nd ref="3084"/>
    <nd ref="3085"/>
    <nd ref="3086"/>
    <nd ref="3087"/>
    <nd ref="3088"/>
    <nd ref="3089"/>
    <nd ref="3090"/>
    <nd ref="3091"/>
    <nd ref="3092"/>
    <nd ref="3069"/>
    <tag k="type" v="line_thin"/>
    <tag k="subtype" v="solid"/>
  </way>
  <way id="231">
    <nd ref="3093"/>
    <nd ref="3094"/>
    <nd ref="3095"/>
    <nd ref="3096"/>
    <nd ref="3097"/>
    <nd ref="3098"/>
    <tag k="type" v="line_thin"/>
    <tag k="subtype" v="solid"/>
  </way>
  <way id="232">
    <nd ref="3099"/>
    <nd ref="3100"/>
    <nd ref="3101"/>
    <nd ref="3102"/>
    <nd ref="3103"/>
    <nd ref="3104"/>
    <nd ref="3105"/>
    <nd ref="3106"/>
    <nd ref="3107"/>
    <nd ref="3108"/>
    <nd ref="3109"/>
    <nd ref="3110"/>
    <nd ref="3111"/>
    <nd ref="3112"/>
    <nd ref="3113"/>
    <nd ref="3114"/>
    <nd ref="3115"/>
    <nd ref="3116"/>
    <nd ref="3117"/>
    <nd ref="3118"/>
    <nd ref="3119"/>
    <nd ref="3120"/>
    <nd ref="3121"/>
    <nd ref="3122"/>
    <nd ref="3123"/>
    <nd ref="3124"/>
    <nd ref="3125"/>
    <nd ref="3126"/>
    <nd ref="3127"/>
    <nd ref="3128"/>
    <nd ref="3129"/>
    <nd ref="3130"/>
    <nd ref="3131"/>
    <nd ref="3132"/>
    <nd ref="3133"/>
    <nd ref="3134"/>
    <nd ref="3135"/>
    <nd ref="3136"/>
    <nd ref="3137"/>
    <nd ref="3138"/>
    <tag k="type" v="line_thin"/>
    <tag k="subtype" v="solid"/>
  </way>
  <way id="233">
    <nd ref="3138"/>
    <nd ref="3139"/>
    <nd ref="3140"/>
    <nd ref="3141"/>
    <nd ref="3142"/>
    <nd ref="3143"/>
    <tag k="type" v="line_thin"/>
    <tag k="subtype" v="solid"/>
  </way>
  <way id="234">
    <nd ref="3144"/>
    <nd ref="3145"/>
    <nd ref="3146"/>
    <nd ref="3147"/>
    <nd ref="3148"/>
    <nd ref="3149"/>
    <nd ref="3150"/>
    <nd ref="3151"/>
    <nd ref="3152"/>
    <nd ref="3153"/>
    <nd ref="3154"/>
    <nd ref="3155"/>
    <nd ref="3156"/>
    <nd ref="3157"/>
    <nd ref="3158"/>
    <nd ref="3159"/>
    <nd ref="3160"/>
    <nd ref="3161"/>
    <nd ref="3162"/>
    <nd ref="3163"/>
    <nd ref="3164"/>
    <nd ref="3165"/>
    <nd ref="3166"/>
    <nd ref="3167"/>
    <nd ref="3168"/>
    <nd ref="3169"/>
    <nd ref="3170"/>
    <nd ref="3171"/>
    <nd ref="3172"/>
    <nd ref="3173"/>
    <nd ref="3174"/>
    <nd ref="3175"/>
    <nd ref="3176"/>
    <nd ref="3177"/>
    <nd ref="3178"/>
    <nd ref="3179"/>
    <nd ref="3180"/>
    <nd ref="3181"/>
    <nd ref="3182"/>
    <nd ref="3183"/>
    <tag k="type" v="line_thin"/>
    <tag k="subtype" v="solid"/>
  </way>
  <way id="235">
    <nd ref="3183"/>
    <nd ref="3184"/>
    <nd ref="3185"/>
    <nd ref="3186"/>
    <nd ref="3187"/>
    <nd ref="3188"/>
    <nd ref="3189"/>
    <nd ref="3190"/>
    <nd ref="3191"/>
    <nd ref="3192"/>
    <nd ref="3193"/>
    <nd ref="3194"/>
    <nd ref="3195"/>
    <nd ref="3196"/>
    <nd ref="3197"/>
    <nd ref="3198"/>
    <nd ref="3199"/>
    <nd ref="3200"/>
    <nd ref="3201"/>
    <nd ref="3202"/>
    <nd ref="3203"/>
    <nd ref="3204"/>
    <tag k="type" v="line_thin"/>
    <tag k="subtype" v="solid"/>
  </way>
  <way id="236">
    <nd ref="3204"/>
    <nd ref="3205"/>
    <nd ref="3206"/>
    <nd ref="3207"/>
    <nd ref="3208"/>
    <nd ref="3209"/>
    <nd ref="3210"/>
    <nd ref="3211"/>
    <nd ref="3212"/>
    <nd ref="3213"/>
    <nd ref="3214"/>
    <nd ref="3215"/>
    <nd ref="3216"/>
    <nd ref="3217"/>
    <nd ref="3218"/>
    <nd ref="3219"/>
    <nd ref="3220"/>
    <nd ref="3221"/>
    <nd ref="3222"/>
    <nd ref="3223"/>
    <nd ref="3224"/>
    <nd ref="3225"/>
    <nd ref="3226"/>
    <nd ref="3227"/>
    <nd ref="3228"/>
    <nd ref="3229"/>
    <nd ref="3230"/>
    <nd ref="3231"/>
    <nd ref="3232"/>
    <nd ref="3233"/>
    <nd ref="3234"/>
    <nd ref="3235"/>
    <nd ref="3236"/>
    <nd ref="3237"/>
    <nd ref="3238"/>
    <nd ref="3239"/>
    <nd ref="3240"/>
    <nd ref="3241"/>
    <nd ref="3242"/>
    <nd ref="3243"/>
    <nd ref="3244"/>
    <nd ref="3245"/>
    <nd ref="1527"/>
    <tag k="type" v="line_thin"/>
    <tag k="subtype" v="solid"/>
  </way>
  <way id="237">
    <nd ref="3246"/>
    <nd ref="3247"/>
    <nd ref="3248"/>
    <nd ref="3249"/>
    <nd ref="3250"/>
    <nd ref="3251"/>
    <nd ref="3252"/>
    <nd ref="3253"/>
    <nd ref="3254"/>
    <nd ref="3255"/>
    <nd ref="3256"/>
    <nd ref="3257"/>
    <nd ref="3258"/>
    <nd ref="3259"/>
    <tag k="type" v="line_thin"/>
    <tag k="subtype" v="solid"/>
  </way>
  <way id="238">
    <nd ref="3259"/>
    <nd ref="3260"/>
    <nd ref="3261"/>
    <nd ref="3262"/>
    <nd ref="3263"/>
    <nd ref="3264"/>
    <tag k="type" v="line_thin"/>
    <tag k="subtype" v="solid"/>
  </way>
  <way id="239">
    <nd ref="3265"/>
    <nd ref="3266"/>
    <nd ref="3267"/>
    <nd ref="3268"/>
    <nd ref="3269"/>
    <nd ref="3270"/>
    <nd ref="3271"/>
    <nd ref="3272"/>
    <nd ref="3273"/>
    <nd ref="3274"/>
    <nd ref="3275"/>
    <nd ref="3276"/>
    <tag k="type" v="line_thin"/>
    <tag k="subtype" v="solid"/>
  </way>
  <way id="240">
    <nd ref="3276"/>
    <nd ref="3277"/>
    <nd ref="3278"/>
    <tag k="type" v="line_thin"/>
    <tag k="subtype" v="solid"/>
  </way>
  <way id="241">
    <nd ref="3279"/>
    <nd ref="3280"/>
    <nd ref="3281"/>
    <nd ref="3282"/>
    <nd ref="3283"/>
    <nd ref="3284"/>
    <nd ref="3285"/>
    <nd ref="3286"/>
    <nd ref="3287"/>
    <nd ref="3288"/>
    <nd ref="3289"/>
    <nd ref="3290"/>
    <tag k="type" v="line_thin"/>
    <tag k="subtype" v="solid"/>
  </way>
  <way id="242">
    <nd ref="3291"/>
    <nd ref="3292"/>
    <nd ref="3293"/>
    <nd ref="3294"/>
    <nd ref="3279"/>
    <tag k="type" v="line_thin"/>
    <tag k="subtype" v="solid"/>
  </way>
  <way id="243">
    <nd ref="1181"/>
    <nd ref="3295"/>
    <nd ref="3296"/>
    <nd ref="3297"/>
    <nd ref="3298"/>
    <nd ref="3299"/>
    <nd ref="3300"/>
    <nd ref="3301"/>
    <nd ref="3302"/>
    <nd ref="3303"/>
    <nd ref="3304"/>
    <nd ref="3305"/>
    <nd ref="3306"/>
    <nd ref="3307"/>
    <nd ref="3308"/>
    <tag k="type" v="line_thin"/>
    <tag k="subtype" v="solid"/>
  </way>
  <way id="244">
    <nd ref="3308"/>
    <nd ref="3309"/>
    <nd ref="3310"/>
    <nd ref="3311"/>
    <nd ref="3312"/>
    <nd ref="3291"/>
    <tag k="type" v="line_thin"/>
    <tag k="subtype" v="solid"/>
  </way>
  <way id="245">
    <nd ref="1181"/>
    <nd ref="3313"/>
    <nd ref="3314"/>
    <nd ref="3315"/>
    <nd ref="3316"/>
    <nd ref="3317"/>
    <nd ref="3318"/>
    <nd ref="3319"/>
    <nd ref="3320"/>
    <nd ref="3321"/>
    <nd ref="3322"/>
    <nd ref="3323"/>
    <nd ref="3324"/>
    <nd ref="3325"/>
    <nd ref="3326"/>
    <nd ref="3327"/>
    <nd ref="3328"/>
    <nd ref="3329"/>
    <tag k="type" v="line_thin"/>
    <tag k="subtype" v="solid"/>
  </way>
  <way id="246">
    <nd ref="3330"/>
    <nd ref="3331"/>
    <nd ref="1289"/>
    <tag k="type" v="line_thin"/>
    <tag k="subtype" v="solid"/>
  </way>
  <way id="247">
    <nd ref="1289"/>
    <nd ref="3332"/>
    <nd ref="3333"/>
    <nd ref="3334"/>
    <nd ref="3335"/>
    <nd ref="3336"/>
    <nd ref="3337"/>
    <nd ref="3338"/>
    <nd ref="3279"/>
    <tag k="type" v="line_thin"/>
    <tag k="subtype" v="solid"/>
  </way>
  <way id="248">
    <nd ref="3339"/>
    <nd ref="3340"/>
    <nd ref="3341"/>
    <nd ref="3342"/>
    <nd ref="3343"/>
    <nd ref="3344"/>
    <nd ref="3345"/>
    <nd ref="3346"/>
    <nd ref="3347"/>
    <nd ref="3348"/>
    <tag k="type" v="line_thin"/>
    <tag k="subtype" v="solid"/>
  </way>
  <way id="249">
    <nd ref="3349"/>
    <nd ref="3350"/>
    <nd ref="3351"/>
    <nd ref="3352"/>
    <nd ref="3353"/>
    <nd ref="3354"/>
    <nd ref="3355"/>
    <nd ref="3356"/>
    <nd ref="3357"/>
    <nd ref="3358"/>
    <nd ref="3359"/>
    <nd ref="3360"/>
    <nd ref="3361"/>
    <nd ref="3362"/>
    <nd ref="2320"/>
    <tag k="type" v="line_thin"/>
    <tag k="subtype" v="solid"/>
  </way>
  <way id="250">
    <nd ref="3363"/>
    <nd ref="3364"/>
    <nd ref="3365"/>
    <nd ref="3366"/>
    <nd ref="3367"/>
    <nd ref="3368"/>
    <nd ref="3369"/>
    <nd ref="3370"/>
    <nd ref="3371"/>
    <nd ref="3372"/>
    <nd ref="3373"/>
    <nd ref="3374"/>
    <nd ref="3375"/>
    <nd ref="3376"/>
    <tag k="type" v="line_thin"/>
    <tag k="subtype" v="solid"/>
  </way>
  <way id="251">
    <nd ref="3376"/>
    <nd ref="3377"/>
    <nd ref="3378"/>
    <nd ref="3379"/>
    <nd ref="3380"/>
    <nd ref="3381"/>
    <nd ref="3382"/>
    <nd ref="3383"/>
    <nd ref="3384"/>
    <nd ref="3385"/>
    <tag k="type" v="line_thin"/>
    <tag k="subtype" v="solid"/>
  </way>
  <way id="252">
    <nd ref="1949"/>
    <nd ref="3386"/>
    <nd ref="3387"/>
    <tag k="type" v="line_thin"/>
    <tag k="subtype" v="solid"/>
  </way>
  <way id="253">
    <nd ref="1748"/>
    <nd ref="3388"/>
    <nd ref="3389"/>
    <nd ref="3390"/>
    <nd ref="3391"/>
    <tag k="type" v="line_thin"/>
    <tag k="subtype" v="solid"/>
  </way>
  <way id="254">
    <nd ref="1655"/>
    <nd ref="3392"/>
    <nd ref="3393"/>
    <tag k="type" v="line_thin"/>
    <tag k="subtype" v="solid"/>
  </way>
  <way id="255">
    <nd ref="1311"/>
    <nd ref="1312"/>
    <tag k="type" v="line_thin"/>
    <tag k="subtype" v="solid"/>
  </way>
  <way id="256">
    <nd ref="2425"/>
    <nd ref="3394"/>
    <nd ref="3395"/>
    <nd ref="3396"/>
    <nd ref="3397"/>
    <nd ref="3398"/>
    <nd ref="3399"/>
    <nd ref="3400"/>
    <nd ref="3401"/>
    <nd ref="3402"/>
    <nd ref="3403"/>
    <nd ref="3404"/>
    <nd ref="3405"/>
    <nd ref="3406"/>
    <nd ref="3407"/>
    <nd ref="3408"/>
    <nd ref="3409"/>
    <tag k="type" v="line_thin"/>
    <tag k="subtype" v="solid"/>
  </way>
  <way id="257">
    <nd ref="2417"/>
    <nd ref="3410"/>
    <nd ref="3411"/>
    <nd ref="3412"/>
    <nd ref="3413"/>
    <nd ref="3414"/>
    <nd ref="3415"/>
    <nd ref="3416"/>
    <nd ref="3417"/>
    <nd ref="3418"/>
    <nd ref="3419"/>
    <nd ref="3420"/>
    <nd ref="3421"/>
    <nd ref="3422"/>
    <nd ref="3423"/>
    <nd ref="3424"/>
    <nd ref="3425"/>
    <tag k="type" v="line_thin"/>
    <tag k="subtype" v="solid"/>
  </way>
  <way id="258">
    <nd ref="3426"/>
    <nd ref="3427"/>
    <nd ref="3428"/>
    <tag k="type" v="line_thin"/>
    <tag k="subtype" v="solid"/>
  </way>
  <way id="259">
    <nd ref="3429"/>
    <nd ref="3430"/>
    <nd ref="3431"/>
    <nd ref="3432"/>
    <nd ref="3433"/>
    <nd ref="3434"/>
    <nd ref="3435"/>
    <nd ref="3436"/>
    <nd ref="3437"/>
    <nd ref="3438"/>
    <nd ref="3439"/>
    <nd ref="3440"/>
    <nd ref="3441"/>
    <nd ref="3442"/>
    <nd ref="3443"/>
    <nd ref="3444"/>
    <nd ref="3445"/>
    <nd ref="3446"/>
    <nd ref="3447"/>
    <nd ref="3448"/>
    <nd ref="3449"/>
    <nd ref="3450"/>
    <nd ref="3451"/>
    <nd ref="3452"/>
    <nd ref="3453"/>
    <nd ref="3454"/>
    <nd ref="3455"/>
    <nd ref="3456"/>
    <nd ref="3457"/>
    <nd ref="3458"/>
    <tag k="type" v="line_thin"/>
    <tag k="subtype" v="solid"/>
  </way>
  <way id="260">
    <nd ref="2409"/>
    <nd ref="3459"/>
    <nd ref="3460"/>
    <nd ref="3461"/>
    <nd ref="3462"/>
    <nd ref="3463"/>
    <nd ref="3464"/>
    <nd ref="3465"/>
    <nd ref="3466"/>
    <nd ref="3467"/>
    <nd ref="3468"/>
    <nd ref="3469"/>
    <nd ref="3470"/>
    <nd ref="3471"/>
    <nd ref="3472"/>
    <nd ref="3473"/>
    <nd ref="3474"/>
    <nd ref="3475"/>
    <nd ref="3476"/>
    <nd ref="3477"/>
    <nd ref="3478"/>
    <nd ref="3479"/>
    <nd ref="3480"/>
    <nd ref="3481"/>
    <tag k="type" v="line_thin"/>
    <tag k="subtype" v="solid"/>
  </way>
  <way id="261">
    <nd ref="3482"/>
    <nd ref="3483"/>
    <nd ref="3484"/>
    <nd ref="3485"/>
    <nd ref="3486"/>
    <nd ref="3487"/>
    <nd ref="3488"/>
    <nd ref="3489"/>
    <nd ref="3490"/>
    <nd ref="3491"/>
    <tag k="type" v="line_thin"/>
    <tag k="subtype" v="solid"/>
  </way>
  <way id="262">
    <nd ref="3481"/>
    <nd ref="3492"/>
    <nd ref="3493"/>
    <tag k="type" v="line_thin"/>
    <tag k="subtype" v="solid"/>
  </way>
  <way id="263">
    <nd ref="2425"/>
    <nd ref="3494"/>
    <nd ref="3495"/>
    <nd ref="3496"/>
    <nd ref="3497"/>
    <nd ref="3498"/>
    <nd ref="3499"/>
    <nd ref="3500"/>
    <nd ref="3501"/>
    <nd ref="3502"/>
    <nd ref="3503"/>
    <nd ref="3504"/>
    <nd ref="3505"/>
    <nd ref="3506"/>
    <nd ref="3507"/>
    <nd ref="3508"/>
    <nd ref="3509"/>
    <nd ref="3510"/>
    <nd ref="3426"/>
    <tag k="type" v="line_thin"/>
    <tag k="subtype" v="solid"/>
  </way>
  <way id="264">
    <nd ref="3511"/>
    <nd ref="3512"/>
    <nd ref="3513"/>
    <nd ref="3514"/>
    <nd ref="3515"/>
    <nd ref="3516"/>
    <nd ref="3517"/>
    <nd ref="3518"/>
    <nd ref="3519"/>
    <nd ref="3520"/>
    <nd ref="3521"/>
    <nd ref="3522"/>
    <nd ref="3523"/>
    <nd ref="3524"/>
    <nd ref="3525"/>
    <nd ref="3526"/>
    <nd ref="3527"/>
    <nd ref="3528"/>
    <nd ref="3529"/>
    <nd ref="3530"/>
    <nd ref="3531"/>
    <nd ref="3532"/>
    <nd ref="3533"/>
    <nd ref="3534"/>
    <nd ref="3535"/>
    <nd ref="3536"/>
    <nd ref="3537"/>
    <tag k="type" v="line_thin"/>
    <tag k="subtype" v="solid"/>
  </way>
  <way id="265">
    <nd ref="3538"/>
    <nd ref="3539"/>
    <nd ref="3540"/>
    <nd ref="3541"/>
    <nd ref="3542"/>
    <nd ref="3543"/>
    <nd ref="3544"/>
    <nd ref="3545"/>
    <nd ref="3546"/>
    <nd ref="3547"/>
    <nd ref="3548"/>
    <nd ref="3549"/>
    <nd ref="3550"/>
    <nd ref="3551"/>
    <nd ref="3552"/>
    <nd ref="3553"/>
    <nd ref="3554"/>
    <nd ref="3555"/>
    <nd ref="3556"/>
    <nd ref="3557"/>
    <nd ref="3558"/>
    <nd ref="3559"/>
    <nd ref="3560"/>
    <nd ref="3561"/>
    <nd ref="3562"/>
    <nd ref="3563"/>
    <nd ref="3564"/>
    <nd ref="3565"/>
    <nd ref="3537"/>
    <tag k="type" v="line_thin"/>
    <tag k="subtype" v="solid"/>
  </way>
  <way id="266">
    <nd ref="3458"/>
    <nd ref="3566"/>
    <nd ref="3567"/>
    <nd ref="3568"/>
    <nd ref="3569"/>
    <nd ref="3570"/>
    <nd ref="3571"/>
    <nd ref="3572"/>
    <nd ref="3573"/>
    <nd ref="3574"/>
    <nd ref="3575"/>
    <nd ref="3576"/>
    <nd ref="3577"/>
    <tag k="type" v="line_thin"/>
    <tag k="subtype" v="solid"/>
  </way>
  <way id="267">
    <nd ref="3577"/>
    <nd ref="3578"/>
    <nd ref="1412"/>
    <tag k="type" v="line_thin"/>
    <tag k="subtype" v="solid"/>
  </way>
  <way id="268">
    <nd ref="3537"/>
    <nd ref="3579"/>
    <nd ref="3580"/>
    <nd ref="3581"/>
    <nd ref="3582"/>
    <nd ref="3583"/>
    <nd ref="3584"/>
    <nd ref="3585"/>
    <nd ref="3586"/>
    <nd ref="3587"/>
    <tag k="type" v="line_thin"/>
    <tag k="subtype" v="solid"/>
  </way>
  <way id="269">
    <nd ref="3587"/>
    <nd ref="3588"/>
    <nd ref="3589"/>
    <nd ref="3590"/>
    <nd ref="3591"/>
    <nd ref="3592"/>
    <nd ref="3593"/>
    <nd ref="3594"/>
    <nd ref="3595"/>
    <nd ref="3596"/>
    <nd ref="3597"/>
    <nd ref="3598"/>
    <nd ref="3599"/>
    <nd ref="3600"/>
    <nd ref="3601"/>
    <nd ref="3602"/>
    <nd ref="1977"/>
    <tag k="type" v="line_thin"/>
    <tag k="subtype" v="solid"/>
  </way>
  <way id="270">
    <nd ref="1427"/>
    <nd ref="3603"/>
    <nd ref="3604"/>
    <nd ref="3605"/>
    <nd ref="3606"/>
    <nd ref="3607"/>
    <nd ref="3608"/>
    <nd ref="3609"/>
    <nd ref="3610"/>
    <nd ref="3611"/>
    <nd ref="3612"/>
    <nd ref="3613"/>
    <nd ref="3614"/>
    <nd ref="3615"/>
    <nd ref="3616"/>
    <nd ref="3617"/>
    <nd ref="3618"/>
    <nd ref="3619"/>
    <nd ref="3620"/>
    <nd ref="3621"/>
    <nd ref="3622"/>
    <nd ref="3623"/>
    <nd ref="3624"/>
    <nd ref="3625"/>
    <nd ref="3626"/>
    <nd ref="3627"/>
    <nd ref="3628"/>
    <nd ref="3629"/>
    <nd ref="3630"/>
    <nd ref="3631"/>
    <nd ref="3632"/>
    <nd ref="3633"/>
    <nd ref="3634"/>
    <nd ref="3635"/>
    <nd ref="3636"/>
    <nd ref="3637"/>
    <nd ref="3638"/>
    <nd ref="3639"/>
    <nd ref="3640"/>
    <nd ref="3641"/>
    <nd ref="3642"/>
    <nd ref="3643"/>
    <nd ref="3644"/>
    <nd ref="3645"/>
    <nd ref="1739"/>
    <tag k="type" v="line_thin"/>
    <tag k="subtype" v="solid"/>
  </way>
  <way id="271">
    <nd ref="1739"/>
    <nd ref="3645"/>
    <nd ref="3644"/>
    <nd ref="3643"/>
    <nd ref="3642"/>
    <nd ref="3641"/>
    <nd ref="3640"/>
    <nd ref="3639"/>
    <nd ref="3638"/>
    <nd ref="3637"/>
    <nd ref="3636"/>
    <nd ref="3635"/>
    <nd ref="3634"/>
    <nd ref="3633"/>
    <nd ref="3632"/>
    <nd ref="3631"/>
    <nd ref="3630"/>
    <nd ref="3629"/>
    <nd ref="3628"/>
    <nd ref="3627"/>
    <nd ref="3626"/>
    <nd ref="3625"/>
    <nd ref="3624"/>
    <nd ref="3623"/>
    <nd ref="3622"/>
    <nd ref="3621"/>
    <nd ref="3620"/>
    <nd ref="3619"/>
    <nd ref="3618"/>
    <nd ref="3617"/>
    <nd ref="3616"/>
    <nd ref="3615"/>
    <nd ref="3614"/>
    <nd ref="3613"/>
    <nd ref="3612"/>
    <nd ref="3611"/>
    <nd ref="3610"/>
    <nd ref="3609"/>
    <nd ref="3608"/>
    <nd ref="3607"/>
    <nd ref="3606"/>
    <nd ref="3605"/>
    <nd ref="3604"/>
    <nd ref="3603"/>
    <nd ref="1427"/>
    <tag k="type" v="line_thin"/>
    <tag k="subtype" v="solid"/>
  </way>
  <way id="272">
    <nd ref="1616"/>
    <nd ref="3646"/>
    <nd ref="3647"/>
    <nd ref="3648"/>
    <nd ref="3649"/>
    <nd ref="3650"/>
    <nd ref="3651"/>
    <nd ref="3652"/>
    <nd ref="3653"/>
    <nd ref="3654"/>
    <nd ref="3655"/>
    <nd ref="3656"/>
    <nd ref="3657"/>
    <nd ref="3658"/>
    <nd ref="3659"/>
    <nd ref="3660"/>
    <nd ref="3661"/>
    <nd ref="3662"/>
    <nd ref="3663"/>
    <nd ref="3664"/>
    <nd ref="3665"/>
    <nd ref="3666"/>
    <nd ref="3667"/>
    <nd ref="3668"/>
    <nd ref="3669"/>
    <nd ref="3670"/>
    <nd ref="3671"/>
    <nd ref="3672"/>
    <nd ref="3673"/>
    <nd ref="3674"/>
    <nd ref="3675"/>
    <nd ref="3676"/>
    <nd ref="3677"/>
    <nd ref="3678"/>
    <nd ref="3679"/>
    <nd ref="3680"/>
    <nd ref="3681"/>
    <nd ref="3682"/>
    <nd ref="3683"/>
    <tag k="type" v="line_thin"/>
    <tag k="subtype" v="solid"/>
  </way>
  <way id="273">
    <nd ref="3683"/>
    <nd ref="3684"/>
    <nd ref="3685"/>
    <nd ref="3686"/>
    <nd ref="3687"/>
    <nd ref="3688"/>
    <nd ref="3689"/>
    <nd ref="3690"/>
    <nd ref="3691"/>
    <nd ref="3692"/>
    <nd ref="3693"/>
    <nd ref="1916"/>
    <tag k="type" v="line_thin"/>
    <tag k="subtype" v="solid"/>
  </way>
  <way id="274">
    <nd ref="3694"/>
    <nd ref="3695"/>
    <nd ref="3696"/>
    <nd ref="3697"/>
    <nd ref="3698"/>
    <nd ref="3699"/>
    <nd ref="3700"/>
    <nd ref="3701"/>
    <nd ref="3702"/>
    <nd ref="3703"/>
    <nd ref="3704"/>
    <nd ref="3705"/>
    <nd ref="3706"/>
    <nd ref="3707"/>
    <nd ref="3708"/>
    <nd ref="3709"/>
    <nd ref="3710"/>
    <nd ref="3711"/>
    <nd ref="3712"/>
    <nd ref="3713"/>
    <nd ref="3714"/>
    <nd ref="3715"/>
    <nd ref="3716"/>
    <nd ref="3717"/>
    <nd ref="3718"/>
    <nd ref="3719"/>
    <nd ref="3720"/>
    <nd ref="3721"/>
    <nd ref="3722"/>
    <nd ref="3723"/>
    <nd ref="3724"/>
    <nd ref="3725"/>
    <nd ref="3726"/>
    <nd ref="3727"/>
    <nd ref="3728"/>
    <nd ref="3729"/>
    <nd ref="3730"/>
    <nd ref="3731"/>
    <nd ref="1617"/>
    <tag k="type" v="line_thin"/>
    <tag k="subtype" v="solid"/>
  </way>
  <way id="275">
    <nd ref="1162"/>
    <nd ref="3732"/>
    <nd ref="3733"/>
    <nd ref="3734"/>
    <nd ref="3735"/>
    <nd ref="3736"/>
    <nd ref="3737"/>
    <nd ref="3738"/>
    <nd ref="3739"/>
    <nd ref="3740"/>
    <nd ref="3741"/>
    <nd ref="3742"/>
    <nd ref="3743"/>
    <nd ref="3744"/>
    <nd ref="3745"/>
    <nd ref="3746"/>
    <nd ref="3747"/>
    <nd ref="3748"/>
    <nd ref="3749"/>
    <nd ref="3750"/>
    <nd ref="3751"/>
    <nd ref="3752"/>
    <nd ref="3753"/>
    <nd ref="3754"/>
    <nd ref="3755"/>
    <nd ref="3756"/>
    <nd ref="3757"/>
    <nd ref="3758"/>
    <nd ref="3759"/>
    <nd ref="3760"/>
    <nd ref="3761"/>
    <nd ref="3762"/>
    <nd ref="3763"/>
    <nd ref="3764"/>
    <nd ref="3765"/>
    <nd ref="3766"/>
    <nd ref="3767"/>
    <nd ref="3768"/>
    <nd ref="3769"/>
    <nd ref="3770"/>
    <nd ref="3771"/>
    <nd ref="3772"/>
    <nd ref="3773"/>
    <nd ref="3774"/>
    <nd ref="1478"/>
    <tag k="type" v="line_thin"/>
    <tag k="subtype" v="solid"/>
  </way>
  <way id="276">
    <nd ref="1586"/>
    <nd ref="3775"/>
    <nd ref="3776"/>
    <nd ref="3777"/>
    <nd ref="3778"/>
    <nd ref="3779"/>
    <nd ref="3780"/>
    <nd ref="3781"/>
    <nd ref="3782"/>
    <nd ref="3783"/>
    <nd ref="3784"/>
    <nd ref="3785"/>
    <nd ref="3786"/>
    <nd ref="3787"/>
    <nd ref="3788"/>
    <nd ref="3789"/>
    <nd ref="3790"/>
    <nd ref="3791"/>
    <nd ref="3792"/>
    <nd ref="3793"/>
    <nd ref="3794"/>
    <nd ref="3795"/>
    <nd ref="3796"/>
    <nd ref="3797"/>
    <nd ref="3798"/>
    <nd ref="3799"/>
    <nd ref="3800"/>
    <nd ref="3801"/>
    <nd ref="3802"/>
    <nd ref="3803"/>
    <nd ref="3804"/>
    <nd ref="3805"/>
    <nd ref="3806"/>
    <nd ref="3807"/>
    <nd ref="3808"/>
    <nd ref="3809"/>
    <nd ref="3810"/>
    <nd ref="3811"/>
    <nd ref="3812"/>
    <nd ref="3813"/>
    <nd ref="3814"/>
    <nd ref="3815"/>
    <nd ref="3816"/>
    <nd ref="3817"/>
    <nd ref="3818"/>
    <nd ref="3049"/>
    <tag k="type" v="line_thin"/>
    <tag k="subtype" v="solid"/>
  </way>
  <way id="277">
    <nd ref="1478"/>
    <nd ref="3774"/>
    <nd ref="3773"/>
    <nd ref="3772"/>
    <nd ref="3771"/>
    <nd ref="3770"/>
    <nd ref="3769"/>
    <nd ref="3768"/>
    <nd ref="3767"/>
    <nd ref="3766"/>
    <nd ref="3765"/>
    <nd ref="3764"/>
    <nd ref="3763"/>
    <nd ref="3762"/>
    <nd ref="3761"/>
    <nd ref="3760"/>
    <nd ref="3759"/>
    <nd ref="3758"/>
    <nd ref="3757"/>
    <nd ref="3756"/>
    <nd ref="3755"/>
    <nd ref="3754"/>
    <nd ref="3753"/>
    <nd ref="3752"/>
    <nd ref="3751"/>
    <nd ref="3750"/>
    <nd ref="3749"/>
    <nd ref="3748"/>
    <nd ref="3747"/>
    <nd ref="3746"/>
    <nd ref="3745"/>
    <nd ref="3744"/>
    <nd ref="3743"/>
    <nd ref="3742"/>
    <nd ref="3741"/>
    <nd ref="3740"/>
    <nd ref="3739"/>
    <nd ref="3738"/>
    <nd ref="3737"/>
    <nd ref="3736"/>
    <nd ref="3735"/>
    <nd ref="3734"/>
    <nd ref="3733"/>
    <nd ref="3732"/>
    <tag k="type" v="line_thin"/>
    <tag k="subtype" v="solid"/>
  </way>
  <way id="278">
    <nd ref="3732"/>
    <nd ref="1162"/>
    <tag k="type" v="line_thin"/>
    <tag k="subtype" v="solid"/>
  </way>
  <way id="279">
    <nd ref="3819"/>
    <nd ref="3820"/>
    <nd ref="3821"/>
    <nd ref="3822"/>
    <nd ref="3823"/>
    <nd ref="3824"/>
    <nd ref="3825"/>
    <nd ref="3826"/>
    <nd ref="3827"/>
    <nd ref="3828"/>
    <nd ref="3829"/>
    <nd ref="3830"/>
    <nd ref="3831"/>
    <nd ref="3832"/>
    <nd ref="3833"/>
    <nd ref="3834"/>
    <nd ref="3835"/>
    <nd ref="3836"/>
    <nd ref="3837"/>
    <nd ref="3838"/>
    <nd ref="3839"/>
    <nd ref="3840"/>
    <nd ref="3841"/>
    <nd ref="3842"/>
    <nd ref="3843"/>
    <nd ref="3844"/>
    <nd ref="3845"/>
    <nd ref="3846"/>
    <nd ref="3847"/>
    <nd ref="3848"/>
    <nd ref="3849"/>
    <nd ref="3850"/>
    <nd ref="3851"/>
    <nd ref="3852"/>
    <nd ref="3853"/>
    <nd ref="3854"/>
    <nd ref="3855"/>
    <nd ref="3856"/>
    <nd ref="3857"/>
    <tag k="type" v="line_thin"/>
    <tag k="subtype" v="solid"/>
  </way>
  <way id="280">
    <nd ref="3858"/>
    <nd ref="3859"/>
    <nd ref="3860"/>
    <nd ref="3861"/>
    <nd ref="3862"/>
    <nd ref="3863"/>
    <nd ref="3864"/>
    <nd ref="3865"/>
    <nd ref="3866"/>
    <nd ref="3867"/>
    <nd ref="3868"/>
    <nd ref="3869"/>
    <nd ref="3870"/>
    <nd ref="3871"/>
    <nd ref="3872"/>
    <nd ref="3873"/>
    <nd ref="3874"/>
    <nd ref="3875"/>
    <nd ref="3876"/>
    <nd ref="3877"/>
    <nd ref="3878"/>
    <nd ref="3879"/>
    <nd ref="3880"/>
    <nd ref="3881"/>
    <nd ref="3882"/>
    <nd ref="3883"/>
    <nd ref="3884"/>
    <nd ref="3885"/>
    <nd ref="3886"/>
    <nd ref="3887"/>
    <nd ref="3888"/>
    <nd ref="3889"/>
    <nd ref="3819"/>
    <tag k="type" v="line_thin"/>
    <tag k="subtype" v="solid"/>
  </way>
  <way id="281">
    <nd ref="3857"/>
    <nd ref="3890"/>
    <nd ref="3891"/>
    <nd ref="3892"/>
    <nd ref="3893"/>
    <nd ref="3894"/>
    <nd ref="3895"/>
    <nd ref="3896"/>
    <nd ref="3897"/>
    <nd ref="3898"/>
    <nd ref="3899"/>
    <nd ref="207"/>
    <tag k="type" v="line_thin"/>
    <tag k="subtype" v="solid"/>
  </way>
  <way id="282">
    <nd ref="254"/>
    <nd ref="3900"/>
    <nd ref="3901"/>
    <nd ref="3902"/>
    <nd ref="3903"/>
    <nd ref="3904"/>
    <nd ref="3905"/>
    <nd ref="3906"/>
    <nd ref="3907"/>
    <nd ref="3908"/>
    <nd ref="3909"/>
    <nd ref="3910"/>
    <nd ref="3911"/>
    <nd ref="3912"/>
    <nd ref="3913"/>
    <nd ref="3914"/>
    <nd ref="3915"/>
    <nd ref="3916"/>
    <nd ref="3917"/>
    <nd ref="3918"/>
    <nd ref="3919"/>
    <nd ref="3920"/>
    <nd ref="3921"/>
    <nd ref="3922"/>
    <nd ref="3923"/>
    <tag k="type" v="line_thin"/>
    <tag k="subtype" v="solid"/>
  </way>
  <way id="283">
    <nd ref="2364"/>
    <nd ref="3924"/>
    <nd ref="3925"/>
    <nd ref="3926"/>
    <nd ref="3927"/>
    <nd ref="3928"/>
    <nd ref="3929"/>
    <nd ref="3930"/>
    <nd ref="3931"/>
    <nd ref="3932"/>
    <nd ref="3933"/>
    <nd ref="3934"/>
    <nd ref="3935"/>
    <nd ref="3936"/>
    <nd ref="3937"/>
    <nd ref="3938"/>
    <nd ref="3939"/>
    <nd ref="3940"/>
    <nd ref="3941"/>
    <nd ref="3942"/>
    <nd ref="3943"/>
    <nd ref="3944"/>
    <nd ref="3945"/>
    <nd ref="3946"/>
    <nd ref="3947"/>
    <nd ref="3948"/>
    <nd ref="3949"/>
    <nd ref="3950"/>
    <nd ref="3951"/>
    <nd ref="3952"/>
    <nd ref="3953"/>
    <nd ref="3954"/>
    <nd ref="3955"/>
    <nd ref="3956"/>
    <nd ref="3957"/>
    <nd ref="3958"/>
    <nd ref="3959"/>
    <nd ref="3960"/>
    <nd ref="3961"/>
    <nd ref="3962"/>
    <nd ref="3963"/>
    <nd ref="3964"/>
    <nd ref="3965"/>
    <nd ref="3966"/>
    <nd ref="3967"/>
    <nd ref="3968"/>
    <nd ref="3969"/>
    <nd ref="3970"/>
    <nd ref="3971"/>
    <nd ref="3972"/>
    <nd ref="3973"/>
    <nd ref="3974"/>
    <nd ref="3975"/>
    <nd ref="3976"/>
    <nd ref="3977"/>
    <nd ref="3978"/>
    <nd ref="3979"/>
    <nd ref="3980"/>
    <nd ref="3981"/>
    <nd ref="3982"/>
    <nd ref="3983"/>
    <nd ref="3984"/>
    <nd ref="3985"/>
    <nd ref="3986"/>
    <nd ref="3987"/>
    <tag k="type" v="line_thin"/>
    <tag k="subtype" v="solid"/>
  </way>
  <way id="284">
    <nd ref="3988"/>
    <nd ref="3989"/>
    <nd ref="3990"/>
    <nd ref="3991"/>
    <nd ref="3992"/>
    <nd ref="3993"/>
    <nd ref="3994"/>
    <nd ref="3995"/>
    <nd ref="3996"/>
    <nd ref="3997"/>
    <nd ref="3998"/>
    <tag k="type" v="line_thin"/>
    <tag k="subtype" v="solid"/>
  </way>
  <way id="285">
    <nd ref="3999"/>
    <nd ref="4000"/>
    <nd ref="4001"/>
    <nd ref="4002"/>
    <nd ref="4003"/>
    <nd ref="4004"/>
    <nd ref="4005"/>
    <nd ref="4006"/>
    <nd ref="4007"/>
    <nd ref="4008"/>
    <nd ref="4009"/>
    <nd ref="4010"/>
    <nd ref="4011"/>
    <nd ref="4012"/>
    <nd ref="4013"/>
    <nd ref="4014"/>
    <nd ref="4015"/>
    <nd ref="3022"/>
    <tag k="type" v="line_thin"/>
    <tag k="subtype" v="solid"/>
  </way>
  <way id="286">
    <nd ref="4016"/>
    <nd ref="4017"/>
    <nd ref="4018"/>
    <nd ref="4019"/>
    <nd ref="4020"/>
    <nd ref="4021"/>
    <nd ref="4022"/>
    <nd ref="4023"/>
    <nd ref="4024"/>
    <nd ref="4025"/>
    <nd ref="4026"/>
    <nd ref="4027"/>
    <nd ref="4028"/>
    <nd ref="4029"/>
    <nd ref="4030"/>
    <nd ref="4031"/>
    <nd ref="4032"/>
    <nd ref="4033"/>
    <nd ref="4034"/>
    <nd ref="1442"/>
    <tag k="type" v="line_thin"/>
    <tag k="subtype" v="solid"/>
  </way>
  <way id="287">
    <nd ref="805"/>
    <nd ref="4035"/>
    <nd ref="4036"/>
    <nd ref="4037"/>
    <nd ref="4038"/>
    <nd ref="4039"/>
    <nd ref="4040"/>
    <tag k="type" v="line_thin"/>
    <tag k="subtype" v="solid"/>
  </way>
  <way id="288">
    <nd ref="4041"/>
    <nd ref="4042"/>
    <nd ref="4043"/>
    <nd ref="4044"/>
    <nd ref="4045"/>
    <nd ref="4046"/>
    <nd ref="4047"/>
    <nd ref="4048"/>
    <nd ref="4049"/>
    <nd ref="4050"/>
    <nd ref="4051"/>
    <nd ref="4052"/>
    <nd ref="4053"/>
    <nd ref="4054"/>
    <tag k="type" v="line_thin"/>
    <tag k="subtype" v="solid"/>
  </way>
  <way id="289">
    <nd ref="4055"/>
    <nd ref="4056"/>
    <nd ref="4057"/>
    <nd ref="4058"/>
    <nd ref="4059"/>
    <nd ref="4060"/>
    <nd ref="4061"/>
    <nd ref="4062"/>
    <nd ref="4063"/>
    <nd ref="4064"/>
    <nd ref="4065"/>
    <nd ref="4066"/>
    <nd ref="4067"/>
    <nd ref="4068"/>
    <nd ref="4069"/>
    <nd ref="4070"/>
    <tag k="type" v="line_thin"/>
    <tag k="subtype" v="solid"/>
  </way>
  <way id="290">
    <nd ref="4071"/>
    <nd ref="4072"/>
    <nd ref="4073"/>
    <nd ref="4074"/>
    <nd ref="4075"/>
    <nd ref="4076"/>
    <nd ref="4077"/>
    <nd ref="4078"/>
    <nd ref="4079"/>
    <nd ref="4080"/>
    <tag k="type" v="line_thin"/>
    <tag k="subtype" v="solid"/>
  </way>
  <way id="291">
    <nd ref="4040"/>
    <nd ref="4081"/>
    <tag k="type" v="line_thin"/>
    <tag k="subtype" v="solid"/>
  </way>
  <way id="292">
    <nd ref="4081"/>
    <nd ref="4082"/>
    <nd ref="4083"/>
    <nd ref="4084"/>
    <nd ref="4085"/>
    <nd ref="4086"/>
    <nd ref="4087"/>
    <nd ref="4088"/>
    <tag k="type" v="line_thin"/>
    <tag k="subtype" v="solid"/>
  </way>
  <way id="293">
    <nd ref="4089"/>
    <nd ref="4090"/>
    <nd ref="4091"/>
    <nd ref="4092"/>
    <nd ref="4093"/>
    <nd ref="1319"/>
    <tag k="type" v="line_thin"/>
    <tag k="subtype" v="solid"/>
  </way>
  <way id="294">
    <nd ref="297"/>
    <nd ref="4094"/>
    <nd ref="4095"/>
    <nd ref="4096"/>
    <nd ref="4097"/>
    <nd ref="4098"/>
    <nd ref="4099"/>
    <nd ref="4100"/>
    <nd ref="4101"/>
    <nd ref="4102"/>
    <nd ref="4103"/>
    <nd ref="4104"/>
    <nd ref="4105"/>
    <nd ref="4106"/>
    <nd ref="4107"/>
    <nd ref="4108"/>
    <nd ref="4109"/>
    <nd ref="4110"/>
    <nd ref="4111"/>
    <nd ref="4112"/>
    <nd ref="4113"/>
    <nd ref="4114"/>
    <nd ref="4115"/>
    <nd ref="4116"/>
    <tag k="type" v="line_thin"/>
    <tag k="subtype" v="solid"/>
  </way>
  <way id="295">
    <nd ref="4117"/>
    <nd ref="4118"/>
    <nd ref="4119"/>
    <nd ref="4120"/>
    <nd ref="4121"/>
    <nd ref="4122"/>
    <tag k="type" v="line_thin"/>
    <tag k="subtype" v="solid"/>
  </way>
  <way id="296">
    <nd ref="4123"/>
    <nd ref="4124"/>
    <nd ref="4125"/>
    <nd ref="4126"/>
    <nd ref="4127"/>
    <nd ref="4128"/>
    <nd ref="4129"/>
    <nd ref="4130"/>
    <nd ref="4131"/>
    <nd ref="4132"/>
    <nd ref="4133"/>
    <nd ref="4134"/>
    <tag k="type" v="line_thin"/>
    <tag k="subtype" v="solid"/>
  </way>
  <way id="297">
    <nd ref="4135"/>
    <nd ref="4136"/>
    <nd ref="4137"/>
    <nd ref="4138"/>
    <nd ref="4139"/>
    <nd ref="4140"/>
    <nd ref="4141"/>
    <nd ref="4142"/>
    <nd ref="4143"/>
    <nd ref="4144"/>
    <nd ref="4145"/>
    <nd ref="4146"/>
    <nd ref="4147"/>
    <nd ref="4148"/>
    <nd ref="4149"/>
    <nd ref="4150"/>
    <tag k="type" v="line_thin"/>
    <tag k="subtype" v="solid"/>
  </way>
  <way id="298">
    <nd ref="338"/>
    <nd ref="4151"/>
    <nd ref="4152"/>
    <nd ref="4153"/>
    <nd ref="4154"/>
    <nd ref="4155"/>
    <nd ref="4156"/>
    <nd ref="4157"/>
    <nd ref="4158"/>
    <nd ref="4159"/>
    <nd ref="4160"/>
    <nd ref="4161"/>
    <nd ref="4162"/>
    <nd ref="4163"/>
    <nd ref="4164"/>
    <nd ref="4165"/>
    <nd ref="4166"/>
    <nd ref="4167"/>
    <nd ref="4168"/>
    <nd ref="4169"/>
    <nd ref="4170"/>
    <tag k="type" v="line_thin"/>
    <tag k="subtype" v="solid"/>
  </way>
  <way id="299">
    <nd ref="4171"/>
    <nd ref="4172"/>
    <nd ref="4173"/>
    <nd ref="4174"/>
    <tag k="type" v="line_thin"/>
    <tag k="subtype" v="solid"/>
  </way>
  <way id="300">
    <nd ref="4175"/>
    <nd ref="4176"/>
    <nd ref="4177"/>
    <nd ref="4178"/>
    <tag k="type" v="line_thin"/>
    <tag k="subtype" v="solid"/>
  </way>
  <way id="301">
    <nd ref="4179"/>
    <nd ref="4180"/>
    <nd ref="4181"/>
    <nd ref="4182"/>
    <nd ref="4183"/>
    <nd ref="4184"/>
    <nd ref="4185"/>
    <nd ref="4186"/>
    <nd ref="4187"/>
    <nd ref="4188"/>
    <nd ref="4189"/>
    <nd ref="4190"/>
    <nd ref="4191"/>
    <nd ref="4192"/>
    <nd ref="4193"/>
    <nd ref="4194"/>
    <nd ref="4195"/>
    <nd ref="4196"/>
    <nd ref="4197"/>
    <nd ref="4198"/>
    <nd ref="4199"/>
    <nd ref="4200"/>
    <nd ref="4201"/>
    <nd ref="4202"/>
    <nd ref="4203"/>
    <nd ref="4204"/>
    <nd ref="4205"/>
    <nd ref="4206"/>
    <nd ref="4207"/>
    <nd ref="4208"/>
    <tag k="type" v="line_thin"/>
    <tag k="subtype" v="solid"/>
  </way>
  <way id="302">
    <nd ref="4209"/>
    <nd ref="4210"/>
    <nd ref="4211"/>
    <nd ref="358"/>
    <tag k="type" v="line_thin"/>
    <tag k="subtype" v="solid"/>
  </way>
  <way id="303">
    <nd ref="4212"/>
    <nd ref="4213"/>
    <nd ref="4214"/>
    <nd ref="4215"/>
    <nd ref="4216"/>
    <tag k="type" v="line_thin"/>
    <tag k="subtype" v="solid"/>
  </way>
  <way id="304">
    <nd ref="4217"/>
    <nd ref="4218"/>
    <nd ref="4219"/>
    <nd ref="4220"/>
    <nd ref="4221"/>
    <nd ref="4222"/>
    <nd ref="4223"/>
    <nd ref="4224"/>
    <nd ref="4225"/>
    <nd ref="4226"/>
    <nd ref="4227"/>
    <nd ref="4228"/>
    <nd ref="4229"/>
    <nd ref="4230"/>
    <nd ref="4231"/>
    <nd ref="4232"/>
    <nd ref="4233"/>
    <nd ref="4234"/>
    <tag k="type" v="line_thin"/>
    <tag k="subtype" v="solid"/>
  </way>
  <way id="305">
    <nd ref="4235"/>
    <nd ref="4236"/>
    <nd ref="4237"/>
    <tag k="type" v="line_thin"/>
    <tag k="subtype" v="solid"/>
  </way>
  <way id="306">
    <nd ref="4238"/>
    <nd ref="4239"/>
    <nd ref="4240"/>
    <nd ref="4241"/>
    <nd ref="4242"/>
    <nd ref="4243"/>
    <nd ref="4244"/>
    <nd ref="4245"/>
    <nd ref="4246"/>
    <nd ref="4247"/>
    <nd ref="4248"/>
    <nd ref="4249"/>
    <nd ref="4250"/>
    <nd ref="4251"/>
    <nd ref="4252"/>
    <tag k="type" v="line_thin"/>
    <tag k="subtype" v="solid"/>
  </way>
  <way id="307">
    <nd ref="399"/>
    <nd ref="2932"/>
    <nd ref="2931"/>
    <nd ref="2930"/>
    <nd ref="2929"/>
    <nd ref="2928"/>
    <nd ref="2927"/>
    <nd ref="2926"/>
    <nd ref="2925"/>
    <nd ref="2924"/>
    <nd ref="2923"/>
    <nd ref="2922"/>
    <nd ref="2921"/>
    <nd ref="2920"/>
    <nd ref="2919"/>
    <nd ref="2918"/>
    <nd ref="2917"/>
    <nd ref="2916"/>
    <nd ref="2915"/>
    <nd ref="2914"/>
    <nd ref="2913"/>
    <nd ref="2912"/>
    <nd ref="2911"/>
    <nd ref="2910"/>
    <nd ref="2909"/>
    <nd ref="2908"/>
    <nd ref="2907"/>
    <nd ref="2906"/>
    <nd ref="2905"/>
    <nd ref="2904"/>
    <tag k="type" v="line_thin"/>
    <tag k="subtype" v="solid"/>
  </way>
  <relation id="1.0">
    <member type="way" ref="1" role="left"/>
    <member type="way" ref="2" role="right"/>
    <member type="way" ref="3" role="centerline"/>
    <tag k="type" v="lanelet"/>
    <tag k="subtype" v="road"/>
    <tag k="id" v="1.0"/>
  </relation>
  <relation id="10.0">
    <member type="way" ref="4" role="left"/>
    <member type="way" ref="5" role="right"/>
    <member type="way" ref="6" role="centerline"/>
    <tag k="type" v="lanelet"/>
    <tag k="subtype" v="road"/>
    <tag k="id" v="10.0"/>
  </relation>
  <relation id="11.0">
    <member type="way" ref="7" role="left"/>
    <member type="way" ref="8" role="right"/>
    <member type="way" ref="9" role="centerline"/>
    <tag k="type" v="lanelet"/>
    <tag k="subtype" v="road"/>
    <tag k="id" v="11.0"/>
  </relation>
  <relation id="12.0">
    <member type="way" ref="10" role="left"/>
    <member type="way" ref="11" role="right"/>
    <member type="way" ref="12" role="centerline"/>
    <tag k="type" v="lanelet"/>
    <tag k="subtype" v="road"/>
    <tag k="id" v="12.0"/>
  </relation>
  <relation id="13.0">
    <member type="way" ref="13" role="left"/>
    <member type="way" ref="14" role="right"/>
    <member type="way" ref="15" role="centerline"/>
    <tag k="type" v="lanelet"/>
    <tag k="subtype" v="road"/>
    <tag k="id" v="13.0"/>
  </relation>
  <relation id="14.0">
    <member type="way" ref="16" role="left"/>
    <member type="way" ref="17" role="right"/>
    <member type="way" ref="18" role="centerline"/>
    <tag k="type" v="lanelet"/>
    <tag k="subtype" v="road"/>
    <tag k="id" v="14.0"/>
  </relation>
  <relation id="15.0">
    <member type="way" ref="19" role="left"/>
    <member type="way" ref="20" role="right"/>
    <member type="way" ref="21" role="centerline"/>
    <tag k="type" v="lanelet"/>
    <tag k="subtype" v="road"/>
    <tag k="id" v="15.0"/>
  </relation>
  <relation id="16.0">
    <member type="way" ref="22" role="left"/>
    <member type="way" ref="23" role="right"/>
    <member type="way" ref="24" role="centerline"/>
    <tag k="type" v="lanelet"/>
    <tag k="subtype" v="road"/>
    <tag k="id" v="16.0"/>
  </relation>
  <relation id="17.0">
    <member type="way" ref="25" role="left"/>
    <member type="way" ref="26" role="right"/>
    <member type="way" ref="27" role="centerline"/>
    <tag k="type" v="lanelet"/>
    <tag k="subtype" v="road"/>
    <tag k="id" v="17.0"/>
  </relation>
  <relation id="18.0">
    <member type="way" ref="28" role="left"/>
    <member type="way" ref="29" role="right"/>
    <member type="way" ref="30" role="centerline"/>
    <tag k="type" v="lanelet"/>
    <tag k="subtype" v="road"/>
    <tag k="id" v="18.0"/>
  </relation>
  <relation id="19.0">
    <member type="way" ref="31" role="left"/>
    <member type="way" ref="32" role="right"/>
    <member type="way" ref="33" role="centerline"/>
    <tag k="type" v="lanelet"/>
    <tag k="subtype" v="road"/>
    <tag k="id" v="19.0"/>
  </relation>
  <relation id="2.0">
    <member type="way" ref="34" role="left"/>
    <member type="way" ref="35" role="right"/>
    <member type="way" ref="36" role="centerline"/>
    <tag k="type" v="lanelet"/>
    <tag k="subtype" v="road"/>
    <tag k="id" v="2.0"/>
  </relation>
  <relation id="20.0">
    <member type="way" ref="37" role="left"/>
    <member type="way" ref="38" role="right"/>
    <member type="way" ref="39" role="centerline"/>
    <tag k="type" v="lanelet"/>
    <tag k="subtype" v="road"/>
    <tag k="id" v="20.0"/>
  </relation>
  <relation id="21.0">
    <member type="way" ref="40" role="left"/>
    <member type="way" ref="41" role="right"/>
    <member type="way" ref="42" role="centerline"/>
    <tag k="type" v="lanelet"/>
    <tag k="subtype" v="road"/>
    <tag k="id" v="21.0"/>
  </relation>
  <relation id="3.0">
    <member type="way" ref="43" role="left"/>
    <member type="way" ref="44" role="right"/>
    <member type="way" ref="45" role="centerline"/>
    <tag k="type" v="lanelet"/>
    <tag k="subtype" v="road"/>
    <tag k="id" v="3.0"/>
  </relation>
  <relation id="4.0">
    <member type="way" ref="46" role="left"/>
    <member type="way" ref="47" role="right"/>
    <member type="way" ref="48" role="centerline"/>
    <tag k="type" v="lanelet"/>
    <tag k="subtype" v="road"/>
    <tag k="id" v="4.0"/>
  </relation>
  <relation id="5.0">
    <member type="way" ref="49" role="left"/>
    <member type="way" ref="50" role="right"/>
    <member type="way" ref="51" role="centerline"/>
    <tag k="type" v="lanelet"/>
    <tag k="subtype" v="road"/>
    <tag k="id" v="5.0"/>
  </relation>
  <relation id="6.0">
    <member type="way" ref="52" role="left"/>
    <member type="way" ref="53" role="right"/>
    <member type="way" ref="54" role="centerline"/>
    <tag k="type" v="lanelet"/>
    <tag k="subtype" v="road"/>
    <tag k="id" v="6.0"/>
  </relation>
  <relation id="7.0">
    <member type="way" ref="55" role="left"/>
    <member type="way" ref="56" role="right"/>
    <member type="way" ref="57" role="centerline"/>
    <tag k="type" v="lanelet"/>
    <tag k="subtype" v="road"/>
    <tag k="id" v="7.0"/>
  </relation>
  <relation id="8.0">
    <member type="way" ref="58" role="left"/>
    <member type="way" ref="59" role="right"/>
    <member type="way" ref="60" role="centerline"/>
    <tag k="type" v="lanelet"/>
    <tag k="subtype" v="road"/>
    <tag k="id" v="8.0"/>
  </relation>
  <relation id="9.0">
    <member type="way" ref="61" role="left"/>
    <member type="way" ref="62" role="right"/>
    <member type="way" ref="63" role="centerline"/>
    <tag k="type" v="lanelet"/>
    <tag k="subtype" v="road"/>
    <tag k="id" v="9.0"/>
  </relation>
</osm>
