<?xml version='1.0' encoding='UTF-8'?>
<osm version="0.6" generator="qgis_to_lanelet2">
  <node version="1" id="1" lat="37.2388375" lon="126.7728762"/>
  <node version="1" id="2" lat="37.238843" lon="126.7728795"/>
  <node version="1" id="3" lat="37.2388625" lon="126.7728924"/>
  <node version="1" id="4" lat="37.2388821" lon="126.7729052"/>
  <node version="1" id="5" lat="37.2389016" lon="126.7729181"/>
  <node version="1" id="6" lat="37.2389241" lon="126.7729328"/>
  <node version="1" id="7" lat="37.23894" lon="126.7729435"/>
  <node version="1" id="8" lat="37.2389528" lon="126.7729521"/>
  <node version="1" id="9" lat="37.2389657" lon="126.7729607"/>
  <node version="1" id="10" lat="37.2389844" lon="126.7729729"/>
  <node version="1" id="11" lat="37.2389913" lon="126.7729774"/>
  <node version="1" id="12" lat="37.2390038" lon="126.7729855"/>
  <node version="1" id="13" lat="37.2390102" lon="126.7729895"/>
  <node version="1" id="14" lat="37.2390187" lon="126.7729952"/>
  <node version="1" id="15" lat="37.2390269" lon="126.7730008"/>
  <node version="1" id="16" lat="37.2390355" lon="126.7730062"/>
  <node version="1" id="17" lat="37.2390497" lon="126.7730157"/>
  <node version="1" id="18" lat="37.2390664" lon="126.7730268"/>
  <node version="1" id="19" lat="37.2390809" lon="126.7730362"/>
  <node version="1" id="20" lat="37.2390894" lon="126.773042"/>
  <node version="1" id="21" lat="37.2390983" lon="126.7730477"/>
  <node version="1" id="22" lat="37.2391137" lon="126.7730577"/>
  <node version="1" id="23" lat="37.2391239" lon="126.7730643"/>
  <node version="1" id="24" lat="37.239131" lon="126.773069"/>
  <node version="1" id="25" lat="37.2391432" lon="126.7730769"/>
  <node version="1" id="26" lat="37.2391522" lon="126.7730829"/>
  <node version="1" id="27" lat="37.2391618" lon="126.773089"/>
  <node version="1" id="28" lat="37.2391656" lon="126.7730915"/>
  <node version="1" id="29" lat="37.2391772" lon="126.7730991"/>
  <node version="1" id="30" lat="37.2391874" lon="126.7731058"/>
  <node version="1" id="31" lat="37.2392007" lon="126.7731145"/>
  <node version="1" id="32" lat="37.239208" lon="126.7731193"/>
  <node version="1" id="33" lat="37.23922" lon="126.7731273"/>
  <node version="1" id="34" lat="37.23923" lon="126.7731339"/>
  <node version="1" id="35" lat="37.2392399" lon="126.7731403"/>
  <node version="1" id="36" lat="37.2392521" lon="126.7731484"/>
  <node version="1" id="37" lat="37.2392719" lon="126.7731613"/>
  <node version="1" id="38" lat="37.2392884" lon="126.773172"/>
  <node version="1" id="39" lat="37.2392987" lon="126.7731789"/>
  <node version="1" id="40" lat="37.239318" lon="126.7731916"/>
  <node version="1" id="41" lat="37.2393367" lon="126.7732037"/>
  <node version="1" id="42" lat="37.239346" lon="126.77321"/>
  <node version="1" id="43" lat="37.2393547" lon="126.7732154"/>
  <node version="1" id="44" lat="37.2393641" lon="126.7732218"/>
  <node version="1" id="45" lat="37.2393742" lon="126.7732286"/>
  <node version="1" id="46" lat="37.239383" lon="126.773234"/>
  <node version="1" id="47" lat="37.2393996" lon="126.7732452"/>
  <node version="1" id="48" lat="37.2394149" lon="126.773255"/>
  <node version="1" id="49" lat="37.2394232" lon="126.7732605"/>
  <node version="1" id="50" lat="37.2394309" lon="126.7732654"/>
  <node version="1" id="51" lat="37.239446" lon="126.7732755"/>
  <node version="1" id="52" lat="37.2394613" lon="126.7732855"/>
  <node version="1" id="53" lat="37.2394717" lon="126.7732921"/>
  <node version="1" id="54" lat="37.2394864" lon="126.773302"/>
  <node version="1" id="55" lat="37.2394922" lon="126.7733056"/>
  <node version="1" id="56" lat="37.2394974" lon="126.7733091"/>
  <node version="1" id="57" lat="37.2395069" lon="126.7733153"/>
  <node version="1" id="58" lat="37.2395205" lon="126.7733243"/>
  <node version="1" id="59" lat="37.2395259" lon="126.773328"/>
  <node version="1" id="60" lat="37.2395398" lon="126.7733368"/>
  <node version="1" id="61" lat="37.2395483" lon="126.7733426"/>
  <node version="1" id="62" lat="37.2395543" lon="126.7733466"/>
  <node version="1" id="63" lat="37.2395628" lon="126.7733521"/>
  <node version="1" id="64" lat="37.2395723" lon="126.7733584"/>
  <node version="1" id="65" lat="37.2395765" lon="126.7733612"/>
  <node version="1" id="66" lat="37.2395946" lon="126.7733734"/>
  <node version="1" id="67" lat="37.2396069" lon="126.7733815"/>
  <node version="1" id="68" lat="37.2396165" lon="126.7733879"/>
  <node version="1" id="69" lat="37.2396283" lon="126.7733957"/>
  <node version="1" id="70" lat="37.2396386" lon="126.7734028"/>
  <node version="1" id="71" lat="37.2396214" lon="126.7734456"/>
  <node version="1" id="72" lat="37.2396177" lon="126.773442"/>
  <node version="1" id="73" lat="37.2396075" lon="126.7734336"/>
  <node version="1" id="74" lat="37.239595" lon="126.7734243"/>
  <node version="1" id="75" lat="37.239576" lon="126.7734114"/>
  <node version="1" id="76" lat="37.2395603" lon="126.7734009"/>
  <node version="1" id="77" lat="37.2395378" lon="126.7733866"/>
  <node version="1" id="78" lat="37.2395181" lon="126.7733739"/>
  <node version="1" id="79" lat="37.2395057" lon="126.7733658"/>
  <node version="1" id="80" lat="37.2394938" lon="126.773358"/>
  <node version="1" id="81" lat="37.2394818" lon="126.7733501"/>
  <node version="1" id="82" lat="37.2394698" lon="126.7733423"/>
  <node version="1" id="83" lat="37.2394578" lon="126.7733344"/>
  <node version="1" id="84" lat="37.2394459" lon="126.7733266"/>
  <node version="1" id="85" lat="37.2394339" lon="126.7733187"/>
  <node version="1" id="86" lat="37.2394219" lon="126.7733109"/>
  <node version="1" id="87" lat="37.2394099" lon="126.773303"/>
  <node version="1" id="88" lat="37.239398" lon="126.7732952"/>
  <node version="1" id="89" lat="37.239386" lon="126.7732873"/>
  <node version="1" id="90" lat="37.239374" lon="126.7732795"/>
  <node version="1" id="91" lat="37.239362" lon="126.7732716"/>
  <node version="1" id="92" lat="37.2393501" lon="126.7732638"/>
  <node version="1" id="93" lat="37.2393381" lon="126.7732559"/>
  <node version="1" id="94" lat="37.2393261" lon="126.7732481"/>
  <node version="1" id="95" lat="37.2393141" lon="126.7732402"/>
  <node version="1" id="96" lat="37.2393022" lon="126.7732324"/>
  <node version="1" id="97" lat="37.2392902" lon="126.7732245"/>
  <node version="1" id="98" lat="37.2392782" lon="126.7732167"/>
  <node version="1" id="99" lat="37.2392662" lon="126.7732088"/>
  <node version="1" id="100" lat="37.2392543" lon="126.773201"/>
  <node version="1" id="101" lat="37.2392423" lon="126.7731931"/>
  <node version="1" id="102" lat="37.2392303" lon="126.7731853"/>
  <node version="1" id="103" lat="37.2392183" lon="126.7731774"/>
  <node version="1" id="104" lat="37.2392064" lon="126.7731696"/>
  <node version="1" id="105" lat="37.2391944" lon="126.7731617"/>
  <node version="1" id="106" lat="37.2391824" lon="126.7731539"/>
  <node version="1" id="107" lat="37.2391704" lon="126.773146"/>
  <node version="1" id="108" lat="37.2391585" lon="126.7731382"/>
  <node version="1" id="109" lat="37.2391465" lon="126.7731303"/>
  <node version="1" id="110" lat="37.2391345" lon="126.7731225"/>
  <node version="1" id="111" lat="37.2391225" lon="126.7731147"/>
  <node version="1" id="112" lat="37.2391105" lon="126.7731068"/>
  <node version="1" id="113" lat="37.2390986" lon="126.773099"/>
  <node version="1" id="114" lat="37.2390866" lon="126.7730911"/>
  <node version="1" id="115" lat="37.2390746" lon="126.7730833"/>
  <node version="1" id="116" lat="37.2390627" lon="126.7730754"/>
  <node version="1" id="117" lat="37.2390507" lon="126.7730676"/>
  <node version="1" id="118" lat="37.2390387" lon="126.7730597"/>
  <node version="1" id="119" lat="37.2390267" lon="126.7730519"/>
  <node version="1" id="120" lat="37.2390119" lon="126.7730423"/>
  <node version="1" id="121" lat="37.2389879" lon="126.7730268"/>
  <node version="1" id="122" lat="37.238984" lon="126.7730242"/>
  <node version="1" id="123" lat="37.2389603" lon="126.7730084"/>
  <node version="1" id="124" lat="37.2389482" lon="126.7730003"/>
  <node version="1" id="125" lat="37.2389361" lon="126.7729921"/>
  <node version="1" id="126" lat="37.2389316" lon="126.7729892"/>
  <node version="1" id="127" lat="37.2388268" lon="126.7729202"/>
  <node version="1" id="128" lat="37.2388322" lon="126.7728982"/>
  <node version="1" id="129" lat="37.2388385" lon="126.7729024"/>
  <node version="1" id="130" lat="37.2388448" lon="126.7729066"/>
  <node version="1" id="131" lat="37.2388512" lon="126.7729107"/>
  <node version="1" id="132" lat="37.2388575" lon="126.7729149"/>
  <node version="1" id="133" lat="37.2388638" lon="126.7729191"/>
  <node version="1" id="134" lat="37.2388702" lon="126.7729233"/>
  <node version="1" id="135" lat="37.2388765" lon="126.7729274"/>
  <node version="1" id="136" lat="37.2388828" lon="126.7729316"/>
  <node version="1" id="137" lat="37.2388892" lon="126.7729358"/>
  <node version="1" id="138" lat="37.2388955" lon="126.77294"/>
  <node version="1" id="139" lat="37.2389018" lon="126.7729441"/>
  <node version="1" id="140" lat="37.2389082" lon="126.7729483"/>
  <node version="1" id="141" lat="37.2389145" lon="126.7729525"/>
  <node version="1" id="142" lat="37.2389208" lon="126.7729567"/>
  <node version="1" id="143" lat="37.2389272" lon="126.7729609"/>
  <node version="1" id="144" lat="37.2389335" lon="126.772965"/>
  <node version="1" id="145" lat="37.2389398" lon="126.7729692"/>
  <node version="1" id="146" lat="37.2389462" lon="126.7729734"/>
  <node version="1" id="147" lat="37.2389525" lon="126.7729776"/>
  <node version="1" id="148" lat="37.2389588" lon="126.7729817"/>
  <node version="1" id="149" lat="37.2389651" lon="126.7729859"/>
  <node version="1" id="150" lat="37.2389715" lon="126.7729901"/>
  <node version="1" id="151" lat="37.2389778" lon="126.7729943"/>
  <node version="1" id="152" lat="37.2389841" lon="126.7729984"/>
  <node version="1" id="153" lat="37.2389905" lon="126.7730026"/>
  <node version="1" id="154" lat="37.2389968" lon="126.7730068"/>
  <node version="1" id="155" lat="37.2390032" lon="126.7730109"/>
  <node version="1" id="156" lat="37.2390095" lon="126.7730151"/>
  <node version="1" id="157" lat="37.2390158" lon="126.7730192"/>
  <node version="1" id="158" lat="37.2390222" lon="126.7730234"/>
  <node version="1" id="159" lat="37.2390285" lon="126.7730275"/>
  <node version="1" id="160" lat="37.2390349" lon="126.7730317"/>
  <node version="1" id="161" lat="37.2390412" lon="126.7730358"/>
  <node version="1" id="162" lat="37.2390475" lon="126.77304"/>
  <node version="1" id="163" lat="37.2390539" lon="126.7730442"/>
  <node version="1" id="164" lat="37.2390602" lon="126.7730483"/>
  <node version="1" id="165" lat="37.2390666" lon="126.7730525"/>
  <node version="1" id="166" lat="37.2390729" lon="126.7730566"/>
  <node version="1" id="167" lat="37.2390793" lon="126.7730608"/>
  <node version="1" id="168" lat="37.2390856" lon="126.7730649"/>
  <node version="1" id="169" lat="37.2390919" lon="126.7730691"/>
  <node version="1" id="170" lat="37.2390983" lon="126.7730732"/>
  <node version="1" id="171" lat="37.2391046" lon="126.7730774"/>
  <node version="1" id="172" lat="37.239111" lon="126.7730815"/>
  <node version="1" id="173" lat="37.2391173" lon="126.7730857"/>
  <node version="1" id="174" lat="37.2391236" lon="126.7730898"/>
  <node version="1" id="175" lat="37.23913" lon="126.773094"/>
  <node version="1" id="176" lat="37.2391363" lon="126.7730981"/>
  <node version="1" id="177" lat="37.2391427" lon="126.7731023"/>
  <node version="1" id="178" lat="37.239149" lon="126.7731064"/>
  <node version="1" id="179" lat="37.2391554" lon="126.7731106"/>
  <node version="1" id="180" lat="37.2391617" lon="126.7731147"/>
  <node version="1" id="181" lat="37.239168" lon="126.7731189"/>
  <node version="1" id="182" lat="37.2391744" lon="126.773123"/>
  <node version="1" id="183" lat="37.2391807" lon="126.7731272"/>
  <node version="1" id="184" lat="37.2391871" lon="126.7731314"/>
  <node version="1" id="185" lat="37.2391934" lon="126.7731355"/>
  <node version="1" id="186" lat="37.2391997" lon="126.7731397"/>
  <node version="1" id="187" lat="37.2392061" lon="126.7731438"/>
  <node version="1" id="188" lat="37.2392124" lon="126.773148"/>
  <node version="1" id="189" lat="37.2392188" lon="126.7731521"/>
  <node version="1" id="190" lat="37.2392251" lon="126.7731563"/>
  <node version="1" id="191" lat="37.2392315" lon="126.7731604"/>
  <node version="1" id="192" lat="37.2392378" lon="126.7731646"/>
  <node version="1" id="193" lat="37.2392441" lon="126.7731687"/>
  <node version="1" id="194" lat="37.2392505" lon="126.7731729"/>
  <node version="1" id="195" lat="37.2392568" lon="126.773177"/>
  <node version="1" id="196" lat="37.2392632" lon="126.7731812"/>
  <node version="1" id="197" lat="37.2392695" lon="126.7731853"/>
  <node version="1" id="198" lat="37.2392759" lon="126.7731895"/>
  <node version="1" id="199" lat="37.2392822" lon="126.7731936"/>
  <node version="1" id="200" lat="37.2392885" lon="126.7731978"/>
  <node version="1" id="201" lat="37.2392949" lon="126.7732019"/>
  <node version="1" id="202" lat="37.2393012" lon="126.7732061"/>
  <node version="1" id="203" lat="37.2393076" lon="126.7732102"/>
  <node version="1" id="204" lat="37.2393139" lon="126.7732144"/>
  <node version="1" id="205" lat="37.2393202" lon="126.7732186"/>
  <node version="1" id="206" lat="37.2393266" lon="126.7732227"/>
  <node version="1" id="207" lat="37.2393329" lon="126.7732269"/>
  <node version="1" id="208" lat="37.2393393" lon="126.773231"/>
  <node version="1" id="209" lat="37.2393456" lon="126.7732352"/>
  <node version="1" id="210" lat="37.239352" lon="126.7732393"/>
  <node version="1" id="211" lat="37.2393583" lon="126.7732435"/>
  <node version="1" id="212" lat="37.2393646" lon="126.7732476"/>
  <node version="1" id="213" lat="37.239371" lon="126.7732518"/>
  <node version="1" id="214" lat="37.2393773" lon="126.7732559"/>
  <node version="1" id="215" lat="37.2393837" lon="126.7732601"/>
  <node version="1" id="216" lat="37.23939" lon="126.7732642"/>
  <node version="1" id="217" lat="37.2393963" lon="126.7732684"/>
  <node version="1" id="218" lat="37.2394027" lon="126.7732725"/>
  <node version="1" id="219" lat="37.239409" lon="126.7732767"/>
  <node version="1" id="220" lat="37.2394154" lon="126.7732808"/>
  <node version="1" id="221" lat="37.2394217" lon="126.773285"/>
  <node version="1" id="222" lat="37.2394281" lon="126.7732891"/>
  <node version="1" id="223" lat="37.2394344" lon="126.7732933"/>
  <node version="1" id="224" lat="37.2394407" lon="126.7732974"/>
  <node version="1" id="225" lat="37.2394471" lon="126.7733016"/>
  <node version="1" id="226" lat="37.2394534" lon="126.7733058"/>
  <node version="1" id="227" lat="37.2394598" lon="126.7733099"/>
  <node version="1" id="228" lat="37.2394661" lon="126.7733141"/>
  <node version="1" id="229" lat="37.2394724" lon="126.7733182"/>
  <node version="1" id="230" lat="37.2394788" lon="126.7733224"/>
  <node version="1" id="231" lat="37.2394851" lon="126.7733265"/>
  <node version="1" id="232" lat="37.2394915" lon="126.7733307"/>
  <node version="1" id="233" lat="37.2394978" lon="126.7733348"/>
  <node version="1" id="234" lat="37.2395042" lon="126.773339"/>
  <node version="1" id="235" lat="37.2395105" lon="126.7733431"/>
  <node version="1" id="236" lat="37.2395168" lon="126.7733473"/>
  <node version="1" id="237" lat="37.2395232" lon="126.7733514"/>
  <node version="1" id="238" lat="37.2395295" lon="126.7733556"/>
  <node version="1" id="239" lat="37.2395359" lon="126.7733597"/>
  <node version="1" id="240" lat="37.2395422" lon="126.7733639"/>
  <node version="1" id="241" lat="37.2395485" lon="126.773368"/>
  <node version="1" id="242" lat="37.2395549" lon="126.7733722"/>
  <node version="1" id="243" lat="37.2395612" lon="126.7733763"/>
  <node version="1" id="244" lat="37.2395676" lon="126.7733805"/>
  <node version="1" id="245" lat="37.2395739" lon="126.7733847"/>
  <node version="1" id="246" lat="37.2395802" lon="126.773389"/>
  <node version="1" id="247" lat="37.2395865" lon="126.7733932"/>
  <node version="1" id="248" lat="37.2395928" lon="126.7733975"/>
  <node version="1" id="249" lat="37.2395991" lon="126.7734017"/>
  <node version="1" id="250" lat="37.2396054" lon="126.773406"/>
  <node version="1" id="251" lat="37.2396115" lon="126.7734106"/>
  <node version="1" id="252" lat="37.2396177" lon="126.7734151"/>
  <node version="1" id="253" lat="37.23963" lon="126.7734242"/>
  <node version="1" id="254" lat="37.2386437" lon="126.7750356"/>
  <node version="1" id="255" lat="37.2386339" lon="126.7750225"/>
  <node version="1" id="256" lat="37.2386223" lon="126.775007"/>
  <node version="1" id="257" lat="37.238596" lon="126.7749669"/>
  <node version="1" id="258" lat="37.2385794" lon="126.77494"/>
  <node version="1" id="259" lat="37.2385611" lon="126.7749108"/>
  <node version="1" id="260" lat="37.23855" lon="126.7748915"/>
  <node version="1" id="261" lat="37.2385387" lon="126.7748722"/>
  <node version="1" id="262" lat="37.2385123" lon="126.7748236"/>
  <node version="1" id="263" lat="37.2384898" lon="126.7747775"/>
  <node version="1" id="264" lat="37.2384759" lon="126.7747476"/>
  <node version="1" id="265" lat="37.2384504" lon="126.7746918"/>
  <node version="1" id="266" lat="37.2384353" lon="126.7746574"/>
  <node version="1" id="267" lat="37.2383816" lon="126.7745396"/>
  <node version="1" id="268" lat="37.238351" lon="126.7744724"/>
  <node version="1" id="269" lat="37.2383177" lon="126.7743986"/>
  <node version="1" id="270" lat="37.2382687" lon="126.7742909"/>
  <node version="1" id="271" lat="37.2382419" lon="126.7742322"/>
  <node version="1" id="272" lat="37.2382286" lon="126.7742026"/>
  <node version="1" id="273" lat="37.2381882" lon="126.7741147"/>
  <node version="1" id="274" lat="37.2381281" lon="126.7739813"/>
  <node version="1" id="275" lat="37.2380885" lon="126.7738933"/>
  <node version="1" id="276" lat="37.2380339" lon="126.7737736"/>
  <node version="1" id="277" lat="37.2380204" lon="126.773742"/>
  <node version="1" id="278" lat="37.2380083" lon="126.7737109"/>
  <node version="1" id="279" lat="37.2379975" lon="126.7736816"/>
  <node version="1" id="280" lat="37.2379817" lon="126.7736265"/>
  <node version="1" id="281" lat="37.2379775" lon="126.7736076"/>
  <node version="1" id="282" lat="37.2379733" lon="126.77359"/>
  <node version="1" id="283" lat="37.2379635" lon="126.7735356"/>
  <node version="1" id="284" lat="37.237955" lon="126.7734425"/>
  <node version="1" id="285" lat="37.2379548" lon="126.7734148"/>
  <node version="1" id="286" lat="37.2379601" lon="126.7733328"/>
  <node version="1" id="287" lat="37.2379692" lon="126.7732627"/>
  <node version="1" id="288" lat="37.2379763" lon="126.7732315"/>
  <node version="1" id="289" lat="37.2379923" lon="126.7731774"/>
  <node version="1" id="290" lat="37.2379989" lon="126.7731565"/>
  <node version="1" id="291" lat="37.2380282" lon="126.7730884"/>
  <node version="1" id="292" lat="37.2380528" lon="126.7730413"/>
  <node version="1" id="293" lat="37.2380641" lon="126.773023"/>
  <node version="1" id="294" lat="37.2381096" lon="126.7729544"/>
  <node version="1" id="295" lat="37.2381297" lon="126.772929"/>
  <node version="1" id="296" lat="37.2381597" lon="126.772895"/>
  <node version="1" id="297" lat="37.2381772" lon="126.7728764"/>
  <node version="1" id="298" lat="37.2381838" lon="126.7728706"/>
  <node version="1" id="299" lat="37.2382018" lon="126.7729027"/>
  <node version="1" id="300" lat="37.238187" lon="126.7729162"/>
  <node version="1" id="301" lat="37.2381449" lon="126.7729625"/>
  <node version="1" id="302" lat="37.2381081" lon="126.7730146"/>
  <node version="1" id="303" lat="37.2380819" lon="126.7730581"/>
  <node version="1" id="304" lat="37.2380717" lon="126.7730748"/>
  <node version="1" id="305" lat="37.2380646" lon="126.7730898"/>
  <node version="1" id="306" lat="37.2380373" lon="126.773153"/>
  <node version="1" id="307" lat="37.2380251" lon="126.7731866"/>
  <node version="1" id="308" lat="37.2380084" lon="126.773245"/>
  <node version="1" id="309" lat="37.2380039" lon="126.7732654"/>
  <node version="1" id="310" lat="37.2380001" lon="126.7732831"/>
  <node version="1" id="311" lat="37.2379935" lon="126.7733236"/>
  <node version="1" id="312" lat="37.2379879" lon="126.77338"/>
  <node version="1" id="313" lat="37.2379868" lon="126.7734101"/>
  <node version="1" id="314" lat="37.2379872" lon="126.7734511"/>
  <node version="1" id="315" lat="37.2379985" lon="126.7735546"/>
  <node version="1" id="316" lat="37.2380067" lon="126.7735954"/>
  <node version="1" id="317" lat="37.2380187" lon="126.7736402"/>
  <node version="1" id="318" lat="37.2380325" lon="126.7736819"/>
  <node version="1" id="319" lat="37.2380381" lon="126.7736979"/>
  <node version="1" id="320" lat="37.2380462" lon="126.7737175"/>
  <node version="1" id="321" lat="37.2380818" lon="126.7737981"/>
  <node version="1" id="322" lat="37.2381116" lon="126.7738646"/>
  <node version="1" id="323" lat="37.2381496" lon="126.7739482"/>
  <node version="1" id="324" lat="37.2382304" lon="126.7741263"/>
  <node version="1" id="325" lat="37.238295" lon="126.7742682"/>
  <node version="1" id="326" lat="37.2383135" lon="126.7743089"/>
  <node version="1" id="327" lat="37.2383289" lon="126.7743429"/>
  <node version="1" id="328" lat="37.2383822" lon="126.7744605"/>
  <node version="1" id="329" lat="37.2383957" lon="126.7744902"/>
  <node version="1" id="330" lat="37.238428" lon="126.7745617"/>
  <node version="1" id="331" lat="37.2384586" lon="126.7746295"/>
  <node version="1" id="332" lat="37.2384719" lon="126.774659"/>
  <node version="1" id="333" lat="37.2384851" lon="126.7746885"/>
  <node version="1" id="334" lat="37.2384983" lon="126.774718"/>
  <node version="1" id="335" lat="37.2385574" lon="126.7748377"/>
  <node version="1" id="336" lat="37.2385678" lon="126.774856"/>
  <node version="1" id="337" lat="37.2385891" lon="126.7748911"/>
  <node version="1" id="338" lat="37.2385962" lon="126.7749041"/>
  <node version="1" id="339" lat="37.2386028" lon="126.7749161"/>
  <node version="1" id="340" lat="37.238635" lon="126.7749717"/>
  <node version="1" id="341" lat="37.2386478" lon="126.7749887"/>
  <node version="1" id="342" lat="37.2386603" lon="126.7750039"/>
  <node version="1" id="343" lat="37.2386659" lon="126.7750107"/>
  <node version="1" id="344" lat="37.2386548" lon="126.7750232"/>
  <node version="1" id="345" lat="37.2386498" lon="126.7750168"/>
  <node version="1" id="346" lat="37.2386448" lon="126.7750104"/>
  <node version="1" id="347" lat="37.2386397" lon="126.7750039"/>
  <node version="1" id="348" lat="37.2386348" lon="126.7749974"/>
  <node version="1" id="349" lat="37.2386301" lon="126.7749907"/>
  <node version="1" id="350" lat="37.2386253" lon="126.774984"/>
  <node version="1" id="351" lat="37.2386208" lon="126.774977"/>
  <node version="1" id="352" lat="37.2386164" lon="126.7749699"/>
  <node version="1" id="353" lat="37.238612" lon="126.7749628"/>
  <node version="1" id="354" lat="37.2386077" lon="126.7749557"/>
  <node version="1" id="355" lat="37.2386034" lon="126.7749485"/>
  <node version="1" id="356" lat="37.2385991" lon="126.7749413"/>
  <node version="1" id="357" lat="37.2385948" lon="126.7749341"/>
  <node version="1" id="358" lat="37.2385906" lon="126.7749269"/>
  <node version="1" id="359" lat="37.2385863" lon="126.7749197"/>
  <node version="1" id="360" lat="37.238582" lon="126.7749125"/>
  <node version="1" id="361" lat="37.2385777" lon="126.7749053"/>
  <node version="1" id="362" lat="37.2385735" lon="126.7748981"/>
  <node version="1" id="363" lat="37.2385692" lon="126.7748909"/>
  <node version="1" id="364" lat="37.2385649" lon="126.7748837"/>
  <node version="1" id="365" lat="37.2385606" lon="126.7748765"/>
  <node version="1" id="366" lat="37.2385564" lon="126.7748693"/>
  <node version="1" id="367" lat="37.2385522" lon="126.7748621"/>
  <node version="1" id="368" lat="37.2385482" lon="126.7748546"/>
  <node version="1" id="369" lat="37.2385443" lon="126.7748471"/>
  <node version="1" id="370" lat="37.2385403" lon="126.7748396"/>
  <node version="1" id="371" lat="37.2385364" lon="126.7748321"/>
  <node version="1" id="372" lat="37.2385324" lon="126.7748246"/>
  <node version="1" id="373" lat="37.2385285" lon="126.7748171"/>
  <node version="1" id="374" lat="37.2385245" lon="126.7748096"/>
  <node version="1" id="375" lat="37.2385208" lon="126.774802"/>
  <node version="1" id="376" lat="37.2385171" lon="126.7747943"/>
  <node version="1" id="377" lat="37.2385134" lon="126.7747866"/>
  <node version="1" id="378" lat="37.2385097" lon="126.7747789"/>
  <node version="1" id="379" lat="37.2385059" lon="126.7747712"/>
  <node version="1" id="380" lat="37.2385022" lon="126.7747636"/>
  <node version="1" id="381" lat="37.2384985" lon="126.7747559"/>
  <node version="1" id="382" lat="37.2384948" lon="126.7747482"/>
  <node version="1" id="383" lat="37.2384911" lon="126.7747405"/>
  <node version="1" id="384" lat="37.2384874" lon="126.7747329"/>
  <node version="1" id="385" lat="37.2384837" lon="126.7747252"/>
  <node version="1" id="386" lat="37.2384801" lon="126.7747174"/>
  <node version="1" id="387" lat="37.2384766" lon="126.7747096"/>
  <node version="1" id="388" lat="37.238473" lon="126.7747018"/>
  <node version="1" id="389" lat="37.2384695" lon="126.774694"/>
  <node version="1" id="390" lat="37.238466" lon="126.7746862"/>
  <node version="1" id="391" lat="37.2384624" lon="126.7746783"/>
  <node version="1" id="392" lat="37.2384589" lon="126.7746705"/>
  <node version="1" id="393" lat="37.2384554" lon="126.7746627"/>
  <node version="1" id="394" lat="37.2384518" lon="126.7746549"/>
  <node version="1" id="395" lat="37.2384483" lon="126.7746471"/>
  <node version="1" id="396" lat="37.2384447" lon="126.7746393"/>
  <node version="1" id="397" lat="37.2384412" lon="126.7746315"/>
  <node version="1" id="398" lat="37.2384377" lon="126.7746237"/>
  <node version="1" id="399" lat="37.2384341" lon="126.7746159"/>
  <node version="1" id="400" lat="37.2384306" lon="126.7746081"/>
  <node version="1" id="401" lat="37.2384271" lon="126.7746003"/>
  <node version="1" id="402" lat="37.2384235" lon="126.7745925"/>
  <node version="1" id="403" lat="37.23842" lon="126.7745847"/>
  <node version="1" id="404" lat="37.2384164" lon="126.7745769"/>
  <node version="1" id="405" lat="37.2384129" lon="126.7745691"/>
  <node version="1" id="406" lat="37.2384094" lon="126.7745612"/>
  <node version="1" id="407" lat="37.2384058" lon="126.7745534"/>
  <node version="1" id="408" lat="37.2384023" lon="126.7745456"/>
  <node version="1" id="409" lat="37.2383987" lon="126.7745378"/>
  <node version="1" id="410" lat="37.2383952" lon="126.77453"/>
  <node version="1" id="411" lat="37.2383917" lon="126.7745222"/>
  <node version="1" id="412" lat="37.2383881" lon="126.7745144"/>
  <node version="1" id="413" lat="37.2383846" lon="126.7745066"/>
  <node version="1" id="414" lat="37.2383811" lon="126.7744988"/>
  <node version="1" id="415" lat="37.2383775" lon="126.774491"/>
  <node version="1" id="416" lat="37.238374" lon="126.7744832"/>
  <node version="1" id="417" lat="37.2383704" lon="126.7744754"/>
  <node version="1" id="418" lat="37.2383669" lon="126.7744676"/>
  <node version="1" id="419" lat="37.2383634" lon="126.7744598"/>
  <node version="1" id="420" lat="37.2383598" lon="126.7744519"/>
  <node version="1" id="421" lat="37.2383563" lon="126.7744441"/>
  <node version="1" id="422" lat="37.2383528" lon="126.7744363"/>
  <node version="1" id="423" lat="37.2383492" lon="126.7744285"/>
  <node version="1" id="424" lat="37.2383457" lon="126.7744207"/>
  <node version="1" id="425" lat="37.2383421" lon="126.7744129"/>
  <node version="1" id="426" lat="37.2383386" lon="126.7744051"/>
  <node version="1" id="427" lat="37.2383351" lon="126.7743973"/>
  <node version="1" id="428" lat="37.2383315" lon="126.7743895"/>
  <node version="1" id="429" lat="37.238328" lon="126.7743817"/>
  <node version="1" id="430" lat="37.2383245" lon="126.7743739"/>
  <node version="1" id="431" lat="37.2383209" lon="126.7743661"/>
  <node version="1" id="432" lat="37.2383174" lon="126.7743583"/>
  <node version="1" id="433" lat="37.2383138" lon="126.7743505"/>
  <node version="1" id="434" lat="37.2383103" lon="126.7743426"/>
  <node version="1" id="435" lat="37.2383068" lon="126.7743348"/>
  <node version="1" id="436" lat="37.2383032" lon="126.774327"/>
  <node version="1" id="437" lat="37.2382997" lon="126.7743192"/>
  <node version="1" id="438" lat="37.2382961" lon="126.7743114"/>
  <node version="1" id="439" lat="37.2382926" lon="126.7743036"/>
  <node version="1" id="440" lat="37.2382891" lon="126.7742958"/>
  <node version="1" id="441" lat="37.2382855" lon="126.774288"/>
  <node version="1" id="442" lat="37.238282" lon="126.7742802"/>
  <node version="1" id="443" lat="37.2382785" lon="126.7742724"/>
  <node version="1" id="444" lat="37.2382749" lon="126.7742646"/>
  <node version="1" id="445" lat="37.2382714" lon="126.7742568"/>
  <node version="1" id="446" lat="37.2382678" lon="126.774249"/>
  <node version="1" id="447" lat="37.2382643" lon="126.7742412"/>
  <node version="1" id="448" lat="37.2382608" lon="126.7742334"/>
  <node version="1" id="449" lat="37.2382572" lon="126.7742255"/>
  <node version="1" id="450" lat="37.2382537" lon="126.7742177"/>
  <node version="1" id="451" lat="37.2382502" lon="126.7742099"/>
  <node version="1" id="452" lat="37.2382466" lon="126.7742021"/>
  <node version="1" id="453" lat="37.2382431" lon="126.7741943"/>
  <node version="1" id="454" lat="37.2382395" lon="126.7741865"/>
  <node version="1" id="455" lat="37.238236" lon="126.7741787"/>
  <node version="1" id="456" lat="37.2382325" lon="126.7741709"/>
  <node version="1" id="457" lat="37.2382289" lon="126.7741631"/>
  <node version="1" id="458" lat="37.2382254" lon="126.7741553"/>
  <node version="1" id="459" lat="37.2382219" lon="126.7741475"/>
  <node version="1" id="460" lat="37.2382183" lon="126.7741397"/>
  <node version="1" id="461" lat="37.2382148" lon="126.7741319"/>
  <node version="1" id="462" lat="37.2382112" lon="126.7741241"/>
  <node version="1" id="463" lat="37.2382077" lon="126.7741162"/>
  <node version="1" id="464" lat="37.2382042" lon="126.7741084"/>
  <node version="1" id="465" lat="37.2382006" lon="126.7741006"/>
  <node version="1" id="466" lat="37.2381971" lon="126.7740928"/>
  <node version="1" id="467" lat="37.2381936" lon="126.774085"/>
  <node version="1" id="468" lat="37.23819" lon="126.7740772"/>
  <node version="1" id="469" lat="37.2381865" lon="126.7740694"/>
  <node version="1" id="470" lat="37.2381829" lon="126.7740616"/>
  <node version="1" id="471" lat="37.2381794" lon="126.7740538"/>
  <node version="1" id="472" lat="37.2381759" lon="126.774046"/>
  <node version="1" id="473" lat="37.2381723" lon="126.7740382"/>
  <node version="1" id="474" lat="37.2381688" lon="126.7740304"/>
  <node version="1" id="475" lat="37.2381652" lon="126.7740226"/>
  <node version="1" id="476" lat="37.2381617" lon="126.7740148"/>
  <node version="1" id="477" lat="37.2381582" lon="126.7740069"/>
  <node version="1" id="478" lat="37.2381546" lon="126.7739991"/>
  <node version="1" id="479" lat="37.2381511" lon="126.7739913"/>
  <node version="1" id="480" lat="37.2381476" lon="126.7739835"/>
  <node version="1" id="481" lat="37.238144" lon="126.7739757"/>
  <node version="1" id="482" lat="37.2381405" lon="126.7739679"/>
  <node version="1" id="483" lat="37.2381369" lon="126.7739601"/>
  <node version="1" id="484" lat="37.2381334" lon="126.7739523"/>
  <node version="1" id="485" lat="37.2381299" lon="126.7739445"/>
  <node version="1" id="486" lat="37.2381263" lon="126.7739367"/>
  <node version="1" id="487" lat="37.2381228" lon="126.7739289"/>
  <node version="1" id="488" lat="37.2381193" lon="126.7739211"/>
  <node version="1" id="489" lat="37.2381157" lon="126.7739133"/>
  <node version="1" id="490" lat="37.2381122" lon="126.7739055"/>
  <node version="1" id="491" lat="37.2381086" lon="126.7738977"/>
  <node version="1" id="492" lat="37.2381051" lon="126.7738898"/>
  <node version="1" id="493" lat="37.2381016" lon="126.773882"/>
  <node version="1" id="494" lat="37.238098" lon="126.7738742"/>
  <node version="1" id="495" lat="37.2380945" lon="126.7738664"/>
  <node version="1" id="496" lat="37.238091" lon="126.7738586"/>
  <node version="1" id="497" lat="37.2380874" lon="126.7738508"/>
  <node version="1" id="498" lat="37.2380839" lon="126.773843"/>
  <node version="1" id="499" lat="37.2380803" lon="126.7738352"/>
  <node version="1" id="500" lat="37.2380768" lon="126.7738274"/>
  <node version="1" id="501" lat="37.2380733" lon="126.7738196"/>
  <node version="1" id="502" lat="37.2380697" lon="126.7738118"/>
  <node version="1" id="503" lat="37.2380662" lon="126.773804"/>
  <node version="1" id="504" lat="37.2380626" lon="126.7737962"/>
  <node version="1" id="505" lat="37.2380591" lon="126.7737884"/>
  <node version="1" id="506" lat="37.2380556" lon="126.7737805"/>
  <node version="1" id="507" lat="37.2380521" lon="126.7737727"/>
  <node version="1" id="508" lat="37.2380487" lon="126.7737648"/>
  <node version="1" id="509" lat="37.2380453" lon="126.7737569"/>
  <node version="1" id="510" lat="37.2380419" lon="126.773749"/>
  <node version="1" id="511" lat="37.2380385" lon="126.7737411"/>
  <node version="1" id="512" lat="37.2380352" lon="126.7737331"/>
  <node version="1" id="513" lat="37.238032" lon="126.7737251"/>
  <node version="1" id="514" lat="37.2380288" lon="126.773717"/>
  <node version="1" id="515" lat="37.2380256" lon="126.773709"/>
  <node version="1" id="516" lat="37.2380224" lon="126.773701"/>
  <node version="1" id="517" lat="37.2380191" lon="126.773693"/>
  <node version="1" id="518" lat="37.2380163" lon="126.7736848"/>
  <node version="1" id="519" lat="37.2380137" lon="126.7736764"/>
  <node version="1" id="520" lat="37.238011" lon="126.773668"/>
  <node version="1" id="521" lat="37.2380084" lon="126.7736597"/>
  <node version="1" id="522" lat="37.2380058" lon="126.7736513"/>
  <node version="1" id="523" lat="37.2380032" lon="126.773643"/>
  <node version="1" id="524" lat="37.2380007" lon="126.7736346"/>
  <node version="1" id="525" lat="37.2379985" lon="126.773626"/>
  <node version="1" id="526" lat="37.2379964" lon="126.7736174"/>
  <node version="1" id="527" lat="37.2379943" lon="126.7736088"/>
  <node version="1" id="528" lat="37.2379922" lon="126.7736002"/>
  <node version="1" id="529" lat="37.2379901" lon="126.7735917"/>
  <node version="1" id="530" lat="37.2379883" lon="126.773583"/>
  <node version="1" id="531" lat="37.2379867" lon="126.7735742"/>
  <node version="1" id="532" lat="37.2379851" lon="126.7735655"/>
  <node version="1" id="533" lat="37.2379835" lon="126.7735567"/>
  <node version="1" id="534" lat="37.2379819" lon="126.773548"/>
  <node version="1" id="535" lat="37.2379804" lon="126.7735392"/>
  <node version="1" id="536" lat="37.2379795" lon="126.7735302"/>
  <node version="1" id="537" lat="37.2379786" lon="126.7735213"/>
  <node version="1" id="538" lat="37.2379778" lon="126.7735124"/>
  <node version="1" id="539" lat="37.2379769" lon="126.7735035"/>
  <node version="1" id="540" lat="37.237976" lon="126.7734946"/>
  <node version="1" id="541" lat="37.2379751" lon="126.7734857"/>
  <node version="1" id="542" lat="37.2379742" lon="126.7734768"/>
  <node version="1" id="543" lat="37.2379733" lon="126.7734679"/>
  <node version="1" id="544" lat="37.2379724" lon="126.7734589"/>
  <node version="1" id="545" lat="37.2379716" lon="126.77345"/>
  <node version="1" id="546" lat="37.2379712" lon="126.773441"/>
  <node version="1" id="547" lat="37.237971" lon="126.7734321"/>
  <node version="1" id="548" lat="37.2379711" lon="126.7734231"/>
  <node version="1" id="549" lat="37.2379713" lon="126.7734141"/>
  <node version="1" id="550" lat="37.2379717" lon="126.7734051"/>
  <node version="1" id="551" lat="37.237972" lon="126.7733962"/>
  <node version="1" id="552" lat="37.2379724" lon="126.7733872"/>
  <node version="1" id="553" lat="37.2379728" lon="126.7733782"/>
  <node version="1" id="554" lat="37.2379732" lon="126.7733693"/>
  <node version="1" id="555" lat="37.2379739" lon="126.7733603"/>
  <node version="1" id="556" lat="37.2379746" lon="126.7733514"/>
  <node version="1" id="557" lat="37.2379755" lon="126.7733425"/>
  <node version="1" id="558" lat="37.2379765" lon="126.7733336"/>
  <node version="1" id="559" lat="37.2379775" lon="126.7733247"/>
  <node version="1" id="560" lat="37.2379785" lon="126.7733158"/>
  <node version="1" id="561" lat="37.2379797" lon="126.7733069"/>
  <node version="1" id="562" lat="37.237981" lon="126.7732981"/>
  <node version="1" id="563" lat="37.2379823" lon="126.7732893"/>
  <node version="1" id="564" lat="37.2379836" lon="126.7732804"/>
  <node version="1" id="565" lat="37.237985" lon="126.7732716"/>
  <node version="1" id="566" lat="37.2379869" lon="126.773263"/>
  <node version="1" id="567" lat="37.2379889" lon="126.7732543"/>
  <node version="1" id="568" lat="37.2379908" lon="126.7732457"/>
  <node version="1" id="569" lat="37.2379929" lon="126.7732371"/>
  <node version="1" id="570" lat="37.2379952" lon="126.7732286"/>
  <node version="1" id="571" lat="37.2379977" lon="126.7732202"/>
  <node version="1" id="572" lat="37.2380002" lon="126.7732117"/>
  <node version="1" id="573" lat="37.2380027" lon="126.7732033"/>
  <node version="1" id="574" lat="37.2380051" lon="126.7731949"/>
  <node version="1" id="575" lat="37.2380076" lon="126.7731865"/>
  <node version="1" id="576" lat="37.2380101" lon="126.7731781"/>
  <node version="1" id="577" lat="37.2380128" lon="126.7731697"/>
  <node version="1" id="578" lat="37.238016" lon="126.7731617"/>
  <node version="1" id="579" lat="37.2380191" lon="126.7731536"/>
  <node version="1" id="580" lat="37.2380223" lon="126.7731456"/>
  <node version="1" id="581" lat="37.2380256" lon="126.7731376"/>
  <node version="1" id="582" lat="37.238029" lon="126.7731297"/>
  <node version="1" id="583" lat="37.2380324" lon="126.7731218"/>
  <node version="1" id="584" lat="37.2380358" lon="126.7731139"/>
  <node version="1" id="585" lat="37.2380392" lon="126.773106"/>
  <node version="1" id="586" lat="37.2380427" lon="126.7730982"/>
  <node version="1" id="587" lat="37.2380464" lon="126.7730905"/>
  <node version="1" id="588" lat="37.2380502" lon="126.7730829"/>
  <node version="1" id="589" lat="37.238054" lon="126.7730752"/>
  <node version="1" id="590" lat="37.2380577" lon="126.7730676"/>
  <node version="1" id="591" lat="37.2380615" lon="126.7730599"/>
  <node version="1" id="592" lat="37.2380657" lon="126.7730527"/>
  <node version="1" id="593" lat="37.2380701" lon="126.7730456"/>
  <node version="1" id="594" lat="37.2380745" lon="126.7730386"/>
  <node version="1" id="595" lat="37.2380789" lon="126.7730315"/>
  <node version="1" id="596" lat="37.2380833" lon="126.7730244"/>
  <node version="1" id="597" lat="37.2380878" lon="126.7730174"/>
  <node version="1" id="598" lat="37.2380922" lon="126.7730103"/>
  <node version="1" id="599" lat="37.2380966" lon="126.7730032"/>
  <node version="1" id="600" lat="37.2381011" lon="126.7729963"/>
  <node version="1" id="601" lat="37.2381058" lon="126.7729895"/>
  <node version="1" id="602" lat="37.2381104" lon="126.7729827"/>
  <node version="1" id="603" lat="37.2381151" lon="126.7729758"/>
  <node version="1" id="604" lat="37.2381198" lon="126.772969"/>
  <node version="1" id="605" lat="37.2381247" lon="126.7729625"/>
  <node version="1" id="606" lat="37.2381296" lon="126.7729559"/>
  <node version="1" id="607" lat="37.2381346" lon="126.7729495"/>
  <node version="1" id="608" lat="37.2381399" lon="126.7729435"/>
  <node version="1" id="609" lat="37.2381452" lon="126.7729375"/>
  <node version="1" id="610" lat="37.2381505" lon="126.7729315"/>
  <node version="1" id="611" lat="37.2381559" lon="126.7729255"/>
  <node version="1" id="612" lat="37.2381612" lon="126.7729195"/>
  <node version="1" id="613" lat="37.2381665" lon="126.7729135"/>
  <node version="1" id="614" lat="37.2381718" lon="126.7729076"/>
  <node version="1" id="615" lat="37.2381772" lon="126.7729016"/>
  <node version="1" id="616" lat="37.2381829" lon="126.7728961"/>
  <node version="1" id="617" lat="37.2381928" lon="126.7728867"/>
  <node version="1" id="618" lat="37.2396407" lon="126.7734041"/>
  <node version="1" id="619" lat="37.2396833" lon="126.7734316"/>
  <node version="1" id="620" lat="37.2396962" lon="126.773452"/>
  <node version="1" id="621" lat="37.2397048" lon="126.7734748"/>
  <node version="1" id="622" lat="37.2397117" lon="126.7734979"/>
  <node version="1" id="623" lat="37.2397141" lon="126.7735206"/>
  <node version="1" id="624" lat="37.2397132" lon="126.7735451"/>
  <node version="1" id="625" lat="37.2397075" lon="126.773568"/>
  <node version="1" id="626" lat="37.239669" lon="126.7735463"/>
  <node version="1" id="627" lat="37.2396674" lon="126.7735311"/>
  <node version="1" id="628" lat="37.2396661" lon="126.7735243"/>
  <node version="1" id="629" lat="37.2396612" lon="126.7735086"/>
  <node version="1" id="630" lat="37.2396552" lon="126.7734942"/>
  <node version="1" id="631" lat="37.2396468" lon="126.7734792"/>
  <node version="1" id="632" lat="37.2396405" lon="126.7734689"/>
  <node version="1" id="633" lat="37.2396327" lon="126.7734591"/>
  <node version="1" id="634" lat="37.2396273" lon="126.7734526"/>
  <node version="1" id="635" lat="37.2396311" lon="126.7734249"/>
  <node version="1" id="636" lat="37.239637" lon="126.7734298"/>
  <node version="1" id="637" lat="37.239643" lon="126.7734348"/>
  <node version="1" id="638" lat="37.2396489" lon="126.7734397"/>
  <node version="1" id="639" lat="37.2396549" lon="126.7734447"/>
  <node version="1" id="640" lat="37.2396609" lon="126.7734497"/>
  <node version="1" id="641" lat="37.2396656" lon="126.7734563"/>
  <node version="1" id="642" lat="37.23967" lon="126.7734634"/>
  <node version="1" id="643" lat="37.239674" lon="126.7734708"/>
  <node version="1" id="644" lat="37.2396774" lon="126.7734787"/>
  <node version="1" id="645" lat="37.2396807" lon="126.7734866"/>
  <node version="1" id="646" lat="37.2396835" lon="126.7734949"/>
  <node version="1" id="647" lat="37.2396862" lon="126.7735032"/>
  <node version="1" id="648" lat="37.2396878" lon="126.773512"/>
  <node version="1" id="649" lat="37.2396893" lon="126.7735207"/>
  <node version="1" id="650" lat="37.2396898" lon="126.7735297"/>
  <node version="1" id="651" lat="37.2396904" lon="126.7735387"/>
  <node version="1" id="652" lat="37.2396893" lon="126.7735475"/>
  <node version="1" id="653" lat="37.2396883" lon="126.7735571"/>
  <node version="1" id="654" lat="37.2397076" lon="126.773568"/>
  <node version="1" id="655" lat="37.2397065" lon="126.7735705"/>
  <node version="1" id="656" lat="37.239695" lon="126.7735978"/>
  <node version="1" id="657" lat="37.2396824" lon="126.7736276"/>
  <node version="1" id="658" lat="37.2396699" lon="126.7736574"/>
  <node version="1" id="659" lat="37.2396627" lon="126.7736744"/>
  <node version="1" id="660" lat="37.2396564" lon="126.7736894"/>
  <node version="1" id="661" lat="37.2396501" lon="126.7737044"/>
  <node version="1" id="662" lat="37.2396438" lon="126.7737193"/>
  <node version="1" id="663" lat="37.2396376" lon="126.7737343"/>
  <node version="1" id="664" lat="37.2396297" lon="126.773753"/>
  <node version="1" id="665" lat="37.2396172" lon="126.773783"/>
  <node version="1" id="666" lat="37.2396048" lon="126.7738129"/>
  <node version="1" id="667" lat="37.2396009" lon="126.7738222"/>
  <node version="1" id="668" lat="37.2395995" lon="126.7738256"/>
  <node version="1" id="669" lat="37.2395986" lon="126.7738278"/>
  <node version="1" id="670" lat="37.2395726" lon="126.7738047"/>
  <node version="1" id="671" lat="37.2395855" lon="126.7737753"/>
  <node version="1" id="672" lat="37.2395979" lon="126.7737453"/>
  <node version="1" id="673" lat="37.2396103" lon="126.7737154"/>
  <node version="1" id="674" lat="37.2396174" lon="126.7736984"/>
  <node version="1" id="675" lat="37.2396251" lon="126.7736801"/>
  <node version="1" id="676" lat="37.239633" lon="126.7736612"/>
  <node version="1" id="677" lat="37.2396404" lon="126.7736436"/>
  <node version="1" id="678" lat="37.2396519" lon="126.7736161"/>
  <node version="1" id="679" lat="37.2396606" lon="126.7735932"/>
  <node version="1" id="680" lat="37.2396644" lon="126.7735803"/>
  <node version="1" id="681" lat="37.2396663" lon="126.7735721"/>
  <node version="1" id="682" lat="37.239668" lon="126.7735638"/>
  <node version="1" id="683" lat="37.2396689" lon="126.7735568"/>
  <node version="1" id="684" lat="37.2396863" lon="126.7735658"/>
  <node version="1" id="685" lat="37.2396842" lon="126.7735744"/>
  <node version="1" id="686" lat="37.2396815" lon="126.7735827"/>
  <node version="1" id="687" lat="37.2396787" lon="126.7735909"/>
  <node version="1" id="688" lat="37.2396759" lon="126.7735992"/>
  <node version="1" id="689" lat="37.2396729" lon="126.7736074"/>
  <node version="1" id="690" lat="37.2396697" lon="126.7736154"/>
  <node version="1" id="691" lat="37.2396665" lon="126.7736234"/>
  <node version="1" id="692" lat="37.2396632" lon="126.7736314"/>
  <node version="1" id="693" lat="37.2396598" lon="126.7736393"/>
  <node version="1" id="694" lat="37.2396565" lon="126.7736473"/>
  <node version="1" id="695" lat="37.2396532" lon="126.7736552"/>
  <node version="1" id="696" lat="37.2396498" lon="126.7736632"/>
  <node version="1" id="697" lat="37.2396465" lon="126.7736711"/>
  <node version="1" id="698" lat="37.2396432" lon="126.7736791"/>
  <node version="1" id="699" lat="37.2396398" lon="126.773687"/>
  <node version="1" id="700" lat="37.2396365" lon="126.773695"/>
  <node version="1" id="701" lat="37.2396332" lon="126.7737029"/>
  <node version="1" id="702" lat="37.2396298" lon="126.7737108"/>
  <node version="1" id="703" lat="37.2396265" lon="126.7737188"/>
  <node version="1" id="704" lat="37.2396232" lon="126.7737267"/>
  <node version="1" id="705" lat="37.2396198" lon="126.7737347"/>
  <node version="1" id="706" lat="37.2396165" lon="126.7737426"/>
  <node version="1" id="707" lat="37.2396132" lon="126.7737506"/>
  <node version="1" id="708" lat="37.2396098" lon="126.7737585"/>
  <node version="1" id="709" lat="37.2396065" lon="126.7737665"/>
  <node version="1" id="710" lat="37.2396032" lon="126.7737744"/>
  <node version="1" id="711" lat="37.2395998" lon="126.7737824"/>
  <node version="1" id="712" lat="37.2395965" lon="126.7737903"/>
  <node version="1" id="713" lat="37.2395932" lon="126.7737983"/>
  <node version="1" id="714" lat="37.2395898" lon="126.7738062"/>
  <node version="1" id="715" lat="37.2395856" lon="126.7738163"/>
  <node version="1" id="716" lat="37.2395918" lon="126.7738468"/>
  <node version="1" id="717" lat="37.2395864" lon="126.7738669"/>
  <node version="1" id="718" lat="37.2395847" lon="126.7738867"/>
  <node version="1" id="719" lat="37.2395846" lon="126.7739027"/>
  <node version="1" id="720" lat="37.2395815" lon="126.7739189"/>
  <node version="1" id="721" lat="37.2395749" lon="126.7739333"/>
  <node version="1" id="722" lat="37.2395603" lon="126.7739588"/>
  <node version="1" id="723" lat="37.2394998" lon="126.7740642"/>
  <node version="1" id="724" lat="37.2394716" lon="126.7740463"/>
  <node version="1" id="725" lat="37.2395197" lon="126.773963"/>
  <node version="1" id="726" lat="37.2395326" lon="126.7739434"/>
  <node version="1" id="727" lat="37.2395448" lon="126.7739273"/>
  <node version="1" id="728" lat="37.2395508" lon="126.7739154"/>
  <node version="1" id="729" lat="37.2395541" lon="126.7739033"/>
  <node version="1" id="730" lat="37.2395539" lon="126.7738882"/>
  <node version="1" id="731" lat="37.2395556" lon="126.773871"/>
  <node version="1" id="732" lat="37.2395574" lon="126.7738572"/>
  <node version="1" id="733" lat="37.2395604" lon="126.7738415"/>
  <node version="1" id="734" lat="37.2395651" lon="126.7738247"/>
  <node version="1" id="735" lat="37.2395726" lon="126.7738046"/>
  <node version="1" id="736" lat="37.2395856" lon="126.7738162"/>
  <node version="1" id="737" lat="37.2395826" lon="126.7738243"/>
  <node version="1" id="738" lat="37.2395796" lon="126.7738325"/>
  <node version="1" id="739" lat="37.2395771" lon="126.7738409"/>
  <node version="1" id="740" lat="37.2395748" lon="126.7738494"/>
  <node version="1" id="741" lat="37.2395729" lon="126.773858"/>
  <node version="1" id="742" lat="37.2395717" lon="126.7738669"/>
  <node version="1" id="743" lat="37.2395706" lon="126.7738758"/>
  <node version="1" id="744" lat="37.23957" lon="126.7738847"/>
  <node version="1" id="745" lat="37.2395694" lon="126.7738937"/>
  <node version="1" id="746" lat="37.2395684" lon="126.7739026"/>
  <node version="1" id="747" lat="37.2395671" lon="126.7739114"/>
  <node version="1" id="748" lat="37.2395644" lon="126.7739197"/>
  <node version="1" id="749" lat="37.239561" lon="126.7739275"/>
  <node version="1" id="750" lat="37.2395571" lon="126.773935"/>
  <node version="1" id="751" lat="37.2395527" lon="126.7739421"/>
  <node version="1" id="752" lat="37.2395482" lon="126.7739492"/>
  <node version="1" id="753" lat="37.2395438" lon="126.7739562"/>
  <node version="1" id="754" lat="37.2395393" lon="126.7739632"/>
  <node version="1" id="755" lat="37.2395349" lon="126.7739702"/>
  <node version="1" id="756" lat="37.2395306" lon="126.7739774"/>
  <node version="1" id="757" lat="37.2395264" lon="126.7739847"/>
  <node version="1" id="758" lat="37.2395222" lon="126.7739919"/>
  <node version="1" id="759" lat="37.239518" lon="126.7739992"/>
  <node version="1" id="760" lat="37.2395138" lon="126.7740065"/>
  <node version="1" id="761" lat="37.2395096" lon="126.7740138"/>
  <node version="1" id="762" lat="37.2395054" lon="126.7740211"/>
  <node version="1" id="763" lat="37.2395012" lon="126.7740283"/>
  <node version="1" id="764" lat="37.239497" lon="126.7740356"/>
  <node version="1" id="765" lat="37.2394928" lon="126.7740429"/>
  <node version="1" id="766" lat="37.2394857" lon="126.7740553"/>
  <node version="1" id="767" lat="37.2394998" lon="126.7740643"/>
  <node version="1" id="768" lat="37.2394968" lon="126.7740715"/>
  <node version="1" id="769" lat="37.2394967" lon="126.7740718"/>
  <node version="1" id="770" lat="37.239484" lon="126.7741017"/>
  <node version="1" id="771" lat="37.2394813" lon="126.774108"/>
  <node version="1" id="772" lat="37.2394688" lon="126.774138"/>
  <node version="1" id="773" lat="37.2394587" lon="126.774162"/>
  <node version="1" id="774" lat="37.2394462" lon="126.7741919"/>
  <node version="1" id="775" lat="37.2394424" lon="126.7742009"/>
  <node version="1" id="776" lat="37.2394298" lon="126.7742308"/>
  <node version="1" id="777" lat="37.2394231" lon="126.7742472"/>
  <node version="1" id="778" lat="37.2394109" lon="126.7742774"/>
  <node version="1" id="779" lat="37.2394095" lon="126.7742809"/>
  <node version="1" id="780" lat="37.2394034" lon="126.774296"/>
  <node version="1" id="781" lat="37.2393974" lon="126.7743111"/>
  <node version="1" id="782" lat="37.2393908" lon="126.7743283"/>
  <node version="1" id="783" lat="37.2393835" lon="126.7743486"/>
  <node version="1" id="784" lat="37.2393744" lon="126.774376"/>
  <node version="1" id="785" lat="37.2393687" lon="126.7743959"/>
  <node version="1" id="786" lat="37.2393632" lon="126.774416"/>
  <node version="1" id="787" lat="37.2393578" lon="126.7744404"/>
  <node version="1" id="788" lat="37.2393545" lon="126.7744578"/>
  <node version="1" id="789" lat="37.2393507" lon="126.7744821"/>
  <node version="1" id="790" lat="37.2393485" lon="126.7745009"/>
  <node version="1" id="791" lat="37.2393471" lon="126.774519"/>
  <node version="1" id="792" lat="37.239346" lon="126.7745347"/>
  <node version="1" id="793" lat="37.2393456" lon="126.7745455"/>
  <node version="1" id="794" lat="37.2393456" lon="126.7745456"/>
  <node version="1" id="795" lat="37.2393449" lon="126.7745793"/>
  <node version="1" id="796" lat="37.2393453" lon="126.774602"/>
  <node version="1" id="797" lat="37.2393458" lon="126.774614"/>
  <node version="1" id="798" lat="37.2393471" lon="126.7746352"/>
  <node version="1" id="799" lat="37.2393492" lon="126.7746556"/>
  <node version="1" id="800" lat="37.2393518" lon="126.7746754"/>
  <node version="1" id="801" lat="37.2393549" lon="126.7746943"/>
  <node version="1" id="802" lat="37.2393579" lon="126.7747103"/>
  <node version="1" id="803" lat="37.2393626" lon="126.7747333"/>
  <node version="1" id="804" lat="37.2393666" lon="126.7747492"/>
  <node version="1" id="805" lat="37.2393738" lon="126.7747756"/>
  <node version="1" id="806" lat="37.2393818" lon="126.7748004"/>
  <node version="1" id="807" lat="37.2393823" lon="126.7748016"/>
  <node version="1" id="808" lat="37.2393937" lon="126.7748323"/>
  <node version="1" id="809" lat="37.2394039" lon="126.7748552"/>
  <node version="1" id="810" lat="37.2394145" lon="126.7748766"/>
  <node version="1" id="811" lat="37.2394296" lon="126.7749046"/>
  <node version="1" id="812" lat="37.239442" lon="126.7749256"/>
  <node version="1" id="813" lat="37.2394536" lon="126.7749434"/>
  <node version="1" id="814" lat="37.2394667" lon="126.7749615"/>
  <node version="1" id="815" lat="37.2394852" lon="126.7749848"/>
  <node version="1" id="816" lat="37.2394998" lon="126.7750011"/>
  <node version="1" id="817" lat="37.2395029" lon="126.7750044"/>
  <node version="1" id="818" lat="37.2395236" lon="126.7750261"/>
  <node version="1" id="819" lat="37.2395241" lon="126.7750267"/>
  <node version="1" id="820" lat="37.2395459" lon="126.7750467"/>
  <node version="1" id="821" lat="37.2395625" lon="126.7750611"/>
  <node version="1" id="822" lat="37.2395782" lon="126.7750731"/>
  <node version="1" id="823" lat="37.2395898" lon="126.7750816"/>
  <node version="1" id="824" lat="37.2396096" lon="126.7750953"/>
  <node version="1" id="825" lat="37.2396253" lon="126.7751052"/>
  <node version="1" id="826" lat="37.2396389" lon="126.7751137"/>
  <node version="1" id="827" lat="37.2396613" lon="126.7751258"/>
  <node version="1" id="828" lat="37.2396811" lon="126.7751357"/>
  <node version="1" id="829" lat="37.2396972" lon="126.7751432"/>
  <node version="1" id="830" lat="37.2397108" lon="126.7751486"/>
  <node version="1" id="831" lat="37.2397297" lon="126.7751559"/>
  <node version="1" id="832" lat="37.2397503" lon="126.7751636"/>
  <node version="1" id="833" lat="37.23977" lon="126.7751699"/>
  <node version="1" id="834" lat="37.2397887" lon="126.7751756"/>
  <node version="1" id="835" lat="37.239808" lon="126.7751805"/>
  <node version="1" id="836" lat="37.2398278" lon="126.7751854"/>
  <node version="1" id="837" lat="37.2398464" lon="126.7751894"/>
  <node version="1" id="838" lat="37.2398608" lon="126.7751923"/>
  <node version="1" id="839" lat="37.2398802" lon="126.7751959"/>
  <node version="1" id="840" lat="37.2399035" lon="126.7751995"/>
  <node version="1" id="841" lat="37.2399204" lon="126.775202"/>
  <node version="1" id="842" lat="37.2399434" lon="126.7752052"/>
  <node version="1" id="843" lat="37.2399621" lon="126.7752068"/>
  <node version="1" id="844" lat="37.2399621" lon="126.7752474"/>
  <node version="1" id="845" lat="37.2399526" lon="126.7752466"/>
  <node version="1" id="846" lat="37.2399274" lon="126.7752435"/>
  <node version="1" id="847" lat="37.2399058" lon="126.7752405"/>
  <node version="1" id="848" lat="37.2398838" lon="126.775237"/>
  <node version="1" id="849" lat="37.2398642" lon="126.7752334"/>
  <node version="1" id="850" lat="37.2398418" lon="126.7752288"/>
  <node version="1" id="851" lat="37.2398288" lon="126.775226"/>
  <node version="1" id="852" lat="37.2398124" lon="126.775222"/>
  <node version="1" id="853" lat="37.2397912" lon="126.7752168"/>
  <node version="1" id="854" lat="37.2397803" lon="126.7752139"/>
  <node version="1" id="855" lat="37.2397662" lon="126.7752101"/>
  <node version="1" id="856" lat="37.2397612" lon="126.7752087"/>
  <node version="1" id="857" lat="37.2397589" lon="126.7752079"/>
  <node version="1" id="858" lat="37.2397377" lon="126.7752008"/>
  <node version="1" id="859" lat="37.2397164" lon="126.7751928"/>
  <node version="1" id="860" lat="37.2397017" lon="126.775187"/>
  <node version="1" id="861" lat="37.2396845" lon="126.7751795"/>
  <node version="1" id="862" lat="37.239663" lon="126.7751695"/>
  <node version="1" id="863" lat="37.2396432" lon="126.7751591"/>
  <node version="1" id="864" lat="37.2396309" lon="126.7751523"/>
  <node version="1" id="865" lat="37.2396185" lon="126.7751454"/>
  <node version="1" id="866" lat="37.2396178" lon="126.775145"/>
  <node version="1" id="867" lat="37.2396037" lon="126.775136"/>
  <node version="1" id="868" lat="37.2395867" lon="126.775125"/>
  <node version="1" id="869" lat="37.2395706" lon="126.7751141"/>
  <node version="1" id="870" lat="37.2395526" lon="126.7751007"/>
  <node version="1" id="871" lat="37.2395366" lon="126.7750879"/>
  <node version="1" id="872" lat="37.2395146" lon="126.7750683"/>
  <node version="1" id="873" lat="37.2395145" lon="126.7750683"/>
  <node version="1" id="874" lat="37.2394936" lon="126.7750473"/>
  <node version="1" id="875" lat="37.2394734" lon="126.7750249"/>
  <node version="1" id="876" lat="37.2394706" lon="126.7750219"/>
  <node version="1" id="877" lat="37.2394566" lon="126.775005"/>
  <node version="1" id="878" lat="37.2394464" lon="126.7749917"/>
  <node version="1" id="879" lat="37.2394373" lon="126.7749795"/>
  <node version="1" id="880" lat="37.2394289" lon="126.7749677"/>
  <node version="1" id="881" lat="37.2394205" lon="126.7749552"/>
  <node version="1" id="882" lat="37.2394114" lon="126.7749402"/>
  <node version="1" id="883" lat="37.2393984" lon="126.774919"/>
  <node version="1" id="884" lat="37.2393897" lon="126.7749029"/>
  <node version="1" id="885" lat="37.2393795" lon="126.7748828"/>
  <node version="1" id="886" lat="37.2393709" lon="126.7748643"/>
  <node version="1" id="887" lat="37.2393644" lon="126.7748489"/>
  <node version="1" id="888" lat="37.2393581" lon="126.7748322"/>
  <node version="1" id="889" lat="37.2393512" lon="126.7748134"/>
  <node version="1" id="890" lat="37.2393446" lon="126.7747925"/>
  <node version="1" id="891" lat="37.2393371" lon="126.7747665"/>
  <node version="1" id="892" lat="37.2393307" lon="126.7747413"/>
  <node version="1" id="893" lat="37.2393257" lon="126.7747172"/>
  <node version="1" id="894" lat="37.2393221" lon="126.7746973"/>
  <node version="1" id="895" lat="37.2393187" lon="126.7746741"/>
  <node version="1" id="896" lat="37.2393155" lon="126.7746443"/>
  <node version="1" id="897" lat="37.2393131" lon="126.7746146"/>
  <node version="1" id="898" lat="37.239313" lon="126.7745839"/>
  <node version="1" id="899" lat="37.2393135" lon="126.7745569"/>
  <node version="1" id="900" lat="37.2393153" lon="126.7745255"/>
  <node version="1" id="901" lat="37.2393178" lon="126.7744966"/>
  <node version="1" id="902" lat="37.2393209" lon="126.7744676"/>
  <node version="1" id="903" lat="37.2393255" lon="126.7744378"/>
  <node version="1" id="904" lat="37.2393311" lon="126.7744109"/>
  <node version="1" id="905" lat="37.2393375" lon="126.7743863"/>
  <node version="1" id="906" lat="37.2393438" lon="126.774364"/>
  <node version="1" id="907" lat="37.2393499" lon="126.7743467"/>
  <node version="1" id="908" lat="37.2393585" lon="126.7743222"/>
  <node version="1" id="909" lat="37.2393667" lon="126.7743003"/>
  <node version="1" id="910" lat="37.2393778" lon="126.7742724"/>
  <node version="1" id="911" lat="37.2393898" lon="126.7742421"/>
  <node version="1" id="912" lat="37.23939" lon="126.7742417"/>
  <node version="1" id="913" lat="37.2394024" lon="126.7742117"/>
  <node version="1" id="914" lat="37.2394141" lon="126.7741836"/>
  <node version="1" id="915" lat="37.2394266" lon="126.7741537"/>
  <node version="1" id="916" lat="37.2394328" lon="126.7741387"/>
  <node version="1" id="917" lat="37.2394391" lon="126.7741237"/>
  <node version="1" id="918" lat="37.2394516" lon="126.7740937"/>
  <node version="1" id="919" lat="37.2394556" lon="126.774084"/>
  <node version="1" id="920" lat="37.2394636" lon="126.7740652"/>
  <node version="1" id="921" lat="37.2394823" lon="126.7740633"/>
  <node version="1" id="922" lat="37.239479" lon="126.7740712"/>
  <node version="1" id="923" lat="37.2394757" lon="126.7740792"/>
  <node version="1" id="924" lat="37.2394724" lon="126.7740871"/>
  <node version="1" id="925" lat="37.239469" lon="126.7740951"/>
  <node version="1" id="926" lat="37.2394657" lon="126.774103"/>
  <node version="1" id="927" lat="37.2394624" lon="126.774111"/>
  <node version="1" id="928" lat="37.239459" lon="126.7741189"/>
  <node version="1" id="929" lat="37.2394557" lon="126.7741269"/>
  <node version="1" id="930" lat="37.2394524" lon="126.7741348"/>
  <node version="1" id="931" lat="37.2394491" lon="126.7741428"/>
  <node version="1" id="932" lat="37.2394457" lon="126.7741508"/>
  <node version="1" id="933" lat="37.2394424" lon="126.7741587"/>
  <node version="1" id="934" lat="37.2394391" lon="126.7741667"/>
  <node version="1" id="935" lat="37.2394358" lon="126.7741746"/>
  <node version="1" id="936" lat="37.2394324" lon="126.7741826"/>
  <node version="1" id="937" lat="37.2394291" lon="126.7741905"/>
  <node version="1" id="938" lat="37.2394258" lon="126.7741985"/>
  <node version="1" id="939" lat="37.2394225" lon="126.7742064"/>
  <node version="1" id="940" lat="37.2394191" lon="126.7742144"/>
  <node version="1" id="941" lat="37.2394158" lon="126.7742223"/>
  <node version="1" id="942" lat="37.2394125" lon="126.7742303"/>
  <node version="1" id="943" lat="37.2394092" lon="126.7742382"/>
  <node version="1" id="944" lat="37.2394059" lon="126.7742462"/>
  <node version="1" id="945" lat="37.2394027" lon="126.7742543"/>
  <node version="1" id="946" lat="37.2393996" lon="126.7742623"/>
  <node version="1" id="947" lat="37.2393964" lon="126.7742704"/>
  <node version="1" id="948" lat="37.2393932" lon="126.7742784"/>
  <node version="1" id="949" lat="37.2393901" lon="126.7742865"/>
  <node version="1" id="950" lat="37.2393869" lon="126.7742945"/>
  <node version="1" id="951" lat="37.2393837" lon="126.7743026"/>
  <node version="1" id="952" lat="37.2393805" lon="126.7743106"/>
  <node version="1" id="953" lat="37.2393774" lon="126.7743187"/>
  <node version="1" id="954" lat="37.2393742" lon="126.7743267"/>
  <node version="1" id="955" lat="37.2393713" lon="126.7743349"/>
  <node version="1" id="956" lat="37.2393684" lon="126.7743432"/>
  <node version="1" id="957" lat="37.2393655" lon="126.7743514"/>
  <node version="1" id="958" lat="37.2393627" lon="126.7743596"/>
  <node version="1" id="959" lat="37.23936" lon="126.774368"/>
  <node version="1" id="960" lat="37.2393576" lon="126.7743764"/>
  <node version="1" id="961" lat="37.2393552" lon="126.7743849"/>
  <node version="1" id="962" lat="37.2393528" lon="126.7743933"/>
  <node version="1" id="963" lat="37.2393504" lon="126.7744018"/>
  <node version="1" id="964" lat="37.2393481" lon="126.7744103"/>
  <node version="1" id="965" lat="37.2393462" lon="126.774419"/>
  <node version="1" id="966" lat="37.2393443" lon="126.7744276"/>
  <node version="1" id="967" lat="37.2393424" lon="126.7744363"/>
  <node version="1" id="968" lat="37.2393407" lon="126.774445"/>
  <node version="1" id="969" lat="37.2393393" lon="126.7744538"/>
  <node version="1" id="970" lat="37.2393378" lon="126.7744626"/>
  <node version="1" id="971" lat="37.2393365" lon="126.7744714"/>
  <node version="1" id="972" lat="37.2393354" lon="126.7744803"/>
  <node version="1" id="973" lat="37.2393343" lon="126.7744892"/>
  <node version="1" id="974" lat="37.2393333" lon="126.7744981"/>
  <node version="1" id="975" lat="37.2393326" lon="126.774507"/>
  <node version="1" id="976" lat="37.2393318" lon="126.774516"/>
  <node version="1" id="977" lat="37.239331" lon="126.7745249"/>
  <node version="1" id="978" lat="37.2393306" lon="126.7745339"/>
  <node version="1" id="979" lat="37.2393301" lon="126.7745428"/>
  <node version="1" id="980" lat="37.2393296" lon="126.7745518"/>
  <node version="1" id="981" lat="37.2393294" lon="126.7745608"/>
  <node version="1" id="982" lat="37.2393292" lon="126.7745697"/>
  <node version="1" id="983" lat="37.239329" lon="126.7745787"/>
  <node version="1" id="984" lat="37.2393291" lon="126.7745877"/>
  <node version="1" id="985" lat="37.2393292" lon="126.7745967"/>
  <node version="1" id="986" lat="37.2393294" lon="126.7746057"/>
  <node version="1" id="987" lat="37.2393295" lon="126.7746146"/>
  <node version="1" id="988" lat="37.2393302" lon="126.7746236"/>
  <node version="1" id="989" lat="37.2393308" lon="126.7746325"/>
  <node version="1" id="990" lat="37.2393315" lon="126.7746415"/>
  <node version="1" id="991" lat="37.2393325" lon="126.7746504"/>
  <node version="1" id="992" lat="37.2393334" lon="126.7746593"/>
  <node version="1" id="993" lat="37.2393344" lon="126.7746682"/>
  <node version="1" id="994" lat="37.2393357" lon="126.774677"/>
  <node version="1" id="995" lat="37.2393369" lon="126.7746859"/>
  <node version="1" id="996" lat="37.2393384" lon="126.7746946"/>
  <node version="1" id="997" lat="37.2393399" lon="126.7747034"/>
  <node version="1" id="998" lat="37.2393415" lon="126.7747122"/>
  <node version="1" id="999" lat="37.2393433" lon="126.7747209"/>
  <node version="1" id="1000" lat="37.2393451" lon="126.7747296"/>
  <node version="1" id="1001" lat="37.2393471" lon="126.7747382"/>
  <node version="1" id="1002" lat="37.2393491" lon="126.7747468"/>
  <node version="1" id="1003" lat="37.2393512" lon="126.7747554"/>
  <node version="1" id="1004" lat="37.2393536" lon="126.7747639"/>
  <node version="1" id="1005" lat="37.239356" lon="126.7747724"/>
  <node version="1" id="1006" lat="37.2393583" lon="126.7747808"/>
  <node version="1" id="1007" lat="37.2393609" lon="126.7747892"/>
  <node version="1" id="1008" lat="37.2393636" lon="126.7747976"/>
  <node version="1" id="1009" lat="37.2393664" lon="126.7748058"/>
  <node version="1" id="1010" lat="37.2393694" lon="126.774814"/>
  <node version="1" id="1011" lat="37.2393724" lon="126.7748221"/>
  <node version="1" id="1012" lat="37.2393754" lon="126.7748303"/>
  <node version="1" id="1013" lat="37.2393784" lon="126.7748384"/>
  <node version="1" id="1014" lat="37.2393816" lon="126.7748464"/>
  <node version="1" id="1015" lat="37.2393851" lon="126.7748543"/>
  <node version="1" id="1016" lat="37.2393886" lon="126.7748621"/>
  <node version="1" id="1017" lat="37.2393922" lon="126.7748699"/>
  <node version="1" id="1018" lat="37.239396" lon="126.7748775"/>
  <node version="1" id="1019" lat="37.2393998" lon="126.7748851"/>
  <node version="1" id="1020" lat="37.2394037" lon="126.7748926"/>
  <node version="1" id="1021" lat="37.2394078" lon="126.7749"/>
  <node version="1" id="1022" lat="37.2394118" lon="126.7749074"/>
  <node version="1" id="1023" lat="37.239416" lon="126.7749147"/>
  <node version="1" id="1024" lat="37.2394202" lon="126.7749219"/>
  <node version="1" id="1025" lat="37.2394245" lon="126.7749291"/>
  <node version="1" id="1026" lat="37.2394288" lon="126.7749363"/>
  <node version="1" id="1027" lat="37.2394333" lon="126.7749432"/>
  <node version="1" id="1028" lat="37.239438" lon="126.7749501"/>
  <node version="1" id="1029" lat="37.2394426" lon="126.7749569"/>
  <node version="1" id="1030" lat="37.2394473" lon="126.7749637"/>
  <node version="1" id="1031" lat="37.239452" lon="126.7749704"/>
  <node version="1" id="1032" lat="37.239457" lon="126.7749769"/>
  <node version="1" id="1033" lat="37.239462" lon="126.7749833"/>
  <node version="1" id="1034" lat="37.239467" lon="126.7749897"/>
  <node version="1" id="1035" lat="37.239472" lon="126.7749962"/>
  <node version="1" id="1036" lat="37.2394772" lon="126.7750023"/>
  <node version="1" id="1037" lat="37.2394825" lon="126.7750084"/>
  <node version="1" id="1038" lat="37.2394878" lon="126.7750143"/>
  <node version="1" id="1039" lat="37.2394933" lon="126.7750202"/>
  <node version="1" id="1040" lat="37.2394987" lon="126.7750261"/>
  <node version="1" id="1041" lat="37.2395041" lon="126.7750319"/>
  <node version="1" id="1042" lat="37.2395097" lon="126.7750375"/>
  <node version="1" id="1043" lat="37.2395154" lon="126.775043"/>
  <node version="1" id="1044" lat="37.2395211" lon="126.7750484"/>
  <node version="1" id="1045" lat="37.2395268" lon="126.7750539"/>
  <node version="1" id="1046" lat="37.2395324" lon="126.7750593"/>
  <node version="1" id="1047" lat="37.2395383" lon="126.7750645"/>
  <node version="1" id="1048" lat="37.2395442" lon="126.7750695"/>
  <node version="1" id="1049" lat="37.2395502" lon="126.7750745"/>
  <node version="1" id="1050" lat="37.2395561" lon="126.7750794"/>
  <node version="1" id="1051" lat="37.2395621" lon="126.7750844"/>
  <node version="1" id="1052" lat="37.2395683" lon="126.7750889"/>
  <node version="1" id="1053" lat="37.2395744" lon="126.7750935"/>
  <node version="1" id="1054" lat="37.2395806" lon="126.7750981"/>
  <node version="1" id="1055" lat="37.2395869" lon="126.7751024"/>
  <node version="1" id="1056" lat="37.2395932" lon="126.7751066"/>
  <node version="1" id="1057" lat="37.2395994" lon="126.7751109"/>
  <node version="1" id="1058" lat="37.2396058" lon="126.775115"/>
  <node version="1" id="1059" lat="37.2396122" lon="126.775119"/>
  <node version="1" id="1060" lat="37.2396186" lon="126.775123"/>
  <node version="1" id="1061" lat="37.239625" lon="126.775127"/>
  <node version="1" id="1062" lat="37.2396314" lon="126.7751309"/>
  <node version="1" id="1063" lat="37.239638" lon="126.7751346"/>
  <node version="1" id="1064" lat="37.2396446" lon="126.775138"/>
  <node version="1" id="1065" lat="37.2396512" lon="126.7751415"/>
  <node version="1" id="1066" lat="37.2396578" lon="126.7751449"/>
  <node version="1" id="1067" lat="37.2396644" lon="126.7751484"/>
  <node version="1" id="1068" lat="37.239671" lon="126.7751519"/>
  <node version="1" id="1069" lat="37.2396776" lon="126.7751552"/>
  <node version="1" id="1070" lat="37.2396843" lon="126.7751583"/>
  <node version="1" id="1071" lat="37.2396911" lon="126.7751614"/>
  <node version="1" id="1072" lat="37.2396978" lon="126.7751642"/>
  <node version="1" id="1073" lat="37.2397047" lon="126.775167"/>
  <node version="1" id="1074" lat="37.2397115" lon="126.7751697"/>
  <node version="1" id="1075" lat="37.2397183" lon="126.7751725"/>
  <node version="1" id="1076" lat="37.2397251" lon="126.7751751"/>
  <node version="1" id="1077" lat="37.239732" lon="126.7751777"/>
  <node version="1" id="1078" lat="37.2397388" lon="126.7751803"/>
  <node version="1" id="1079" lat="37.2397457" lon="126.7751828"/>
  <node version="1" id="1080" lat="37.2397526" lon="126.775185"/>
  <node version="1" id="1081" lat="37.2397595" lon="126.7751873"/>
  <node version="1" id="1082" lat="37.2397664" lon="126.7751895"/>
  <node version="1" id="1083" lat="37.2397734" lon="126.7751914"/>
  <node version="1" id="1084" lat="37.2397804" lon="126.7751932"/>
  <node version="1" id="1085" lat="37.2397874" lon="126.7751951"/>
  <node version="1" id="1086" lat="37.2397944" lon="126.7751969"/>
  <node version="1" id="1087" lat="37.2398014" lon="126.7751988"/>
  <node version="1" id="1088" lat="37.2398084" lon="126.7752007"/>
  <node version="1" id="1089" lat="37.2398154" lon="126.7752025"/>
  <node version="1" id="1090" lat="37.2398224" lon="126.7752042"/>
  <node version="1" id="1091" lat="37.2398295" lon="126.7752057"/>
  <node version="1" id="1092" lat="37.2398365" lon="126.7752073"/>
  <node version="1" id="1093" lat="37.2398436" lon="126.7752088"/>
  <node version="1" id="1094" lat="37.2398506" lon="126.7752103"/>
  <node version="1" id="1095" lat="37.2398577" lon="126.7752119"/>
  <node version="1" id="1096" lat="37.2398648" lon="126.7752131"/>
  <node version="1" id="1097" lat="37.2398718" lon="126.7752143"/>
  <node version="1" id="1098" lat="37.2398789" lon="126.7752155"/>
  <node version="1" id="1099" lat="37.239886" lon="126.7752168"/>
  <node version="1" id="1100" lat="37.2398931" lon="126.775218"/>
  <node version="1" id="1101" lat="37.2399002" lon="126.7752192"/>
  <node version="1" id="1102" lat="37.2399073" lon="126.7752204"/>
  <node version="1" id="1103" lat="37.2399144" lon="126.7752214"/>
  <node version="1" id="1104" lat="37.2399215" lon="126.7752223"/>
  <node version="1" id="1105" lat="37.2399286" lon="126.7752233"/>
  <node version="1" id="1106" lat="37.2399357" lon="126.7752243"/>
  <node version="1" id="1107" lat="37.2399428" lon="126.7752252"/>
  <node version="1" id="1108" lat="37.23995" lon="126.775226"/>
  <node version="1" id="1109" lat="37.2399621" lon="126.7752271"/>
  <node version="1" id="1110" lat="37.239965" lon="126.7752071"/>
  <node version="1" id="1111" lat="37.2399667" lon="126.7752072"/>
  <node version="1" id="1112" lat="37.2399936" lon="126.7752095"/>
  <node version="1" id="1113" lat="37.2400154" lon="126.7752107"/>
  <node version="1" id="1114" lat="37.2400386" lon="126.7752113"/>
  <node version="1" id="1115" lat="37.2400453" lon="126.7752114"/>
  <node version="1" id="1116" lat="37.2400723" lon="126.7752118"/>
  <node version="1" id="1117" lat="37.2400876" lon="126.7752119"/>
  <node version="1" id="1118" lat="37.2401147" lon="126.7752119"/>
  <node version="1" id="1119" lat="37.2401341" lon="126.7752117"/>
  <node version="1" id="1120" lat="37.2401582" lon="126.7752114"/>
  <node version="1" id="1121" lat="37.2401687" lon="126.7752111"/>
  <node version="1" id="1122" lat="37.2401822" lon="126.7752108"/>
  <node version="1" id="1123" lat="37.2401957" lon="126.7752104"/>
  <node version="1" id="1124" lat="37.2402228" lon="126.7752098"/>
  <node version="1" id="1125" lat="37.2402498" lon="126.7752091"/>
  <node version="1" id="1126" lat="37.2402768" lon="126.7752084"/>
  <node version="1" id="1127" lat="37.240293" lon="126.7752079"/>
  <node version="1" id="1128" lat="37.2403201" lon="126.775207"/>
  <node version="1" id="1129" lat="37.2403336" lon="126.7752066"/>
  <node version="1" id="1130" lat="37.2403471" lon="126.7752061"/>
  <node version="1" id="1131" lat="37.2403741" lon="126.7752052"/>
  <node version="1" id="1132" lat="37.2403977" lon="126.7752044"/>
  <node version="1" id="1133" lat="37.2404043" lon="126.7752042"/>
  <node version="1" id="1134" lat="37.2404051" lon="126.7752437"/>
  <node version="1" id="1135" lat="37.2403919" lon="126.7752441"/>
  <node version="1" id="1136" lat="37.2403721" lon="126.7752448"/>
  <node version="1" id="1137" lat="37.2403523" lon="126.7752455"/>
  <node version="1" id="1138" lat="37.2403325" lon="126.7752462"/>
  <node version="1" id="1139" lat="37.2403073" lon="126.7752471"/>
  <node version="1" id="1140" lat="37.2402821" lon="126.775248"/>
  <node version="1" id="1141" lat="37.2402629" lon="126.7752486"/>
  <node version="1" id="1142" lat="37.2402437" lon="126.7752493"/>
  <node version="1" id="1143" lat="37.2402246" lon="126.7752499"/>
  <node version="1" id="1144" lat="37.240206" lon="126.7752503"/>
  <node version="1" id="1145" lat="37.2401875" lon="126.7752507"/>
  <node version="1" id="1146" lat="37.240169" lon="126.7752511"/>
  <node version="1" id="1147" lat="37.2401526" lon="126.7752512"/>
  <node version="1" id="1148" lat="37.2401361" lon="126.7752514"/>
  <node version="1" id="1149" lat="37.2401091" lon="126.7752515"/>
  <node version="1" id="1150" lat="37.2400839" lon="126.7752517"/>
  <node version="1" id="1151" lat="37.2400569" lon="126.7752516"/>
  <node version="1" id="1152" lat="37.2400443" lon="126.7752515"/>
  <node version="1" id="1153" lat="37.2400173" lon="126.7752508"/>
  <node version="1" id="1154" lat="37.2400149" lon="126.7752507"/>
  <node version="1" id="1155" lat="37.2399935" lon="126.7752499"/>
  <node version="1" id="1156" lat="37.2399752" lon="126.7752486"/>
  <node version="1" id="1157" lat="37.2399692" lon="126.7752277"/>
  <node version="1" id="1158" lat="37.2399764" lon="126.7752283"/>
  <node version="1" id="1159" lat="37.2399835" lon="126.7752289"/>
  <node version="1" id="1160" lat="37.2399906" lon="126.7752295"/>
  <node version="1" id="1161" lat="37.2399978" lon="126.7752299"/>
  <node version="1" id="1162" lat="37.2400049" lon="126.7752302"/>
  <node version="1" id="1163" lat="37.2400121" lon="126.7752306"/>
  <node version="1" id="1164" lat="37.2400192" lon="126.7752308"/>
  <node version="1" id="1165" lat="37.2400264" lon="126.775231"/>
  <node version="1" id="1166" lat="37.2400335" lon="126.7752311"/>
  <node version="1" id="1167" lat="37.2400407" lon="126.7752313"/>
  <node version="1" id="1168" lat="37.2400478" lon="126.7752314"/>
  <node version="1" id="1169" lat="37.240055" lon="126.7752315"/>
  <node version="1" id="1170" lat="37.2400621" lon="126.7752316"/>
  <node version="1" id="1171" lat="37.2400693" lon="126.7752316"/>
  <node version="1" id="1172" lat="37.2400764" lon="126.7752316"/>
  <node version="1" id="1173" lat="37.2400836" lon="126.7752316"/>
  <node version="1" id="1174" lat="37.2400907" lon="126.7752317"/>
  <node version="1" id="1175" lat="37.2400979" lon="126.7752317"/>
  <node version="1" id="1176" lat="37.240105" lon="126.7752317"/>
  <node version="1" id="1177" lat="37.2401122" lon="126.7752317"/>
  <node version="1" id="1178" lat="37.2401193" lon="126.7752316"/>
  <node version="1" id="1179" lat="37.2401265" lon="126.7752315"/>
  <node version="1" id="1180" lat="37.2401336" lon="126.7752314"/>
  <node version="1" id="1181" lat="37.2401408" lon="126.7752313"/>
  <node version="1" id="1182" lat="37.2401479" lon="126.7752311"/>
  <node version="1" id="1183" lat="37.2401551" lon="126.775231"/>
  <node version="1" id="1184" lat="37.2401622" lon="126.7752309"/>
  <node version="1" id="1185" lat="37.2401694" lon="126.7752308"/>
  <node version="1" id="1186" lat="37.2401765" lon="126.7752306"/>
  <node version="1" id="1187" lat="37.2401837" lon="126.7752305"/>
  <node version="1" id="1188" lat="37.2401908" lon="126.7752304"/>
  <node version="1" id="1189" lat="37.240198" lon="126.7752303"/>
  <node version="1" id="1190" lat="37.2402051" lon="126.7752301"/>
  <node version="1" id="1191" lat="37.2402123" lon="126.77523"/>
  <node version="1" id="1192" lat="37.2402194" lon="126.7752299"/>
  <node version="1" id="1193" lat="37.2402266" lon="126.7752298"/>
  <node version="1" id="1194" lat="37.2402337" lon="126.7752295"/>
  <node version="1" id="1195" lat="37.2402409" lon="126.7752293"/>
  <node version="1" id="1196" lat="37.240248" lon="126.775229"/>
  <node version="1" id="1197" lat="37.2402552" lon="126.7752288"/>
  <node version="1" id="1198" lat="37.2402623" lon="126.7752286"/>
  <node version="1" id="1199" lat="37.2402695" lon="126.7752283"/>
  <node version="1" id="1200" lat="37.2402766" lon="126.7752281"/>
  <node version="1" id="1201" lat="37.2402838" lon="126.7752279"/>
  <node version="1" id="1202" lat="37.2402909" lon="126.7752276"/>
  <node version="1" id="1203" lat="37.2402981" lon="126.7752274"/>
  <node version="1" id="1204" lat="37.2403052" lon="126.7752272"/>
  <node version="1" id="1205" lat="37.2403124" lon="126.7752269"/>
  <node version="1" id="1206" lat="37.2403195" lon="126.7752267"/>
  <node version="1" id="1207" lat="37.2403267" lon="126.7752265"/>
  <node version="1" id="1208" lat="37.2403338" lon="126.7752262"/>
  <node version="1" id="1209" lat="37.240341" lon="126.775226"/>
  <node version="1" id="1210" lat="37.2403481" lon="126.7752258"/>
  <node version="1" id="1211" lat="37.2403553" lon="126.7752255"/>
  <node version="1" id="1212" lat="37.2403624" lon="126.7752253"/>
  <node version="1" id="1213" lat="37.2403696" lon="126.7752251"/>
  <node version="1" id="1214" lat="37.2403767" lon="126.7752248"/>
  <node version="1" id="1215" lat="37.2403839" lon="126.7752246"/>
  <node version="1" id="1216" lat="37.240391" lon="126.7752244"/>
  <node version="1" id="1217" lat="37.2404047" lon="126.7752239"/>
  <node version="1" id="1218" lat="37.2404046" lon="126.7752042"/>
  <node version="1" id="1219" lat="37.2404564" lon="126.775209"/>
  <node version="1" id="1220" lat="37.240477" lon="126.7752134"/>
  <node version="1" id="1221" lat="37.2404929" lon="126.7752193"/>
  <node version="1" id="1222" lat="37.2405014" lon="126.7752244"/>
  <node version="1" id="1223" lat="37.2405071" lon="126.7752304"/>
  <node version="1" id="1224" lat="37.2405117" lon="126.7752393"/>
  <node version="1" id="1225" lat="37.2405136" lon="126.7752514"/>
  <node version="1" id="1226" lat="37.2405105" lon="126.7752657"/>
  <node version="1" id="1227" lat="37.2405057" lon="126.7752758"/>
  <node version="1" id="1228" lat="37.2404981" lon="126.7752836"/>
  <node version="1" id="1229" lat="37.2404908" lon="126.7752879"/>
  <node version="1" id="1230" lat="37.2404718" lon="126.7752962"/>
  <node version="1" id="1231" lat="37.2404504" lon="126.7753018"/>
  <node version="1" id="1232" lat="37.2404058" lon="126.7753072"/>
  <node version="1" id="1233" lat="37.2404055" lon="126.7752607"/>
  <node version="1" id="1234" lat="37.2404393" lon="126.7752587"/>
  <node version="1" id="1235" lat="37.2404673" lon="126.7752572"/>
  <node version="1" id="1236" lat="37.2404736" lon="126.7752569"/>
  <node version="1" id="1237" lat="37.2404796" lon="126.7752562"/>
  <node version="1" id="1238" lat="37.2404822" lon="126.7752538"/>
  <node version="1" id="1239" lat="37.240483" lon="126.7752508"/>
  <node version="1" id="1240" lat="37.2404822" lon="126.7752475"/>
  <node version="1" id="1241" lat="37.2404803" lon="126.7752446"/>
  <node version="1" id="1242" lat="37.2404742" lon="126.7752437"/>
  <node version="1" id="1243" lat="37.240467" lon="126.7752436"/>
  <node version="1" id="1244" lat="37.2404391" lon="126.7752431"/>
  <node version="1" id="1245" lat="37.2404053" lon="126.7752436"/>
  <node version="1" id="1246" lat="37.240405" lon="126.7752239"/>
  <node version="1" id="1247" lat="37.2404121" lon="126.7752243"/>
  <node version="1" id="1248" lat="37.2404193" lon="126.7752246"/>
  <node version="1" id="1249" lat="37.2404264" lon="126.775225"/>
  <node version="1" id="1250" lat="37.2404336" lon="126.7752253"/>
  <node version="1" id="1251" lat="37.2404407" lon="126.7752257"/>
  <node version="1" id="1252" lat="37.2404479" lon="126.7752261"/>
  <node version="1" id="1253" lat="37.240455" lon="126.775227"/>
  <node version="1" id="1254" lat="37.2404621" lon="126.775228"/>
  <node version="1" id="1255" lat="37.2404691" lon="126.7752294"/>
  <node version="1" id="1256" lat="37.2404762" lon="126.775231"/>
  <node version="1" id="1257" lat="37.2404831" lon="126.7752333"/>
  <node version="1" id="1258" lat="37.2404897" lon="126.7752367"/>
  <node version="1" id="1259" lat="37.2404954" lon="126.775242"/>
  <node version="1" id="1260" lat="37.240498" lon="126.7752502"/>
  <node version="1" id="1261" lat="37.2404958" lon="126.7752586"/>
  <node version="1" id="1262" lat="37.2404908" lon="126.7752648"/>
  <node version="1" id="1263" lat="37.2404845" lon="126.775269"/>
  <node version="1" id="1264" lat="37.2404778" lon="126.775272"/>
  <node version="1" id="1265" lat="37.2404708" lon="126.7752741"/>
  <node version="1" id="1266" lat="37.2404638" lon="126.7752761"/>
  <node version="1" id="1267" lat="37.2404568" lon="126.7752778"/>
  <node version="1" id="1268" lat="37.2404497" lon="126.775279"/>
  <node version="1" id="1269" lat="37.2404427" lon="126.7752803"/>
  <node version="1" id="1270" lat="37.2404355" lon="126.775281"/>
  <node version="1" id="1271" lat="37.2404284" lon="126.7752817"/>
  <node version="1" id="1272" lat="37.2404213" lon="126.7752824"/>
  <node version="1" id="1273" lat="37.2404141" lon="126.7752831"/>
  <node version="1" id="1274" lat="37.2404057" lon="126.7752839"/>
  <node version="1" id="1275" lat="37.2404058" lon="126.7753069"/>
  <node version="1" id="1276" lat="37.2404046" lon="126.7753069"/>
  <node version="1" id="1277" lat="37.2403866" lon="126.7753075"/>
  <node version="1" id="1278" lat="37.2403644" lon="126.7753082"/>
  <node version="1" id="1279" lat="37.2403422" lon="126.7753089"/>
  <node version="1" id="1280" lat="37.2403215" lon="126.7753095"/>
  <node version="1" id="1281" lat="37.2403009" lon="126.7753102"/>
  <node version="1" id="1282" lat="37.2402802" lon="126.7753108"/>
  <node version="1" id="1283" lat="37.2402595" lon="126.7753115"/>
  <node version="1" id="1284" lat="37.2402408" lon="126.7753121"/>
  <node version="1" id="1285" lat="37.240222" lon="126.7753127"/>
  <node version="1" id="1286" lat="37.2402033" lon="126.7753134"/>
  <node version="1" id="1287" lat="37.2401813" lon="126.7753141"/>
  <node version="1" id="1288" lat="37.2401593" lon="126.7753148"/>
  <node version="1" id="1289" lat="37.2401333" lon="126.7753159"/>
  <node version="1" id="1290" lat="37.2401073" lon="126.7753169"/>
  <node version="1" id="1291" lat="37.2400812" lon="126.775318"/>
  <node version="1" id="1292" lat="37.2400547" lon="126.7753187"/>
  <node version="1" id="1293" lat="37.2400283" lon="126.7753194"/>
  <node version="1" id="1294" lat="37.2400018" lon="126.7753201"/>
  <node version="1" id="1295" lat="37.2399829" lon="126.7753211"/>
  <node version="1" id="1296" lat="37.2399599" lon="126.7753218"/>
  <node version="1" id="1297" lat="37.2399369" lon="126.7753225"/>
  <node version="1" id="1298" lat="37.2399139" lon="126.7753231"/>
  <node version="1" id="1299" lat="37.2398909" lon="126.7753238"/>
  <node version="1" id="1300" lat="37.2398671" lon="126.775322"/>
  <node version="1" id="1301" lat="37.2398528" lon="126.7753207"/>
  <node version="1" id="1302" lat="37.2398384" lon="126.7753193"/>
  <node version="1" id="1303" lat="37.2398298" lon="126.7753191"/>
  <node version="1" id="1304" lat="37.2398182" lon="126.7753193"/>
  <node version="1" id="1305" lat="37.2398008" lon="126.77532"/>
  <node version="1" id="1306" lat="37.2397835" lon="126.7753207"/>
  <node version="1" id="1307" lat="37.2397626" lon="126.7753217"/>
  <node version="1" id="1308" lat="37.2397417" lon="126.7753226"/>
  <node version="1" id="1309" lat="37.239726" lon="126.775323"/>
  <node version="1" id="1310" lat="37.2397104" lon="126.7753233"/>
  <node version="1" id="1311" lat="37.2396925" lon="126.7753239"/>
  <node version="1" id="1312" lat="37.2396857" lon="126.7753242"/>
  <node version="1" id="1313" lat="37.239673" lon="126.7753245"/>
  <node version="1" id="1314" lat="37.2396529" lon="126.7753253"/>
  <node version="1" id="1315" lat="37.2396328" lon="126.7753262"/>
  <node version="1" id="1316" lat="37.2396059" lon="126.7753274"/>
  <node version="1" id="1317" lat="37.2395868" lon="126.7753281"/>
  <node version="1" id="1318" lat="37.2395677" lon="126.7753288"/>
  <node version="1" id="1319" lat="37.2395492" lon="126.77533"/>
  <node version="1" id="1320" lat="37.2395408" lon="126.7753314"/>
  <node version="1" id="1321" lat="37.2395306" lon="126.7753338"/>
  <node version="1" id="1322" lat="37.2395122" lon="126.7753375"/>
  <node version="1" id="1323" lat="37.2395106" lon="126.7752932"/>
  <node version="1" id="1324" lat="37.2395269" lon="126.7752927"/>
  <node version="1" id="1325" lat="37.2395432" lon="126.7752923"/>
  <node version="1" id="1326" lat="37.2395642" lon="126.7752916"/>
  <node version="1" id="1327" lat="37.2395853" lon="126.7752908"/>
  <node version="1" id="1328" lat="37.2396065" lon="126.7752901"/>
  <node version="1" id="1329" lat="37.2396277" lon="126.7752894"/>
  <node version="1" id="1330" lat="37.239649" lon="126.7752887"/>
  <node version="1" id="1331" lat="37.2396703" lon="126.7752879"/>
  <node version="1" id="1332" lat="37.2396916" lon="126.7752872"/>
  <node version="1" id="1333" lat="37.2396982" lon="126.775287"/>
  <node version="1" id="1334" lat="37.2397142" lon="126.7752865"/>
  <node version="1" id="1335" lat="37.2397301" lon="126.775286"/>
  <node version="1" id="1336" lat="37.2397543" lon="126.7752851"/>
  <node version="1" id="1337" lat="37.2397785" lon="126.7752842"/>
  <node version="1" id="1338" lat="37.239804" lon="126.7752833"/>
  <node version="1" id="1339" lat="37.2398296" lon="126.7752824"/>
  <node version="1" id="1340" lat="37.2398482" lon="126.7752817"/>
  <node version="1" id="1341" lat="37.2398669" lon="126.775281"/>
  <node version="1" id="1342" lat="37.2398855" lon="126.7752803"/>
  <node version="1" id="1343" lat="37.2398901" lon="126.7752801"/>
  <node version="1" id="1344" lat="37.2399047" lon="126.7752796"/>
  <node version="1" id="1345" lat="37.2399193" lon="126.7752791"/>
  <node version="1" id="1346" lat="37.239938" lon="126.7752784"/>
  <node version="1" id="1347" lat="37.2399566" lon="126.7752778"/>
  <node version="1" id="1348" lat="37.239974" lon="126.7752772"/>
  <node version="1" id="1349" lat="37.2399913" lon="126.7752766"/>
  <node version="1" id="1350" lat="37.2400119" lon="126.7752757"/>
  <node version="1" id="1351" lat="37.2400355" lon="126.775275"/>
  <node version="1" id="1352" lat="37.2400591" lon="126.7752742"/>
  <node version="1" id="1353" lat="37.2400784" lon="126.7752734"/>
  <node version="1" id="1354" lat="37.2400976" lon="126.7752725"/>
  <node version="1" id="1355" lat="37.2401146" lon="126.7752717"/>
  <node version="1" id="1356" lat="37.2401316" lon="126.7752709"/>
  <node version="1" id="1357" lat="37.2401496" lon="126.7752702"/>
  <node version="1" id="1358" lat="37.2401677" lon="126.7752695"/>
  <node version="1" id="1359" lat="37.2401864" lon="126.7752688"/>
  <node version="1" id="1360" lat="37.240205" lon="126.775268"/>
  <node version="1" id="1361" lat="37.2402266" lon="126.7752673"/>
  <node version="1" id="1362" lat="37.2402483" lon="126.7752665"/>
  <node version="1" id="1363" lat="37.2402699" lon="126.7752657"/>
  <node version="1" id="1364" lat="37.2402953" lon="126.7752647"/>
  <node version="1" id="1365" lat="37.2403206" lon="126.7752638"/>
  <node version="1" id="1366" lat="37.2403389" lon="126.7752631"/>
  <node version="1" id="1367" lat="37.2403572" lon="126.7752625"/>
  <node version="1" id="1368" lat="37.2403794" lon="126.7752617"/>
  <node version="1" id="1369" lat="37.2404016" lon="126.7752609"/>
  <node version="1" id="1370" lat="37.2404054" lon="126.7752607"/>
  <node version="1" id="1371" lat="37.2404056" lon="126.7752838"/>
  <node version="1" id="1372" lat="37.2403984" lon="126.775284"/>
  <node version="1" id="1373" lat="37.2403913" lon="126.7752843"/>
  <node version="1" id="1374" lat="37.2403841" lon="126.7752845"/>
  <node version="1" id="1375" lat="37.240377" lon="126.7752848"/>
  <node version="1" id="1376" lat="37.2403698" lon="126.775285"/>
  <node version="1" id="1377" lat="37.2403627" lon="126.7752853"/>
  <node version="1" id="1378" lat="37.2403555" lon="126.7752855"/>
  <node version="1" id="1379" lat="37.2403484" lon="126.7752858"/>
  <node version="1" id="1380" lat="37.2403413" lon="126.7752861"/>
  <node version="1" id="1381" lat="37.2403341" lon="126.7752863"/>
  <node version="1" id="1382" lat="37.240327" lon="126.7752866"/>
  <node version="1" id="1383" lat="37.2403198" lon="126.7752868"/>
  <node version="1" id="1384" lat="37.2403127" lon="126.7752871"/>
  <node version="1" id="1385" lat="37.2403055" lon="126.7752873"/>
  <node version="1" id="1386" lat="37.2402984" lon="126.7752876"/>
  <node version="1" id="1387" lat="37.2402912" lon="126.7752878"/>
  <node version="1" id="1388" lat="37.2402841" lon="126.7752881"/>
  <node version="1" id="1389" lat="37.2402769" lon="126.7752883"/>
  <node version="1" id="1390" lat="37.2402698" lon="126.7752886"/>
  <node version="1" id="1391" lat="37.2402626" lon="126.7752888"/>
  <node version="1" id="1392" lat="37.2402555" lon="126.7752891"/>
  <node version="1" id="1393" lat="37.2402483" lon="126.7752893"/>
  <node version="1" id="1394" lat="37.2402412" lon="126.7752896"/>
  <node version="1" id="1395" lat="37.240234" lon="126.7752898"/>
  <node version="1" id="1396" lat="37.2402269" lon="126.7752901"/>
  <node version="1" id="1397" lat="37.2402197" lon="126.7752903"/>
  <node version="1" id="1398" lat="37.2402126" lon="126.7752906"/>
  <node version="1" id="1399" lat="37.2402054" lon="126.7752908"/>
  <node version="1" id="1400" lat="37.2401983" lon="126.7752911"/>
  <node version="1" id="1401" lat="37.2401911" lon="126.7752914"/>
  <node version="1" id="1402" lat="37.240184" lon="126.7752916"/>
  <node version="1" id="1403" lat="37.2401768" lon="126.7752919"/>
  <node version="1" id="1404" lat="37.2401697" lon="126.7752921"/>
  <node version="1" id="1405" lat="37.2401625" lon="126.7752924"/>
  <node version="1" id="1406" lat="37.2401554" lon="126.7752926"/>
  <node version="1" id="1407" lat="37.2401482" lon="126.7752929"/>
  <node version="1" id="1408" lat="37.2401411" lon="126.7752931"/>
  <node version="1" id="1409" lat="37.2401339" lon="126.7752934"/>
  <node version="1" id="1410" lat="37.2401268" lon="126.7752936"/>
  <node version="1" id="1411" lat="37.2401196" lon="126.7752939"/>
  <node version="1" id="1412" lat="37.2401125" lon="126.7752941"/>
  <node version="1" id="1413" lat="37.2401053" lon="126.7752944"/>
  <node version="1" id="1414" lat="37.2400982" lon="126.7752946"/>
  <node version="1" id="1415" lat="37.240091" lon="126.7752949"/>
  <node version="1" id="1416" lat="37.2400839" lon="126.7752951"/>
  <node version="1" id="1417" lat="37.2400767" lon="126.7752954"/>
  <node version="1" id="1418" lat="37.2400696" lon="126.7752956"/>
  <node version="1" id="1419" lat="37.2400625" lon="126.7752959"/>
  <node version="1" id="1420" lat="37.2400553" lon="126.7752962"/>
  <node version="1" id="1421" lat="37.2400482" lon="126.7752964"/>
  <node version="1" id="1422" lat="37.240041" lon="126.7752967"/>
  <node version="1" id="1423" lat="37.2400339" lon="126.7752969"/>
  <node version="1" id="1424" lat="37.2400267" lon="126.7752972"/>
  <node version="1" id="1425" lat="37.2400196" lon="126.7752974"/>
  <node version="1" id="1426" lat="37.2400124" lon="126.7752977"/>
  <node version="1" id="1427" lat="37.2400053" lon="126.7752979"/>
  <node version="1" id="1428" lat="37.2399981" lon="126.7752982"/>
  <node version="1" id="1429" lat="37.239991" lon="126.7752984"/>
  <node version="1" id="1430" lat="37.2399838" lon="126.7752987"/>
  <node version="1" id="1431" lat="37.2399767" lon="126.7752989"/>
  <node version="1" id="1432" lat="37.2399695" lon="126.7752992"/>
  <node version="1" id="1433" lat="37.2399624" lon="126.7752994"/>
  <node version="1" id="1434" lat="37.2399552" lon="126.7752997"/>
  <node version="1" id="1435" lat="37.2399481" lon="126.7752999"/>
  <node version="1" id="1436" lat="37.2399409" lon="126.7753002"/>
  <node version="1" id="1437" lat="37.2399338" lon="126.7753004"/>
  <node version="1" id="1438" lat="37.2399266" lon="126.7753007"/>
  <node version="1" id="1439" lat="37.2399195" lon="126.7753009"/>
  <node version="1" id="1440" lat="37.2399123" lon="126.7753012"/>
  <node version="1" id="1441" lat="37.2399052" lon="126.7753015"/>
  <node version="1" id="1442" lat="37.239898" lon="126.7753017"/>
  <node version="1" id="1443" lat="37.2398909" lon="126.7753019"/>
  <node version="1" id="1444" lat="37.2398837" lon="126.7753017"/>
  <node version="1" id="1445" lat="37.2398766" lon="126.7753016"/>
  <node version="1" id="1446" lat="37.2398694" lon="126.7753015"/>
  <node version="1" id="1447" lat="37.2398623" lon="126.7753013"/>
  <node version="1" id="1448" lat="37.2398551" lon="126.7753012"/>
  <node version="1" id="1449" lat="37.239848" lon="126.7753011"/>
  <node version="1" id="1450" lat="37.2398408" lon="126.7753009"/>
  <node version="1" id="1451" lat="37.2398337" lon="126.7753008"/>
  <node version="1" id="1452" lat="37.2398265" lon="126.7753009"/>
  <node version="1" id="1453" lat="37.2398194" lon="126.7753011"/>
  <node version="1" id="1454" lat="37.2398122" lon="126.7753014"/>
  <node version="1" id="1455" lat="37.2398051" lon="126.7753016"/>
  <node version="1" id="1456" lat="37.2397979" lon="126.7753019"/>
  <node version="1" id="1457" lat="37.2397908" lon="126.7753021"/>
  <node version="1" id="1458" lat="37.2397836" lon="126.7753024"/>
  <node version="1" id="1459" lat="37.2397765" lon="126.7753026"/>
  <node version="1" id="1460" lat="37.2397693" lon="126.7753028"/>
  <node version="1" id="1461" lat="37.2397622" lon="126.7753031"/>
  <node version="1" id="1462" lat="37.239755" lon="126.7753033"/>
  <node version="1" id="1463" lat="37.2397479" lon="126.7753036"/>
  <node version="1" id="1464" lat="37.2397407" lon="126.7753038"/>
  <node version="1" id="1465" lat="37.2397336" lon="126.7753041"/>
  <node version="1" id="1466" lat="37.2397264" lon="126.7753043"/>
  <node version="1" id="1467" lat="37.2397193" lon="126.7753046"/>
  <node version="1" id="1468" lat="37.2397121" lon="126.7753048"/>
  <node version="1" id="1469" lat="37.239705" lon="126.7753051"/>
  <node version="1" id="1470" lat="37.2396978" lon="126.7753053"/>
  <node version="1" id="1471" lat="37.2396907" lon="126.7753056"/>
  <node version="1" id="1472" lat="37.2396835" lon="126.7753058"/>
  <node version="1" id="1473" lat="37.2396764" lon="126.775306"/>
  <node version="1" id="1474" lat="37.2396693" lon="126.7753063"/>
  <node version="1" id="1475" lat="37.2396621" lon="126.7753066"/>
  <node version="1" id="1476" lat="37.239655" lon="126.7753069"/>
  <node version="1" id="1477" lat="37.2396478" lon="126.7753072"/>
  <node version="1" id="1478" lat="37.2396407" lon="126.7753074"/>
  <node version="1" id="1479" lat="37.2396335" lon="126.7753077"/>
  <node version="1" id="1480" lat="37.2396264" lon="126.775308"/>
  <node version="1" id="1481" lat="37.2396192" lon="126.7753083"/>
  <node version="1" id="1482" lat="37.2396121" lon="126.7753086"/>
  <node version="1" id="1483" lat="37.2396049" lon="126.7753088"/>
  <node version="1" id="1484" lat="37.2395978" lon="126.7753091"/>
  <node version="1" id="1485" lat="37.2395906" lon="126.7753094"/>
  <node version="1" id="1486" lat="37.2395835" lon="126.7753097"/>
  <node version="1" id="1487" lat="37.2395763" lon="126.77531"/>
  <node version="1" id="1488" lat="37.2395692" lon="126.7753103"/>
  <node version="1" id="1489" lat="37.239562" lon="126.7753105"/>
  <node version="1" id="1490" lat="37.2395549" lon="126.7753108"/>
  <node version="1" id="1491" lat="37.2395477" lon="126.7753113"/>
  <node version="1" id="1492" lat="37.2395406" lon="126.7753121"/>
  <node version="1" id="1493" lat="37.2395335" lon="126.7753129"/>
  <node version="1" id="1494" lat="37.2395264" lon="126.7753136"/>
  <node version="1" id="1495" lat="37.2395192" lon="126.7753144"/>
  <node version="1" id="1496" lat="37.2395114" lon="126.7753153"/>
  <node version="1" id="1497" lat="37.2394971" lon="126.7753379"/>
  <node version="1" id="1498" lat="37.239482" lon="126.7753383"/>
  <node version="1" id="1499" lat="37.2394591" lon="126.7753387"/>
  <node version="1" id="1500" lat="37.2394362" lon="126.7753391"/>
  <node version="1" id="1501" lat="37.2394133" lon="126.7753394"/>
  <node version="1" id="1502" lat="37.239395" lon="126.7753394"/>
  <node version="1" id="1503" lat="37.2392897" lon="126.7753386"/>
  <node version="1" id="1504" lat="37.2392893" lon="126.7753386"/>
  <node version="1" id="1505" lat="37.2392276" lon="126.7753355"/>
  <node version="1" id="1506" lat="37.2391627" lon="126.7753267"/>
  <node version="1" id="1507" lat="37.2391146" lon="126.7753183"/>
  <node version="1" id="1508" lat="37.2390216" lon="126.7752935"/>
  <node version="1" id="1509" lat="37.2389411" lon="126.7752657"/>
  <node version="1" id="1510" lat="37.2388405" lon="126.7752174"/>
  <node version="1" id="1511" lat="37.2387847" lon="126.7751836"/>
  <node version="1" id="1512" lat="37.23875" lon="126.7751556"/>
  <node version="1" id="1513" lat="37.2387169" lon="126.7751222"/>
  <node version="1" id="1514" lat="37.2386983" lon="126.7751018"/>
  <node version="1" id="1515" lat="37.2386569" lon="126.7750532"/>
  <node version="1" id="1516" lat="37.2386438" lon="126.7750357"/>
  <node version="1" id="1517" lat="37.238666" lon="126.7750108"/>
  <node version="1" id="1518" lat="37.2387034" lon="126.7750547"/>
  <node version="1" id="1519" lat="37.2387529" lon="126.7751081"/>
  <node version="1" id="1520" lat="37.2387798" lon="126.7751338"/>
  <node version="1" id="1521" lat="37.2388006" lon="126.77515"/>
  <node version="1" id="1522" lat="37.2388283" lon="126.775168"/>
  <node version="1" id="1523" lat="37.2388545" lon="126.7751835"/>
  <node version="1" id="1524" lat="37.2388969" lon="126.775204"/>
  <node version="1" id="1525" lat="37.2389331" lon="126.7752205"/>
  <node version="1" id="1526" lat="37.2389787" lon="126.7752386"/>
  <node version="1" id="1527" lat="37.2390174" lon="126.775252"/>
  <node version="1" id="1528" lat="37.2390325" lon="126.7752592"/>
  <node version="1" id="1529" lat="37.2390513" lon="126.7752649"/>
  <node version="1" id="1530" lat="37.2390705" lon="126.7752694"/>
  <node version="1" id="1531" lat="37.239102" lon="126.775276"/>
  <node version="1" id="1532" lat="37.2391176" lon="126.7752781"/>
  <node version="1" id="1533" lat="37.2391323" lon="126.7752798"/>
  <node version="1" id="1534" lat="37.239145" lon="126.7752822"/>
  <node version="1" id="1535" lat="37.2391597" lon="126.775283"/>
  <node version="1" id="1536" lat="37.2391746" lon="126.7752843"/>
  <node version="1" id="1537" lat="37.2391874" lon="126.7752852"/>
  <node version="1" id="1538" lat="37.2392064" lon="126.775287"/>
  <node version="1" id="1539" lat="37.2392272" lon="126.7752881"/>
  <node version="1" id="1540" lat="37.2392486" lon="126.7752896"/>
  <node version="1" id="1541" lat="37.2392693" lon="126.7752911"/>
  <node version="1" id="1542" lat="37.2392931" lon="126.7752919"/>
  <node version="1" id="1543" lat="37.2393168" lon="126.7752925"/>
  <node version="1" id="1544" lat="37.2393406" lon="126.7752937"/>
  <node version="1" id="1545" lat="37.2393638" lon="126.7752935"/>
  <node version="1" id="1546" lat="37.2393875" lon="126.7752934"/>
  <node version="1" id="1547" lat="37.2394111" lon="126.7752936"/>
  <node version="1" id="1548" lat="37.239435" lon="126.7752935"/>
  <node version="1" id="1549" lat="37.2394589" lon="126.7752937"/>
  <node version="1" id="1550" lat="37.2394825" lon="126.7752936"/>
  <node version="1" id="1551" lat="37.2394968" lon="126.7752936"/>
  <node version="1" id="1552" lat="37.2395106" lon="126.775293"/>
  <node version="1" id="1553" lat="37.2395114" lon="126.7753152"/>
  <node version="1" id="1554" lat="37.2395043" lon="126.7753153"/>
  <node version="1" id="1555" lat="37.2394971" lon="126.7753154"/>
  <node version="1" id="1556" lat="37.2394899" lon="126.7753155"/>
  <node version="1" id="1557" lat="37.2394828" lon="126.7753156"/>
  <node version="1" id="1558" lat="37.2394756" lon="126.7753157"/>
  <node version="1" id="1559" lat="37.2394685" lon="126.7753158"/>
  <node version="1" id="1560" lat="37.2394613" lon="126.7753159"/>
  <node version="1" id="1561" lat="37.2394542" lon="126.775316"/>
  <node version="1" id="1562" lat="37.239447" lon="126.7753161"/>
  <node version="1" id="1563" lat="37.2394399" lon="126.7753162"/>
  <node version="1" id="1564" lat="37.2394327" lon="126.7753163"/>
  <node version="1" id="1565" lat="37.2394256" lon="126.7753163"/>
  <node version="1" id="1566" lat="37.2394184" lon="126.7753164"/>
  <node version="1" id="1567" lat="37.2394113" lon="126.7753165"/>
  <node version="1" id="1568" lat="37.2394041" lon="126.7753165"/>
  <node version="1" id="1569" lat="37.239397" lon="126.7753165"/>
  <node version="1" id="1570" lat="37.2393898" lon="126.7753164"/>
  <node version="1" id="1571" lat="37.2393827" lon="126.7753164"/>
  <node version="1" id="1572" lat="37.2393755" lon="126.7753164"/>
  <node version="1" id="1573" lat="37.2393684" lon="126.7753164"/>
  <node version="1" id="1574" lat="37.2393612" lon="126.7753164"/>
  <node version="1" id="1575" lat="37.2393541" lon="126.7753164"/>
  <node version="1" id="1576" lat="37.2393469" lon="126.7753164"/>
  <node version="1" id="1577" lat="37.2393398" lon="126.7753163"/>
  <node version="1" id="1578" lat="37.2393326" lon="126.7753162"/>
  <node version="1" id="1579" lat="37.2393255" lon="126.775316"/>
  <node version="1" id="1580" lat="37.2393183" lon="126.7753159"/>
  <node version="1" id="1581" lat="37.2393112" lon="126.7753157"/>
  <node version="1" id="1582" lat="37.239304" lon="126.7753155"/>
  <node version="1" id="1583" lat="37.2392969" lon="126.7753154"/>
  <node version="1" id="1584" lat="37.2392897" lon="126.7753152"/>
  <node version="1" id="1585" lat="37.2392826" lon="126.7753148"/>
  <node version="1" id="1586" lat="37.2392754" lon="126.7753144"/>
  <node version="1" id="1587" lat="37.2392683" lon="126.775314"/>
  <node version="1" id="1588" lat="37.2392611" lon="126.7753136"/>
  <node version="1" id="1589" lat="37.239254" lon="126.7753132"/>
  <node version="1" id="1590" lat="37.2392468" lon="126.7753129"/>
  <node version="1" id="1591" lat="37.2392397" lon="126.7753125"/>
  <node version="1" id="1592" lat="37.2392326" lon="126.7753121"/>
  <node version="1" id="1593" lat="37.2392254" lon="126.7753115"/>
  <node version="1" id="1594" lat="37.2392183" lon="126.7753107"/>
  <node version="1" id="1595" lat="37.2392112" lon="126.77531"/>
  <node version="1" id="1596" lat="37.239204" lon="126.7753092"/>
  <node version="1" id="1597" lat="37.2391969" lon="126.7753085"/>
  <node version="1" id="1598" lat="37.2391898" lon="126.7753077"/>
  <node version="1" id="1599" lat="37.2391827" lon="126.775307"/>
  <node version="1" id="1600" lat="37.2391755" lon="126.7753062"/>
  <node version="1" id="1601" lat="37.2391684" lon="126.7753055"/>
  <node version="1" id="1602" lat="37.2391613" lon="126.7753046"/>
  <node version="1" id="1603" lat="37.2391542" lon="126.7753037"/>
  <node version="1" id="1604" lat="37.2391471" lon="126.7753029"/>
  <node version="1" id="1605" lat="37.2391399" lon="126.775302"/>
  <node version="1" id="1606" lat="37.2391328" lon="126.7753008"/>
  <node version="1" id="1607" lat="37.2391258" lon="126.7752996"/>
  <node version="1" id="1608" lat="37.2391187" lon="126.7752984"/>
  <node version="1" id="1609" lat="37.2391116" lon="126.775297"/>
  <node version="1" id="1610" lat="37.2391045" lon="126.7752956"/>
  <node version="1" id="1611" lat="37.2390975" lon="126.7752942"/>
  <node version="1" id="1612" lat="37.2390904" lon="126.7752926"/>
  <node version="1" id="1613" lat="37.2390834" lon="126.7752909"/>
  <node version="1" id="1614" lat="37.2390764" lon="126.7752892"/>
  <node version="1" id="1615" lat="37.2390694" lon="126.7752876"/>
  <node version="1" id="1616" lat="37.2390624" lon="126.7752858"/>
  <node version="1" id="1617" lat="37.2390554" lon="126.7752839"/>
  <node version="1" id="1618" lat="37.2390484" lon="126.775282"/>
  <node version="1" id="1619" lat="37.2390414" lon="126.7752802"/>
  <node version="1" id="1620" lat="37.2390344" lon="126.7752783"/>
  <node version="1" id="1621" lat="37.2390274" lon="126.7752764"/>
  <node version="1" id="1622" lat="37.2390206" lon="126.7752737"/>
  <node version="1" id="1623" lat="37.2390138" lon="126.7752709"/>
  <node version="1" id="1624" lat="37.2390069" lon="126.7752684"/>
  <node version="1" id="1625" lat="37.239" lon="126.7752659"/>
  <node version="1" id="1626" lat="37.2389931" lon="126.7752635"/>
  <node version="1" id="1627" lat="37.2389863" lon="126.775261"/>
  <node version="1" id="1628" lat="37.2389794" lon="126.7752586"/>
  <node version="1" id="1629" lat="37.2389725" lon="126.7752561"/>
  <node version="1" id="1630" lat="37.2389656" lon="126.7752537"/>
  <node version="1" id="1631" lat="37.2389587" lon="126.7752513"/>
  <node version="1" id="1632" lat="37.2389519" lon="126.7752488"/>
  <node version="1" id="1633" lat="37.238945" lon="126.7752461"/>
  <node version="1" id="1634" lat="37.2389383" lon="126.7752431"/>
  <node version="1" id="1635" lat="37.2389316" lon="126.7752401"/>
  <node version="1" id="1636" lat="37.2389248" lon="126.7752372"/>
  <node version="1" id="1637" lat="37.2389181" lon="126.775234"/>
  <node version="1" id="1638" lat="37.2389114" lon="126.7752309"/>
  <node version="1" id="1639" lat="37.2389047" lon="126.7752277"/>
  <node version="1" id="1640" lat="37.238898" lon="126.7752245"/>
  <node version="1" id="1641" lat="37.2388914" lon="126.7752213"/>
  <node version="1" id="1642" lat="37.2388847" lon="126.7752181"/>
  <node version="1" id="1643" lat="37.238878" lon="126.7752149"/>
  <node version="1" id="1644" lat="37.2388713" lon="126.7752117"/>
  <node version="1" id="1645" lat="37.2388646" lon="126.7752086"/>
  <node version="1" id="1646" lat="37.2388579" lon="126.7752054"/>
  <node version="1" id="1647" lat="37.2388512" lon="126.7752022"/>
  <node version="1" id="1648" lat="37.2388447" lon="126.7751986"/>
  <node version="1" id="1649" lat="37.2388382" lon="126.7751948"/>
  <node version="1" id="1650" lat="37.2388317" lon="126.7751909"/>
  <node version="1" id="1651" lat="37.2388253" lon="126.7751871"/>
  <node version="1" id="1652" lat="37.2388188" lon="126.7751833"/>
  <node version="1" id="1653" lat="37.2388124" lon="126.7751792"/>
  <node version="1" id="1654" lat="37.238806" lon="126.7751752"/>
  <node version="1" id="1655" lat="37.2387996" lon="126.7751712"/>
  <node version="1" id="1656" lat="37.2387933" lon="126.7751671"/>
  <node version="1" id="1657" lat="37.2387872" lon="126.7751623"/>
  <node version="1" id="1658" lat="37.2387812" lon="126.7751574"/>
  <node version="1" id="1659" lat="37.2387752" lon="126.7751525"/>
  <node version="1" id="1660" lat="37.2387692" lon="126.7751477"/>
  <node version="1" id="1661" lat="37.2387632" lon="126.7751428"/>
  <node version="1" id="1662" lat="37.2387575" lon="126.7751373"/>
  <node version="1" id="1663" lat="37.2387519" lon="126.7751318"/>
  <node version="1" id="1664" lat="37.2387462" lon="126.7751263"/>
  <node version="1" id="1665" lat="37.2387406" lon="126.7751208"/>
  <node version="1" id="1666" lat="37.2387351" lon="126.775115"/>
  <node version="1" id="1667" lat="37.2387297" lon="126.7751092"/>
  <node version="1" id="1668" lat="37.2387242" lon="126.7751033"/>
  <node version="1" id="1669" lat="37.2387188" lon="126.7750975"/>
  <node version="1" id="1670" lat="37.2387133" lon="126.7750917"/>
  <node version="1" id="1671" lat="37.2387079" lon="126.7750858"/>
  <node version="1" id="1672" lat="37.2387026" lon="126.7750798"/>
  <node version="1" id="1673" lat="37.2386973" lon="126.7750738"/>
  <node version="1" id="1674" lat="37.238692" lon="126.7750678"/>
  <node version="1" id="1675" lat="37.2386867" lon="126.7750617"/>
  <node version="1" id="1676" lat="37.2386815" lon="126.7750556"/>
  <node version="1" id="1677" lat="37.2386763" lon="126.7750494"/>
  <node version="1" id="1678" lat="37.2386711" lon="126.7750433"/>
  <node version="1" id="1679" lat="37.2386659" lon="126.7750371"/>
  <node version="1" id="1680" lat="37.2386608" lon="126.7750307"/>
  <node version="1" id="1681" lat="37.2386549" lon="126.7750233"/>
  <node version="1" id="1682" lat="37.2395537" lon="126.7739042"/>
  <node version="1" id="1683" lat="37.2395538" lon="126.7739045"/>
  <node version="1" id="1684" lat="37.239554" lon="126.7739038"/>
  <node version="1" id="1685" lat="37.2395157" lon="126.7740375"/>
  <node version="1" id="1686" lat="37.2395306" lon="126.7740111"/>
  <node version="1" id="1687" lat="37.2395336" lon="126.7740059"/>
  <node version="1" id="1688" lat="37.2395492" lon="126.7739785"/>
  <node version="1" id="1689" lat="37.2395614" lon="126.773957"/>
  <node version="1" id="1690" lat="37.2396431" lon="126.7733927"/>
  <node version="1" id="1691" lat="37.2396368" lon="126.7733883"/>
  <node version="1" id="1692" lat="37.2396263" lon="126.7733814"/>
  <node version="1" id="1693" lat="37.2396191" lon="126.7733766"/>
  <node version="1" id="1694" lat="37.2396086" lon="126.7733697"/>
  <node version="1" id="1695" lat="37.2396018" lon="126.7733652"/>
  <node version="1" id="1696" lat="37.2395928" lon="126.7733593"/>
  <node version="1" id="1697" lat="37.2395833" lon="126.7733532"/>
  <node version="1" id="1698" lat="37.2395795" lon="126.7733507"/>
  <node version="1" id="1699" lat="37.2395739" lon="126.773347"/>
  <node version="1" id="1700" lat="37.2395701" lon="126.7733445"/>
  <node version="1" id="1701" lat="37.2395638" lon="126.7733404"/>
  <node version="1" id="1702" lat="37.2395615" lon="126.7733389"/>
  <node version="1" id="1703" lat="37.2395556" lon="126.7733351"/>
  <node version="1" id="1704" lat="37.2395469" lon="126.7733294"/>
  <node version="1" id="1705" lat="37.2395422" lon="126.7733263"/>
  <node version="1" id="1706" lat="37.2395331" lon="126.7733202"/>
  <node version="1" id="1707" lat="37.2395276" lon="126.7733167"/>
  <node version="1" id="1708" lat="37.2395184" lon="126.7733106"/>
  <node version="1" id="1709" lat="37.2395142" lon="126.7733078"/>
  <node version="1" id="1710" lat="37.2395046" lon="126.7733015"/>
  <node version="1" id="1711" lat="37.2394993" lon="126.773298"/>
  <node version="1" id="1712" lat="37.2394937" lon="126.7732943"/>
  <node version="1" id="1713" lat="37.2394832" lon="126.7732875"/>
  <node version="1" id="1714" lat="37.239479" lon="126.7732847"/>
  <node version="1" id="1715" lat="37.2394687" lon="126.7732779"/>
  <node version="1" id="1716" lat="37.2394681" lon="126.7732775"/>
  <node version="1" id="1717" lat="37.2394533" lon="126.7732678"/>
  <node version="1" id="1718" lat="37.2394526" lon="126.7732673"/>
  <node version="1" id="1719" lat="37.239439" lon="126.7732584"/>
  <node version="1" id="1720" lat="37.2394382" lon="126.7732579"/>
  <node version="1" id="1721" lat="37.2394306" lon="126.7732529"/>
  <node version="1" id="1722" lat="37.2394299" lon="126.7732524"/>
  <node version="1" id="1723" lat="37.2394222" lon="126.7732474"/>
  <node version="1" id="1724" lat="37.2394216" lon="126.773247"/>
  <node version="1" id="1725" lat="37.2394071" lon="126.7732374"/>
  <node version="1" id="1726" lat="37.2394069" lon="126.7732373"/>
  <node version="1" id="1727" lat="37.2393902" lon="126.7732263"/>
  <node version="1" id="1728" lat="37.2393861" lon="126.7732236"/>
  <node version="1" id="1729" lat="37.2393815" lon="126.7732206"/>
  <node version="1" id="1730" lat="37.23938" lon="126.7732196"/>
  <node version="1" id="1731" lat="37.2393713" lon="126.7732139"/>
  <node version="1" id="1732" lat="37.2393641" lon="126.7732092"/>
  <node version="1" id="1733" lat="37.239362" lon="126.7732078"/>
  <node version="1" id="1734" lat="37.2393533" lon="126.7732021"/>
  <node version="1" id="1735" lat="37.2393443" lon="126.7731962"/>
  <node version="1" id="1736" lat="37.239344" lon="126.773196"/>
  <node version="1" id="1737" lat="37.2393279" lon="126.7731855"/>
  <node version="1" id="1738" lat="37.2393254" lon="126.7731838"/>
  <node version="1" id="1739" lat="37.2393114" lon="126.7731747"/>
  <node version="1" id="1740" lat="37.2393061" lon="126.7731711"/>
  <node version="1" id="1741" lat="37.2392957" lon="126.7731643"/>
  <node version="1" id="1742" lat="37.2392837" lon="126.7731565"/>
  <node version="1" id="1743" lat="37.2392792" lon="126.7731535"/>
  <node version="1" id="1744" lat="37.2392637" lon="126.7731434"/>
  <node version="1" id="1745" lat="37.2392595" lon="126.7731406"/>
  <node version="1" id="1746" lat="37.2392495" lon="126.773134"/>
  <node version="1" id="1747" lat="37.2392472" lon="126.7731326"/>
  <node version="1" id="1748" lat="37.2392374" lon="126.7731261"/>
  <node version="1" id="1749" lat="37.2392317" lon="126.7731224"/>
  <node version="1" id="1750" lat="37.2392274" lon="126.7731196"/>
  <node version="1" id="1751" lat="37.2392153" lon="126.7731117"/>
  <node version="1" id="1752" lat="37.2392108" lon="126.7731087"/>
  <node version="1" id="1753" lat="37.239208" lon="126.7731069"/>
  <node version="1" id="1754" lat="37.2391995" lon="126.7731013"/>
  <node version="1" id="1755" lat="37.2391947" lon="126.7730982"/>
  <node version="1" id="1756" lat="37.2391844" lon="126.7730914"/>
  <node version="1" id="1757" lat="37.2391837" lon="126.7730909"/>
  <node version="1" id="1758" lat="37.2391728" lon="126.7730838"/>
  <node version="1" id="1759" lat="37.2391691" lon="126.7730813"/>
  <node version="1" id="1760" lat="37.2391595" lon="126.773075"/>
  <node version="1" id="1761" lat="37.239154" lon="126.7730714"/>
  <node version="1" id="1762" lat="37.2391506" lon="126.7730692"/>
  <node version="1" id="1763" lat="37.2391403" lon="126.7730624"/>
  <node version="1" id="1764" lat="37.2391383" lon="126.7730611"/>
  <node version="1" id="1765" lat="37.2391314" lon="126.7730566"/>
  <node version="1" id="1766" lat="37.239121" lon="126.7730498"/>
  <node version="1" id="1767" lat="37.239121" lon="126.7730497"/>
  <node version="1" id="1768" lat="37.2391056" lon="126.7730396"/>
  <node version="1" id="1769" lat="37.239097" lon="126.773034"/>
  <node version="1" id="1770" lat="37.2390883" lon="126.7730283"/>
  <node version="1" id="1771" lat="37.2390739" lon="126.7730188"/>
  <node version="1" id="1772" lat="37.2390572" lon="126.7730078"/>
  <node version="1" id="1773" lat="37.2390427" lon="126.7729983"/>
  <node version="1" id="1774" lat="37.2390343" lon="126.7729928"/>
  <node version="1" id="1775" lat="37.239026" lon="126.7729873"/>
  <node version="1" id="1776" lat="37.2390175" lon="126.7729818"/>
  <node version="1" id="1777" lat="37.239011" lon="126.7729775"/>
  <node version="1" id="1778" lat="37.2389985" lon="126.7729693"/>
  <node version="1" id="1779" lat="37.238992" lon="126.7729651"/>
  <node version="1" id="1780" lat="37.2389798" lon="126.7729571"/>
  <node version="1" id="1781" lat="37.2389687" lon="126.7729498"/>
  <node version="1" id="1782" lat="37.2389638" lon="126.7729465"/>
  <node version="1" id="1783" lat="37.2389478" lon="126.7729357"/>
  <node version="1" id="1784" lat="37.2389361" lon="126.7729279"/>
  <node version="1" id="1785" lat="37.2389356" lon="126.7729275"/>
  <node version="1" id="1786" lat="37.2389217" lon="126.7729176"/>
  <node version="1" id="1787" lat="37.2389035" lon="126.7729036"/>
  <node version="1" id="1788" lat="37.2388908" lon="126.7728936"/>
  <node version="1" id="1789" lat="37.2388758" lon="126.7728811"/>
  <node version="1" id="1790" lat="37.2388616" lon="126.7728685"/>
  <node version="1" id="1791" lat="37.2388474" lon="126.772856"/>
  <node version="1" id="1792" lat="37.2388465" lon="126.772855"/>
  <node version="1" id="1793" lat="37.2398492" lon="126.7734769"/>
  <node version="1" id="1794" lat="37.2398395" lon="126.77347"/>
  <node version="1" id="1795" lat="37.2398312" lon="126.7734639"/>
  <node version="1" id="1796" lat="37.2398238" lon="126.7734548"/>
  <node version="1" id="1797" lat="37.2398203" lon="126.7734491"/>
  <node version="1" id="1798" lat="37.2398176" lon="126.7734424"/>
  <node version="1" id="1799" lat="37.2398153" lon="126.7734357"/>
  <node version="1" id="1800" lat="37.239814" lon="126.7734269"/>
  <node version="1" id="1801" lat="37.239814" lon="126.7734197"/>
  <node version="1" id="1802" lat="37.2398146" lon="126.7734126"/>
  <node version="1" id="1803" lat="37.2395055" lon="126.7740556"/>
  <node version="1" id="1804" lat="37.2395098" lon="126.7740499"/>
  <node version="1" id="1805" lat="37.2395153" lon="126.7740436"/>
  <node version="1" id="1806" lat="37.2395203" lon="126.7740389"/>
  <node version="1" id="1807" lat="37.2395266" lon="126.7740345"/>
  <node version="1" id="1808" lat="37.2395338" lon="126.7740313"/>
  <node version="1" id="1809" lat="37.2395397" lon="126.7740296"/>
  <node version="1" id="1810" lat="37.2395448" lon="126.7740289"/>
  <node version="1" id="1811" lat="37.2395498" lon="126.7740289"/>
  <node version="1" id="1812" lat="37.2395557" lon="126.7740292"/>
  <node version="1" id="1813" lat="37.2395633" lon="126.774031"/>
  <node version="1" id="1814" lat="37.2395699" lon="126.774033"/>
  <node version="1" id="1815" lat="37.2395786" lon="126.7740368"/>
  <node version="1" id="1816" lat="37.2398328" lon="126.773517"/>
  <node version="1" id="1817" lat="37.2398309" lon="126.7735158"/>
  <node version="1" id="1818" lat="37.2397547" lon="126.7733659"/>
  <node version="1" id="1819" lat="37.2397492" lon="126.7733739"/>
  <node version="1" id="1820" lat="37.2397452" lon="126.7733783"/>
  <node version="1" id="1821" lat="37.2397401" lon="126.7733822"/>
  <node version="1" id="1822" lat="37.239734" lon="126.7733853"/>
  <node version="1" id="1823" lat="37.2397268" lon="126.773387"/>
  <node version="1" id="1824" lat="37.2397206" lon="126.7733868"/>
  <node version="1" id="1825" lat="37.2397136" lon="126.7733853"/>
  <node version="1" id="1826" lat="37.2397046" lon="126.7733815"/>
  <node version="1" id="1827" lat="37.2396937" lon="126.7733752"/>
  <node version="1" id="1828" lat="37.2396879" lon="126.7733713"/>
  <node version="1" id="1829" lat="37.2396747" lon="126.7733626"/>
  <node version="1" id="1830" lat="37.2396615" lon="126.7733539"/>
  <node version="1" id="1831" lat="37.2403197" lon="126.7737854"/>
  <node version="1" id="1832" lat="37.2402965" lon="126.7737702"/>
  <node version="1" id="1833" lat="37.2402809" lon="126.7737599"/>
  <node version="1" id="1834" lat="37.240259" lon="126.7737456"/>
  <node version="1" id="1835" lat="37.2402472" lon="126.7737379"/>
  <node version="1" id="1836" lat="37.2402279" lon="126.7737254"/>
  <node version="1" id="1837" lat="37.2402235" lon="126.7737222"/>
  <node version="1" id="1838" lat="37.2402218" lon="126.7737143"/>
  <node version="1" id="1839" lat="37.2402207" lon="126.7737045"/>
  <node version="1" id="1840" lat="37.2402205" lon="126.7736937"/>
  <node version="1" id="1841" lat="37.2402223" lon="126.7736805"/>
  <node version="1" id="1842" lat="37.2402254" lon="126.7736643"/>
  <node version="1" id="1843" lat="37.2402316" lon="126.7736387"/>
  <node version="1" id="1844" lat="37.2402382" lon="126.7736149"/>
  <node version="1" id="1845" lat="37.2402477" lon="126.773586"/>
  <node version="1" id="1846" lat="37.2403234" lon="126.7734021"/>
  <node version="1" id="1847" lat="37.2403307" lon="126.7733853"/>
  <node version="1" id="1848" lat="37.2403379" lon="126.7733707"/>
  <node version="1" id="1849" lat="37.2403433" lon="126.7733602"/>
  <node version="1" id="1850" lat="37.2403503" lon="126.7733475"/>
  <node version="1" id="1851" lat="37.240356" lon="126.7733379"/>
  <node version="1" id="1852" lat="37.2403638" lon="126.7733271"/>
  <node version="1" id="1853" lat="37.240371" lon="126.7733196"/>
  <node version="1" id="1854" lat="37.2403764" lon="126.7733155"/>
  <node version="1" id="1855" lat="37.2403813" lon="126.7733125"/>
  <node version="1" id="1856" lat="37.2403874" lon="126.7733106"/>
  <node version="1" id="1857" lat="37.2403919" lon="126.7733099"/>
  <node version="1" id="1858" lat="37.2403973" lon="126.77331"/>
  <node version="1" id="1859" lat="37.2404039" lon="126.7733116"/>
  <node version="1" id="1860" lat="37.2404089" lon="126.7733134"/>
  <node version="1" id="1861" lat="37.2404148" lon="126.7733161"/>
  <node version="1" id="1862" lat="37.2404281" lon="126.7733234"/>
  <node version="1" id="1863" lat="37.2404396" lon="126.7733303"/>
  <node version="1" id="1864" lat="37.2404487" lon="126.7733358"/>
  <node version="1" id="1865" lat="37.2400047" lon="126.7736292"/>
  <node version="1" id="1866" lat="37.2399956" lon="126.7736236"/>
  <node version="1" id="1867" lat="37.2399871" lon="126.7736181"/>
  <node version="1" id="1868" lat="37.2399787" lon="126.7736126"/>
  <node version="1" id="1869" lat="37.2399661" lon="126.7736043"/>
  <node version="1" id="1870" lat="37.2399604" lon="126.7736006"/>
  <node version="1" id="1871" lat="37.2399563" lon="126.7735979"/>
  <node version="1" id="1872" lat="37.2399506" lon="126.7735942"/>
  <node version="1" id="1873" lat="37.2399438" lon="126.7735897"/>
  <node version="1" id="1874" lat="37.2399408" lon="126.7735878"/>
  <node version="1" id="1875" lat="37.239934" lon="126.7735833"/>
  <node version="1" id="1876" lat="37.2399328" lon="126.7735825"/>
  <node version="1" id="1877" lat="37.2399327" lon="126.7735825"/>
  <node version="1" id="1878" lat="37.2399247" lon="126.7735772"/>
  <node version="1" id="1879" lat="37.2399241" lon="126.7735768"/>
  <node version="1" id="1880" lat="37.2399149" lon="126.7735708"/>
  <node version="1" id="1881" lat="37.2399115" lon="126.7735686"/>
  <node version="1" id="1882" lat="37.239905" lon="126.7735643"/>
  <node version="1" id="1883" lat="37.2399016" lon="126.7735621"/>
  <node version="1" id="1884" lat="37.239889" lon="126.7735539"/>
  <node version="1" id="1885" lat="37.239879" lon="126.7735473"/>
  <node version="1" id="1886" lat="37.2398701" lon="126.7735415"/>
  <node version="1" id="1887" lat="37.2398612" lon="126.7735357"/>
  <node version="1" id="1888" lat="37.2398601" lon="126.7735349"/>
  <node version="1" id="1889" lat="37.2398512" lon="126.7735291"/>
  <node version="1" id="1890" lat="37.2398372" lon="126.7735199"/>
  <node version="1" id="1891" lat="37.2400216" lon="126.7735904"/>
  <node version="1" id="1892" lat="37.2400011" lon="126.7735769"/>
  <node version="1" id="1893" lat="37.2399772" lon="126.7735611"/>
  <node version="1" id="1894" lat="37.2399532" lon="126.7735454"/>
  <node version="1" id="1895" lat="37.2399293" lon="126.7735297"/>
  <node version="1" id="1896" lat="37.2399054" lon="126.773514"/>
  <node version="1" id="1897" lat="37.2398815" lon="126.7734983"/>
  <node version="1" id="1898" lat="37.2398695" lon="126.7734904"/>
  <node version="1" id="1899" lat="37.2398575" lon="126.7734826"/>
  <node version="1" id="1900" lat="37.2398568" lon="126.7734821"/>
  <node version="1" id="1901" lat="37.2401997" lon="126.7735249"/>
  <node version="1" id="1902" lat="37.2401937" lon="126.773539"/>
  <node version="1" id="1903" lat="37.240187" lon="126.773553"/>
  <node version="1" id="1904" lat="37.240179" lon="126.7735685"/>
  <node version="1" id="1905" lat="37.2401707" lon="126.7735833"/>
  <node version="1" id="1906" lat="37.2401595" lon="126.7736014"/>
  <node version="1" id="1907" lat="37.2401479" lon="126.7736201"/>
  <node version="1" id="1908" lat="37.2401429" lon="126.7736278"/>
  <node version="1" id="1909" lat="37.2401396" lon="126.7736316"/>
  <node version="1" id="1910" lat="37.2401363" lon="126.7736348"/>
  <node version="1" id="1911" lat="37.240132" lon="126.773638"/>
  <node version="1" id="1912" lat="37.2401272" lon="126.7736404"/>
  <node version="1" id="1913" lat="37.2401213" lon="126.7736423"/>
  <node version="1" id="1914" lat="37.2401164" lon="126.7736429"/>
  <node version="1" id="1915" lat="37.2401095" lon="126.7736426"/>
  <node version="1" id="1916" lat="37.2401037" lon="126.7736411"/>
  <node version="1" id="1917" lat="37.2400966" lon="126.773638"/>
  <node version="1" id="1918" lat="37.240088" lon="126.773633"/>
  <node version="1" id="1919" lat="37.2400771" lon="126.7736264"/>
  <node version="1" id="1920" lat="37.2400704" lon="126.7736221"/>
  <node version="1" id="1921" lat="37.2400588" lon="126.7736146"/>
  <node version="1" id="1922" lat="37.2400349" lon="126.773599"/>
  <node version="1" id="1923" lat="37.2402758" lon="126.7733439"/>
  <node version="1" id="1924" lat="37.2402693" lon="126.7733597"/>
  <node version="1" id="1925" lat="37.2402581" lon="126.7733867"/>
  <node version="1" id="1926" lat="37.2402479" lon="126.7734107"/>
  <node version="1" id="1927" lat="37.2402352" lon="126.7734406"/>
  <node version="1" id="1928" lat="37.2402248" lon="126.7734657"/>
  <node version="1" id="1929" lat="37.2402178" lon="126.7734825"/>
  <node version="1" id="1930" lat="37.240208" lon="126.7735059"/>
  <node version="1" id="1931" lat="37.240207" lon="126.7735081"/>
  <node version="1" id="1932" lat="37.2402506" lon="126.7735779"/>
  <node version="1" id="1933" lat="37.2402552" lon="126.7735656"/>
  <node version="1" id="1934" lat="37.2402617" lon="126.7735491"/>
  <node version="1" id="1935" lat="37.2402737" lon="126.7735188"/>
  <node version="1" id="1936" lat="37.240279" lon="126.7735062"/>
  <node version="1" id="1937" lat="37.2402916" lon="126.7734763"/>
  <node version="1" id="1938" lat="37.2403042" lon="126.7734464"/>
  <node version="1" id="1939" lat="37.2403064" lon="126.7734412"/>
  <node version="1" id="1940" lat="37.2403193" lon="126.7734115"/>
  <node version="1" id="1941" lat="37.2403029" lon="126.7733638"/>
  <node version="1" id="1942" lat="37.2402949" lon="126.7733835"/>
  <node version="1" id="1943" lat="37.2402896" lon="126.7733961"/>
  <node version="1" id="1944" lat="37.2402833" lon="126.773411"/>
  <node version="1" id="1945" lat="37.240277" lon="126.773426"/>
  <node version="1" id="1946" lat="37.2402732" lon="126.7734348"/>
  <node version="1" id="1947" lat="37.2402606" lon="126.7734646"/>
  <node version="1" id="1948" lat="37.240248" lon="126.7734943"/>
  <node version="1" id="1949" lat="37.2402354" lon="126.7735241"/>
  <node version="1" id="1950" lat="37.240227" lon="126.7735437"/>
  <node version="1" id="1951" lat="37.2402175" lon="126.7735659"/>
  <node version="1" id="1952" lat="37.2402603" lon="126.7731674"/>
  <node version="1" id="1953" lat="37.2402438" lon="126.7731564"/>
  <node version="1" id="1954" lat="37.2402346" lon="126.7731503"/>
  <node version="1" id="1955" lat="37.24022" lon="126.7731406"/>
  <node version="1" id="1956" lat="37.2402079" lon="126.7731326"/>
  <node version="1" id="1957" lat="37.2401841" lon="126.7731168"/>
  <node version="1" id="1958" lat="37.2401603" lon="126.7731011"/>
  <node version="1" id="1959" lat="37.2401365" lon="126.7730853"/>
  <node version="1" id="1960" lat="37.2401263" lon="126.7730787"/>
  <node version="1" id="1961" lat="37.2401143" lon="126.7730709"/>
  <node version="1" id="1962" lat="37.2401023" lon="126.7730632"/>
  <node version="1" id="1963" lat="37.2400861" lon="126.7730532"/>
  <node version="1" id="1964" lat="37.2400649" lon="126.7730421"/>
  <node version="1" id="1965" lat="37.2400466" lon="126.773035"/>
  <node version="1" id="1966" lat="37.2400348" lon="126.7730316"/>
  <node version="1" id="1967" lat="37.2400248" lon="126.7730305"/>
  <node version="1" id="1968" lat="37.2400161" lon="126.7730299"/>
  <node version="1" id="1969" lat="37.2400043" lon="126.7730308"/>
  <node version="1" id="1970" lat="37.2399937" lon="126.773032"/>
  <node version="1" id="1971" lat="37.2399832" lon="126.7730343"/>
  <node version="1" id="1972" lat="37.2399747" lon="126.7730368"/>
  <node version="1" id="1973" lat="37.239966" lon="126.7730399"/>
  <node version="1" id="1974" lat="37.239956" lon="126.773045"/>
  <node version="1" id="1975" lat="37.2399464" lon="126.7730517"/>
  <node version="1" id="1976" lat="37.2399349" lon="126.7730622"/>
  <node version="1" id="1977" lat="37.2399234" lon="126.7730755"/>
  <node version="1" id="1978" lat="37.2399131" lon="126.7730905"/>
  <node version="1" id="1979" lat="37.2399026" lon="126.7731085"/>
  <node version="1" id="1980" lat="37.2398948" lon="126.7731242"/>
  <node version="1" id="1981" lat="37.2398853" lon="126.7731451"/>
  <node version="1" id="1982" lat="37.2398759" lon="126.7731672"/>
  <node version="1" id="1983" lat="37.2398634" lon="126.773197"/>
  <node version="1" id="1984" lat="37.2398508" lon="126.7732268"/>
  <node version="1" id="1985" lat="37.2398382" lon="126.7732566"/>
  <node version="1" id="1986" lat="37.2398257" lon="126.7732864"/>
  <node version="1" id="1987" lat="37.2398131" lon="126.7733162"/>
  <node version="1" id="1988" lat="37.2398005" lon="126.773346"/>
  <node version="1" id="1989" lat="37.2397945" lon="126.7733603"/>
  <node version="1" id="1990" lat="37.2397834" lon="126.7733864"/>
  <node version="1" id="1991" lat="37.2397818" lon="126.7733901"/>
  <node version="1" id="1992" lat="37.2398155" lon="126.7734072"/>
  <node version="1" id="1993" lat="37.2398183" lon="126.7733956"/>
  <node version="1" id="1994" lat="37.2398207" lon="126.7733876"/>
  <node version="1" id="1995" lat="37.2398236" lon="126.7733795"/>
  <node version="1" id="1996" lat="37.2398291" lon="126.7733652"/>
  <node version="1" id="1997" lat="37.2398315" lon="126.7733594"/>
  <node version="1" id="1998" lat="37.2398439" lon="126.7733294"/>
  <node version="1" id="1999" lat="37.2398563" lon="126.7732993"/>
  <node version="1" id="2000" lat="37.2398687" lon="126.7732693"/>
  <node version="1" id="2001" lat="37.2398754" lon="126.7732531"/>
  <node version="1" id="2002" lat="37.2398878" lon="126.7732231"/>
  <node version="1" id="2003" lat="37.2399001" lon="126.773193"/>
  <node version="1" id="2004" lat="37.2399125" lon="126.773163"/>
  <node version="1" id="2005" lat="37.2399203" lon="126.7731454"/>
  <node version="1" id="2006" lat="37.2399266" lon="126.7731324"/>
  <node version="1" id="2007" lat="37.2399335" lon="126.7731204"/>
  <node version="1" id="2008" lat="37.2399396" lon="126.7731112"/>
  <node version="1" id="2009" lat="37.2399468" lon="126.7731022"/>
  <node version="1" id="2010" lat="37.2399531" lon="126.7730951"/>
  <node version="1" id="2011" lat="37.2399589" lon="126.7730899"/>
  <node version="1" id="2012" lat="37.239966" lon="126.7730841"/>
  <node version="1" id="2013" lat="37.2399736" lon="126.7730788"/>
  <node version="1" id="2014" lat="37.2399826" lon="126.7730741"/>
  <node version="1" id="2015" lat="37.2399929" lon="126.7730706"/>
  <node version="1" id="2016" lat="37.2400033" lon="126.7730689"/>
  <node version="1" id="2017" lat="37.2400121" lon="126.7730684"/>
  <node version="1" id="2018" lat="37.2400199" lon="126.7730691"/>
  <node version="1" id="2019" lat="37.2400267" lon="126.77307"/>
  <node version="1" id="2020" lat="37.2400371" lon="126.7730729"/>
  <node version="1" id="2021" lat="37.240049" lon="126.7730776"/>
  <node version="1" id="2022" lat="37.2400577" lon="126.7730817"/>
  <node version="1" id="2023" lat="37.2400662" lon="126.7730859"/>
  <node version="1" id="2024" lat="37.2400738" lon="126.7730904"/>
  <node version="1" id="2025" lat="37.2400828" lon="126.7730958"/>
  <node version="1" id="2026" lat="37.2400915" lon="126.773101"/>
  <node version="1" id="2027" lat="37.2400947" lon="126.773103"/>
  <node version="1" id="2028" lat="37.2401188" lon="126.7731186"/>
  <node version="1" id="2029" lat="37.2401428" lon="126.7731341"/>
  <node version="1" id="2030" lat="37.2401668" lon="126.7731496"/>
  <node version="1" id="2031" lat="37.240177" lon="126.7731564"/>
  <node version="1" id="2032" lat="37.240201" lon="126.7731721"/>
  <node version="1" id="2033" lat="37.2402202" lon="126.7731851"/>
  <node version="1" id="2034" lat="37.2402404" lon="126.7731983"/>
  <node version="1" id="2035" lat="37.2402753" lon="126.7731316"/>
  <node version="1" id="2036" lat="37.2402699" lon="126.7731281"/>
  <node version="1" id="2037" lat="37.240246" lon="126.7731124"/>
  <node version="1" id="2038" lat="37.2402221" lon="126.7730966"/>
  <node version="1" id="2039" lat="37.2402194" lon="126.7730948"/>
  <node version="1" id="2040" lat="37.2401954" lon="126.7730792"/>
  <node version="1" id="2041" lat="37.2401835" lon="126.7730714"/>
  <node version="1" id="2042" lat="37.2401715" lon="126.7730635"/>
  <node version="1" id="2043" lat="37.2401475" lon="126.7730478"/>
  <node version="1" id="2044" lat="37.2401376" lon="126.7730416"/>
  <node version="1" id="2045" lat="37.2401135" lon="126.7730263"/>
  <node version="1" id="2046" lat="37.2400962" lon="126.7730166"/>
  <node version="1" id="2047" lat="37.240081" lon="126.7730089"/>
  <node version="1" id="2048" lat="37.2400599" lon="126.7729998"/>
  <node version="1" id="2049" lat="37.2400439" lon="126.7729944"/>
  <node version="1" id="2050" lat="37.2400306" lon="126.7729916"/>
  <node version="1" id="2051" lat="37.2400193" lon="126.7729904"/>
  <node version="1" id="2052" lat="37.2400067" lon="126.7729901"/>
  <node version="1" id="2053" lat="37.2399899" lon="126.7729916"/>
  <node version="1" id="2054" lat="37.2399798" lon="126.772993"/>
  <node version="1" id="2055" lat="37.2399732" lon="126.7729946"/>
  <node version="1" id="2056" lat="37.2399656" lon="126.7729973"/>
  <node version="1" id="2057" lat="37.2399519" lon="126.7730042"/>
  <node version="1" id="2058" lat="37.2399391" lon="126.7730123"/>
  <node version="1" id="2059" lat="37.2399291" lon="126.7730197"/>
  <node version="1" id="2060" lat="37.2399176" lon="126.7730297"/>
  <node version="1" id="2061" lat="37.2399105" lon="126.7730371"/>
  <node version="1" id="2062" lat="37.2399007" lon="126.7730482"/>
  <node version="1" id="2063" lat="37.2398897" lon="126.7730631"/>
  <node version="1" id="2064" lat="37.2398812" lon="126.773076"/>
  <node version="1" id="2065" lat="37.2398724" lon="126.7730929"/>
  <node version="1" id="2066" lat="37.2398612" lon="126.7731174"/>
  <node version="1" id="2067" lat="37.2398541" lon="126.7731343"/>
  <node version="1" id="2068" lat="37.2398414" lon="126.7731642"/>
  <node version="1" id="2069" lat="37.2398388" lon="126.7731704"/>
  <node version="1" id="2070" lat="37.2398264" lon="126.7732004"/>
  <node version="1" id="2071" lat="37.2398139" lon="126.7732304"/>
  <node version="1" id="2072" lat="37.2398014" lon="126.7732604"/>
  <node version="1" id="2073" lat="37.2397982" lon="126.773268"/>
  <node version="1" id="2074" lat="37.2397857" lon="126.773298"/>
  <node version="1" id="2075" lat="37.2397732" lon="126.773328"/>
  <node version="1" id="2076" lat="37.2397669" lon="126.773342"/>
  <node version="1" id="2077" lat="37.2397624" lon="126.7733513"/>
  <node version="1" id="2078" lat="37.2397574" lon="126.7733614"/>
  <node version="1" id="2079" lat="37.2404937" lon="126.7732752"/>
  <node version="1" id="2080" lat="37.2404876" lon="126.7732712"/>
  <node version="1" id="2081" lat="37.2404713" lon="126.7732604"/>
  <node version="1" id="2082" lat="37.2404473" lon="126.7732447"/>
  <node version="1" id="2083" lat="37.2404371" lon="126.773238"/>
  <node version="1" id="2084" lat="37.2404372" lon="126.773238"/>
  <node version="1" id="2085" lat="37.2404235" lon="126.773229"/>
  <node version="1" id="2086" lat="37.2403996" lon="126.7732133"/>
  <node version="1" id="2087" lat="37.2403756" lon="126.7731976"/>
  <node version="1" id="2088" lat="37.2403605" lon="126.7731877"/>
  <node version="1" id="2089" lat="37.2403463" lon="126.7731783"/>
  <node version="1" id="2090" lat="37.2403417" lon="126.7731753"/>
  <node version="1" id="2091" lat="37.2403178" lon="126.7731596"/>
  <node version="1" id="2092" lat="37.2403038" lon="126.7731504"/>
  <node version="1" id="2093" lat="37.2402939" lon="126.7731438"/>
  <node version="1" id="2094" lat="37.240479" lon="126.77331"/>
  <node version="1" id="2095" lat="37.2404683" lon="126.773303"/>
  <node version="1" id="2096" lat="37.2404633" lon="126.7732997"/>
  <node version="1" id="2097" lat="37.2404691" lon="126.7733489"/>
  <node version="1" id="2098" lat="37.2404932" lon="126.7733642"/>
  <node version="1" id="2099" lat="37.2405173" lon="126.7733796"/>
  <node version="1" id="2100" lat="37.2405306" lon="126.7733884"/>
  <node version="1" id="2101" lat="37.2405545" lon="126.7734042"/>
  <node version="1" id="2102" lat="37.2405545" lon="126.7734043"/>
  <node version="1" id="2103" lat="37.2405782" lon="126.7734206"/>
  <node version="1" id="2104" lat="37.2405787" lon="126.773421"/>
  <node version="1" id="2105" lat="37.240602" lon="126.7734381"/>
  <node version="1" id="2106" lat="37.2406154" lon="126.7734487"/>
  <node version="1" id="2107" lat="37.2406227" lon="126.7734545"/>
  <node version="1" id="2108" lat="37.2406305" lon="126.773461"/>
  <node version="1" id="2109" lat="37.2406441" lon="126.7734741"/>
  <node version="1" id="2110" lat="37.2406541" lon="126.7734853"/>
  <node version="1" id="2111" lat="37.2406634" lon="126.7734975"/>
  <node version="1" id="2112" lat="37.2406697" lon="126.7735078"/>
  <node version="1" id="2113" lat="37.2406744" lon="126.7735172"/>
  <node version="1" id="2114" lat="37.2406773" lon="126.7735241"/>
  <node version="1" id="2115" lat="37.2406794" lon="126.7735319"/>
  <node version="1" id="2116" lat="37.2406811" lon="126.773539"/>
  <node version="1" id="2117" lat="37.2406817" lon="126.773546"/>
  <node version="1" id="2118" lat="37.2406818" lon="126.773557"/>
  <node version="1" id="2119" lat="37.2406809" lon="126.7735692"/>
  <node version="1" id="2120" lat="37.2406787" lon="126.7735832"/>
  <node version="1" id="2121" lat="37.2406748" lon="126.7735979"/>
  <node version="1" id="2122" lat="37.2406716" lon="126.7736076"/>
  <node version="1" id="2123" lat="37.240669" lon="126.7736151"/>
  <node version="1" id="2124" lat="37.2406659" lon="126.7736229"/>
  <node version="1" id="2125" lat="37.2406538" lon="126.7736531"/>
  <node version="1" id="2126" lat="37.2406417" lon="126.7736833"/>
  <node version="1" id="2127" lat="37.2406308" lon="126.7737091"/>
  <node version="1" id="2128" lat="37.2406182" lon="126.773739"/>
  <node version="1" id="2129" lat="37.2406055" lon="126.7737689"/>
  <node version="1" id="2130" lat="37.2405929" lon="126.7737988"/>
  <node version="1" id="2131" lat="37.2405887" lon="126.7738088"/>
  <node version="1" id="2132" lat="37.2406073" lon="126.7738502"/>
  <node version="1" id="2133" lat="37.2406133" lon="126.7738358"/>
  <node version="1" id="2134" lat="37.2406167" lon="126.7738279"/>
  <node version="1" id="2135" lat="37.2406259" lon="126.7738059"/>
  <node version="1" id="2136" lat="37.2406385" lon="126.773776"/>
  <node version="1" id="2137" lat="37.2406511" lon="126.7737461"/>
  <node version="1" id="2138" lat="37.2406636" lon="126.7737161"/>
  <node version="1" id="2139" lat="37.2406762" lon="126.7736862"/>
  <node version="1" id="2140" lat="37.2406814" lon="126.773674"/>
  <node version="1" id="2141" lat="37.2406848" lon="126.7736657"/>
  <node version="1" id="2142" lat="37.2406911" lon="126.77365"/>
  <node version="1" id="2143" lat="37.2406982" lon="126.7736316"/>
  <node version="1" id="2144" lat="37.2407027" lon="126.7736187"/>
  <node version="1" id="2145" lat="37.2407069" lon="126.7736035"/>
  <node version="1" id="2146" lat="37.2407103" lon="126.7735878"/>
  <node version="1" id="2147" lat="37.2407131" lon="126.7735698"/>
  <node version="1" id="2148" lat="37.2407139" lon="126.7735578"/>
  <node version="1" id="2149" lat="37.2407139" lon="126.7735438"/>
  <node version="1" id="2150" lat="37.2407125" lon="126.773528"/>
  <node version="1" id="2151" lat="37.2407101" lon="126.7735165"/>
  <node version="1" id="2152" lat="37.2407068" lon="126.7735055"/>
  <node version="1" id="2153" lat="37.2407017" lon="126.7734944"/>
  <node version="1" id="2154" lat="37.240693" lon="126.7734797"/>
  <node version="1" id="2155" lat="37.240682" lon="126.7734648"/>
  <node version="1" id="2156" lat="37.2406698" lon="126.7734504"/>
  <node version="1" id="2157" lat="37.2406582" lon="126.7734374"/>
  <node version="1" id="2158" lat="37.24064" lon="126.7734212"/>
  <node version="1" id="2159" lat="37.2406211" lon="126.7734063"/>
  <node version="1" id="2160" lat="37.2406013" lon="126.7733916"/>
  <node version="1" id="2161" lat="37.2405775" lon="126.7733756"/>
  <node version="1" id="2162" lat="37.2405537" lon="126.7733597"/>
  <node version="1" id="2163" lat="37.2405298" lon="126.7733437"/>
  <node version="1" id="2164" lat="37.240506" lon="126.7733278"/>
  <node version="1" id="2165" lat="37.2404923" lon="126.7733186"/>
  <node version="1" id="2166" lat="37.2406358" lon="126.7738703"/>
  <node version="1" id="2167" lat="37.2406417" lon="126.7738532"/>
  <node version="1" id="2168" lat="37.2406496" lon="126.7738341"/>
  <node version="1" id="2169" lat="37.2406621" lon="126.7738041"/>
  <node version="1" id="2170" lat="37.2406746" lon="126.7737742"/>
  <node version="1" id="2171" lat="37.2406872" lon="126.7737442"/>
  <node version="1" id="2172" lat="37.2406874" lon="126.7737435"/>
  <node version="1" id="2173" lat="37.2406969" lon="126.7737212"/>
  <node version="1" id="2174" lat="37.2407059" lon="126.7737001"/>
  <node version="1" id="2175" lat="37.2407179" lon="126.7736698"/>
  <node version="1" id="2176" lat="37.2407203" lon="126.7736637"/>
  <node version="1" id="2177" lat="37.2407306" lon="126.7736355"/>
  <node version="1" id="2178" lat="37.2407365" lon="126.7736164"/>
  <node version="1" id="2179" lat="37.2407407" lon="126.7735984"/>
  <node version="1" id="2180" lat="37.2407431" lon="126.7735834"/>
  <node version="1" id="2181" lat="37.2407444" lon="126.7735693"/>
  <node version="1" id="2182" lat="37.2407445" lon="126.7735517"/>
  <node version="1" id="2183" lat="37.2407431" lon="126.773531"/>
  <node version="1" id="2184" lat="37.2407394" lon="126.7735114"/>
  <node version="1" id="2185" lat="37.2407346" lon="126.7734937"/>
  <node version="1" id="2186" lat="37.2407289" lon="126.7734781"/>
  <node version="1" id="2187" lat="37.2407229" lon="126.7734649"/>
  <node version="1" id="2188" lat="37.2407147" lon="126.7734512"/>
  <node version="1" id="2189" lat="37.2407071" lon="126.7734403"/>
  <node version="1" id="2190" lat="37.2406966" lon="126.7734274"/>
  <node version="1" id="2191" lat="37.2406859" lon="126.7734152"/>
  <node version="1" id="2192" lat="37.2406769" lon="126.7734055"/>
  <node version="1" id="2193" lat="37.2406688" lon="126.7733975"/>
  <node version="1" id="2194" lat="37.2406608" lon="126.7733903"/>
  <node version="1" id="2195" lat="37.2406526" lon="126.7733834"/>
  <node version="1" id="2196" lat="37.2406424" lon="126.7733753"/>
  <node version="1" id="2197" lat="37.2406308" lon="126.7733662"/>
  <node version="1" id="2198" lat="37.2406196" lon="126.7733583"/>
  <node version="1" id="2199" lat="37.2406027" lon="126.7733471"/>
  <node version="1" id="2200" lat="37.2405788" lon="126.7733312"/>
  <node version="1" id="2201" lat="37.2405601" lon="126.7733188"/>
  <node version="1" id="2202" lat="37.2405362" lon="126.7733031"/>
  <node version="1" id="2203" lat="37.2405149" lon="126.7732891"/>
  <node version="1" id="2204" lat="37.2404453" lon="126.7739194"/>
  <node version="1" id="2205" lat="37.2404309" lon="126.7739099"/>
  <node version="1" id="2206" lat="37.2404166" lon="126.7739003"/>
  <node version="1" id="2207" lat="37.2404144" lon="126.7738988"/>
  <node version="1" id="2208" lat="37.2403904" lon="126.7738831"/>
  <node version="1" id="2209" lat="37.24039" lon="126.7738828"/>
  <node version="1" id="2210" lat="37.2403661" lon="126.7738671"/>
  <node version="1" id="2211" lat="37.2403517" lon="126.7738577"/>
  <node version="1" id="2212" lat="37.2403358" lon="126.7738471"/>
  <node version="1" id="2213" lat="37.2403202" lon="126.7738366"/>
  <node version="1" id="2214" lat="37.2403032" lon="126.7738255"/>
  <node version="1" id="2215" lat="37.2405805" lon="126.773829"/>
  <node version="1" id="2216" lat="37.2405703" lon="126.7738544"/>
  <node version="1" id="2217" lat="37.2405624" lon="126.773872"/>
  <node version="1" id="2218" lat="37.2405582" lon="126.7738795"/>
  <node version="1" id="2219" lat="37.2405518" lon="126.7738888"/>
  <node version="1" id="2220" lat="37.2405462" lon="126.7738948"/>
  <node version="1" id="2221" lat="37.2405407" lon="126.7739001"/>
  <node version="1" id="2222" lat="37.2405357" lon="126.7739035"/>
  <node version="1" id="2223" lat="37.2405312" lon="126.7739065"/>
  <node version="1" id="2224" lat="37.2405271" lon="126.7739077"/>
  <node version="1" id="2225" lat="37.2405215" lon="126.773909"/>
  <node version="1" id="2226" lat="37.2405172" lon="126.7739092"/>
  <node version="1" id="2227" lat="37.2405125" lon="126.7739086"/>
  <node version="1" id="2228" lat="37.2405094" lon="126.773908"/>
  <node version="1" id="2229" lat="37.2405042" lon="126.7739054"/>
  <node version="1" id="2230" lat="37.2404942" lon="126.7739006"/>
  <node version="1" id="2231" lat="37.2404897" lon="126.7738979"/>
  <node version="1" id="2232" lat="37.2404753" lon="126.7738881"/>
  <node version="1" id="2233" lat="37.2404624" lon="126.7738796"/>
  <node version="1" id="2234" lat="37.2402853" lon="126.7738136"/>
  <node version="1" id="2235" lat="37.2404412" lon="126.7738656"/>
  <node version="1" id="2236" lat="37.2404199" lon="126.7738516"/>
  <node version="1" id="2237" lat="37.2403987" lon="126.7738376"/>
  <node version="1" id="2238" lat="37.2403774" lon="126.7738236"/>
  <node version="1" id="2239" lat="37.240365" lon="126.7738154"/>
  <node version="1" id="2240" lat="37.2403526" lon="126.7738071"/>
  <node version="1" id="2241" lat="37.240333" lon="126.7737942"/>
  <node version="1" id="2242" lat="37.2400183" lon="126.7741289"/>
  <node version="1" id="2243" lat="37.2400256" lon="126.7741112"/>
  <node version="1" id="2244" lat="37.2400366" lon="126.7740852"/>
  <node version="1" id="2245" lat="37.2400484" lon="126.7740562"/>
  <node version="1" id="2246" lat="37.240058" lon="126.7740336"/>
  <node version="1" id="2247" lat="37.2400676" lon="126.7740111"/>
  <node version="1" id="2248" lat="37.2400801" lon="126.7739816"/>
  <node version="1" id="2249" lat="37.2400864" lon="126.7739666"/>
  <node version="1" id="2250" lat="37.2400927" lon="126.7739516"/>
  <node version="1" id="2251" lat="37.2401022" lon="126.7739291"/>
  <node version="1" id="2252" lat="37.2400647" lon="126.7739325"/>
  <node version="1" id="2253" lat="37.2400745" lon="126.7739102"/>
  <node version="1" id="2254" lat="37.2399902" lon="126.7741092"/>
  <node version="1" id="2255" lat="37.2399964" lon="126.7740945"/>
  <node version="1" id="2256" lat="37.2400037" lon="126.7740771"/>
  <node version="1" id="2257" lat="37.240009" lon="126.7740646"/>
  <node version="1" id="2258" lat="37.2400174" lon="126.7740445"/>
  <node version="1" id="2259" lat="37.2400299" lon="126.7740146"/>
  <node version="1" id="2260" lat="37.2400425" lon="126.7739846"/>
  <node version="1" id="2261" lat="37.240055" lon="126.7739547"/>
  <node version="1" id="2262" lat="37.2400467" lon="126.7738921"/>
  <node version="1" id="2263" lat="37.2400413" lon="126.7739044"/>
  <node version="1" id="2264" lat="37.2400347" lon="126.7739197"/>
  <node version="1" id="2265" lat="37.2400281" lon="126.773935"/>
  <node version="1" id="2266" lat="37.2400219" lon="126.7739502"/>
  <node version="1" id="2267" lat="37.2400156" lon="126.7739653"/>
  <node version="1" id="2268" lat="37.2400091" lon="126.7739808"/>
  <node version="1" id="2269" lat="37.2400025" lon="126.7739964"/>
  <node version="1" id="2270" lat="37.2399956" lon="126.7740126"/>
  <node version="1" id="2271" lat="37.2399887" lon="126.7740289"/>
  <node version="1" id="2272" lat="37.2399766" lon="126.7740586"/>
  <node version="1" id="2273" lat="37.239964" lon="126.7740882"/>
  <node version="1" id="2274" lat="37.2399631" lon="126.7740904"/>
  <node version="1" id="2275" lat="37.2400312" lon="126.773712"/>
  <node version="1" id="2276" lat="37.2400383" lon="126.7737188"/>
  <node version="1" id="2277" lat="37.2400423" lon="126.7737241"/>
  <node version="1" id="2278" lat="37.2400466" lon="126.7737319"/>
  <node version="1" id="2279" lat="37.2400524" lon="126.7737444"/>
  <node version="1" id="2280" lat="37.2400566" lon="126.773755"/>
  <node version="1" id="2281" lat="37.2400605" lon="126.7737678"/>
  <node version="1" id="2282" lat="37.2400632" lon="126.7737793"/>
  <node version="1" id="2283" lat="37.2400658" lon="126.7737926"/>
  <node version="1" id="2284" lat="37.2400672" lon="126.7738051"/>
  <node version="1" id="2285" lat="37.2400678" lon="126.7738144"/>
  <node version="1" id="2286" lat="37.2400672" lon="126.7738229"/>
  <node version="1" id="2287" lat="37.2400667" lon="126.7738272"/>
  <node version="1" id="2288" lat="37.2401341" lon="126.7738724"/>
  <node version="1" id="2289" lat="37.2401384" lon="126.773868"/>
  <node version="1" id="2290" lat="37.2401435" lon="126.773864"/>
  <node version="1" id="2291" lat="37.2401498" lon="126.7738594"/>
  <node version="1" id="2292" lat="37.2401564" lon="126.7738551"/>
  <node version="1" id="2293" lat="37.2401655" lon="126.7738504"/>
  <node version="1" id="2294" lat="37.2401725" lon="126.7738483"/>
  <node version="1" id="2295" lat="37.2401838" lon="126.7738459"/>
  <node version="1" id="2296" lat="37.2401965" lon="126.773845"/>
  <node version="1" id="2297" lat="37.2402034" lon="126.7738453"/>
  <node version="1" id="2298" lat="37.2402096" lon="126.7738456"/>
  <node version="1" id="2299" lat="37.2400226" lon="126.7743315"/>
  <node version="1" id="2300" lat="37.2400391" lon="126.7743425"/>
  <node version="1" id="2301" lat="37.2400582" lon="126.7743551"/>
  <node version="1" id="2302" lat="37.2400821" lon="126.7743708"/>
  <node version="1" id="2303" lat="37.2401059" lon="126.7743865"/>
  <node version="1" id="2304" lat="37.2401298" lon="126.7744023"/>
  <node version="1" id="2305" lat="37.2401481" lon="126.7744143"/>
  <node version="1" id="2306" lat="37.2401601" lon="126.7744221"/>
  <node version="1" id="2307" lat="37.240172" lon="126.77443"/>
  <node version="1" id="2308" lat="37.240184" lon="126.7744379"/>
  <node version="1" id="2309" lat="37.240196" lon="126.7744457"/>
  <node version="1" id="2310" lat="37.2402176" lon="126.7744567"/>
  <node version="1" id="2311" lat="37.2400386" lon="126.7742951"/>
  <node version="1" id="2312" lat="37.240054" lon="126.7743052"/>
  <node version="1" id="2313" lat="37.2400645" lon="126.7743121"/>
  <node version="1" id="2314" lat="37.2400779" lon="126.7743209"/>
  <node version="1" id="2315" lat="37.2401018" lon="126.7743367"/>
  <node version="1" id="2316" lat="37.2401257" lon="126.7743524"/>
  <node version="1" id="2317" lat="37.2401274" lon="126.7743535"/>
  <node version="1" id="2318" lat="37.2401514" lon="126.7743692"/>
  <node version="1" id="2319" lat="37.2401754" lon="126.7743848"/>
  <node version="1" id="2320" lat="37.2401993" lon="126.7744005"/>
  <node version="1" id="2321" lat="37.2402136" lon="126.7744092"/>
  <node version="1" id="2322" lat="37.2402248" lon="126.7744158"/>
  <node version="1" id="2323" lat="37.2402335" lon="126.77442"/>
  <node version="1" id="2324" lat="37.24048" lon="126.7741537"/>
  <node version="1" id="2325" lat="37.2404891" lon="126.7741319"/>
  <node version="1" id="2326" lat="37.2404606" lon="126.7741129"/>
  <node version="1" id="2327" lat="37.2404516" lon="126.7741349"/>
  <node version="1" id="2328" lat="37.2404393" lon="126.774165"/>
  <node version="1" id="2329" lat="37.2404315" lon="126.7741836"/>
  <node version="1" id="2330" lat="37.2404189" lon="126.7742136"/>
  <node version="1" id="2331" lat="37.2404063" lon="126.7742435"/>
  <node version="1" id="2332" lat="37.2404033" lon="126.7742508"/>
  <node version="1" id="2333" lat="37.2403907" lon="126.7742808"/>
  <node version="1" id="2334" lat="37.2403844" lon="126.7742957"/>
  <node version="1" id="2335" lat="37.2403782" lon="126.7743107"/>
  <node version="1" id="2336" lat="37.24037" lon="126.774328"/>
  <node version="1" id="2337" lat="37.2403627" lon="126.7743407"/>
  <node version="1" id="2338" lat="37.2403561" lon="126.7743511"/>
  <node version="1" id="2339" lat="37.2403513" lon="126.7743583"/>
  <node version="1" id="2340" lat="37.2403454" lon="126.7743651"/>
  <node version="1" id="2341" lat="37.2403402" lon="126.7743704"/>
  <node version="1" id="2342" lat="37.2403345" lon="126.7743755"/>
  <node version="1" id="2343" lat="37.2403256" lon="126.7743815"/>
  <node version="1" id="2344" lat="37.240315" lon="126.7743865"/>
  <node version="1" id="2345" lat="37.2403045" lon="126.7743897"/>
  <node version="1" id="2346" lat="37.2402954" lon="126.7743911"/>
  <node version="1" id="2347" lat="37.2402872" lon="126.7743916"/>
  <node version="1" id="2348" lat="37.2402811" lon="126.7743914"/>
  <node version="1" id="2349" lat="37.240276" lon="126.7743909"/>
  <node version="1" id="2350" lat="37.2402678" lon="126.7743896"/>
  <node version="1" id="2351" lat="37.2402591" lon="126.7743874"/>
  <node version="1" id="2352" lat="37.2402517" lon="126.7743851"/>
  <node version="1" id="2353" lat="37.240244" lon="126.7743821"/>
  <node version="1" id="2354" lat="37.2402436" lon="126.774382"/>
  <node version="1" id="2355" lat="37.2404551" lon="126.773991"/>
  <node version="1" id="2356" lat="37.2404575" lon="126.7739928"/>
  <node version="1" id="2357" lat="37.2404603" lon="126.7739953"/>
  <node version="1" id="2358" lat="37.2404638" lon="126.7739998"/>
  <node version="1" id="2359" lat="37.2404675" lon="126.7740054"/>
  <node version="1" id="2360" lat="37.2404705" lon="126.7740108"/>
  <node version="1" id="2361" lat="37.2404729" lon="126.7740152"/>
  <node version="1" id="2362" lat="37.2404754" lon="126.774021"/>
  <node version="1" id="2363" lat="37.2404771" lon="126.774026"/>
  <node version="1" id="2364" lat="37.2404786" lon="126.774033"/>
  <node version="1" id="2365" lat="37.2404796" lon="126.7740404"/>
  <node version="1" id="2366" lat="37.24048" lon="126.7740479"/>
  <node version="1" id="2367" lat="37.2404797" lon="126.7740535"/>
  <node version="1" id="2368" lat="37.2404787" lon="126.7740622"/>
  <node version="1" id="2369" lat="37.2404777" lon="126.7740668"/>
  <node version="1" id="2370" lat="37.2404764" lon="126.774071"/>
  <node version="1" id="2371" lat="37.2397871" lon="126.7741742"/>
  <node version="1" id="2372" lat="37.2398109" lon="126.7741902"/>
  <node version="1" id="2373" lat="37.2398128" lon="126.7741914"/>
  <node version="1" id="2374" lat="37.2396511" lon="126.774085"/>
  <node version="1" id="2375" lat="37.239661" lon="126.7740914"/>
  <node version="1" id="2376" lat="37.2396778" lon="126.7741025"/>
  <node version="1" id="2377" lat="37.2396979" lon="126.7741157"/>
  <node version="1" id="2378" lat="37.2397109" lon="126.774124"/>
  <node version="1" id="2379" lat="37.2397238" lon="126.7741322"/>
  <node version="1" id="2380" lat="37.2397433" lon="126.7741454"/>
  <node version="1" id="2381" lat="37.2397618" lon="126.7741579"/>
  <node version="1" id="2382" lat="37.2397744" lon="126.7741661"/>
  <node version="1" id="2383" lat="37.2397398" lon="126.773584"/>
  <node version="1" id="2384" lat="37.2397452" lon="126.7735781"/>
  <node version="1" id="2385" lat="37.239751" lon="126.7735732"/>
  <node version="1" id="2386" lat="37.2397571" lon="126.7735685"/>
  <node version="1" id="2387" lat="37.2397631" lon="126.7735656"/>
  <node version="1" id="2388" lat="37.2397703" lon="126.7735624"/>
  <node version="1" id="2389" lat="37.239777" lon="126.7735609"/>
  <node version="1" id="2390" lat="37.2397858" lon="126.7735602"/>
  <node version="1" id="2391" lat="37.239793" lon="126.7735602"/>
  <node version="1" id="2392" lat="37.239797" lon="126.773561"/>
  <node version="1" id="2393" lat="37.2398045" lon="126.7735633"/>
  <node version="1" id="2394" lat="37.2395871" lon="126.7740417"/>
  <node version="1" id="2395" lat="37.2396001" lon="126.7740501"/>
  <node version="1" id="2396" lat="37.2396135" lon="126.7740589"/>
  <node version="1" id="2397" lat="37.239631" lon="126.7740706"/>
  <node version="1" id="2398" lat="37.2394795" lon="126.7740326"/>
  <node version="1" id="2399" lat="37.2394874" lon="126.7740189"/>
  <node version="1" id="2400" lat="37.2394953" lon="126.7740052"/>
  <node version="1" id="2401" lat="37.2395032" lon="126.7739915"/>
  <node version="1" id="2402" lat="37.2395112" lon="126.7739778"/>
  <node version="1" id="2403" lat="37.2395191" lon="126.7739641"/>
  <node version="1" id="2404" lat="37.239527" lon="126.7739504"/>
  <node version="1" id="2405" lat="37.2395349" lon="126.7739367"/>
  <node version="1" id="2406" lat="37.2395429" lon="126.773923"/>
  <node version="1" id="2407" lat="37.2395508" lon="126.7739093"/>
  <node version="1" id="2408" lat="37.239565" lon="126.7738249"/>
  <node version="1" id="2409" lat="37.2395604" lon="126.7738414"/>
  <node version="1" id="2410" lat="37.2395573" lon="126.7738573"/>
  <node version="1" id="2411" lat="37.2395556" lon="126.7738712"/>
  <node version="1" id="2412" lat="37.2395541" lon="126.7738878"/>
  <node version="1" id="2413" lat="37.2394809" lon="126.7740243"/>
  <node version="1" id="2414" lat="37.2394898" lon="126.7740032"/>
  <node version="1" id="2415" lat="37.2394995" lon="126.77398"/>
  <node version="1" id="2416" lat="37.2395087" lon="126.7739586"/>
  <node version="1" id="2417" lat="37.239515" lon="126.7739436"/>
  <node version="1" id="2418" lat="37.2395212" lon="126.7739286"/>
  <node version="1" id="2419" lat="37.2395323" lon="126.7739021"/>
  <node version="1" id="2420" lat="37.2395362" lon="126.7738928"/>
  <node version="1" id="2421" lat="37.2395652" lon="126.7738221"/>
  <node version="1" id="2422" lat="37.239555" lon="126.7738471"/>
  <node version="1" id="2423" lat="37.2395449" lon="126.7738721"/>
  <node version="1" id="2424" lat="37.2398214" lon="126.7735224"/>
  <node version="1" id="2425" lat="37.2398328" lon="126.7735295"/>
  <node version="1" id="2426" lat="37.2398329" lon="126.7735295"/>
  <node version="1" id="2427" lat="37.2398469" lon="126.7735387"/>
  <node version="1" id="2428" lat="37.2398557" lon="126.7735445"/>
  <node version="1" id="2429" lat="37.2398569" lon="126.7735452"/>
  <node version="1" id="2430" lat="37.2398658" lon="126.7735511"/>
  <node version="1" id="2431" lat="37.2398747" lon="126.7735569"/>
  <node version="1" id="2432" lat="37.2398847" lon="126.7735634"/>
  <node version="1" id="2433" lat="37.2398973" lon="126.7735717"/>
  <node version="1" id="2434" lat="37.2399006" lon="126.7735739"/>
  <node version="1" id="2435" lat="37.2399071" lon="126.7735781"/>
  <node version="1" id="2436" lat="37.2399105" lon="126.7735804"/>
  <node version="1" id="2437" lat="37.2399198" lon="126.7735864"/>
  <node version="1" id="2438" lat="37.2399204" lon="126.7735868"/>
  <node version="1" id="2439" lat="37.2399284" lon="126.7735921"/>
  <node version="1" id="2440" lat="37.2399296" lon="126.7735929"/>
  <node version="1" id="2441" lat="37.2399365" lon="126.7735973"/>
  <node version="1" id="2442" lat="37.2399394" lon="126.7735993"/>
  <node version="1" id="2443" lat="37.2399463" lon="126.7736038"/>
  <node version="1" id="2444" lat="37.239952" lon="126.7736075"/>
  <node version="1" id="2445" lat="37.239956" lon="126.7736101"/>
  <node version="1" id="2446" lat="37.2399617" lon="126.7736139"/>
  <node version="1" id="2447" lat="37.2399743" lon="126.7736221"/>
  <node version="1" id="2448" lat="37.2399824" lon="126.7736274"/>
  <node version="1" id="2449" lat="37.2400005" lon="126.7736387"/>
  <node version="1" id="2450" lat="37.2398238" lon="126.7735745"/>
  <node version="1" id="2451" lat="37.2398367" lon="126.7735832"/>
  <node version="1" id="2452" lat="37.2398606" lon="126.7735989"/>
  <node version="1" id="2453" lat="37.2398845" lon="126.7736146"/>
  <node version="1" id="2454" lat="37.2399085" lon="126.7736303"/>
  <node version="1" id="2455" lat="37.2399324" lon="126.773646"/>
  <node version="1" id="2456" lat="37.2399558" lon="126.7736613"/>
  <node version="1" id="2457" lat="37.2399653" lon="126.7736674"/>
  <node version="1" id="2458" lat="37.2399832" lon="126.7736791"/>
  <node version="1" id="2459" lat="37.2402807" lon="126.7738244"/>
  <node version="1" id="2460" lat="37.2402988" lon="126.7738361"/>
  <node version="1" id="2461" lat="37.2403132" lon="126.7738454"/>
  <node version="1" id="2462" lat="37.2403311" lon="126.7738571"/>
  <node version="1" id="2463" lat="37.2403502" lon="126.7738694"/>
  <node version="1" id="2464" lat="37.2403645" lon="126.7738787"/>
  <node version="1" id="2465" lat="37.2403853" lon="126.7738927"/>
  <node version="1" id="2466" lat="37.240408" lon="126.7739078"/>
  <node version="1" id="2467" lat="37.2404226" lon="126.7739175"/>
  <node version="1" id="2468" lat="37.240441" lon="126.7739295"/>
  <node version="1" id="2469" lat="37.2402641" lon="126.773864"/>
  <node version="1" id="2470" lat="37.2402769" lon="126.7738723"/>
  <node version="1" id="2471" lat="37.2402897" lon="126.7738806"/>
  <node version="1" id="2472" lat="37.240313" lon="126.7738962"/>
  <node version="1" id="2473" lat="37.2403251" lon="126.7739043"/>
  <node version="1" id="2474" lat="37.2403371" lon="126.7739123"/>
  <node version="1" id="2475" lat="37.2403605" lon="126.7739279"/>
  <node version="1" id="2476" lat="37.2403839" lon="126.7739435"/>
  <node version="1" id="2477" lat="37.240406" lon="126.7739575"/>
  <node version="1" id="2478" lat="37.2404239" lon="126.7739694"/>
  <node version="1" id="2479" lat="37.2402353" lon="126.774378"/>
  <node version="1" id="2480" lat="37.2402266" lon="126.7743735"/>
  <node version="1" id="2481" lat="37.2402102" lon="126.7743633"/>
  <node version="1" id="2482" lat="37.2401865" lon="126.7743479"/>
  <node version="1" id="2483" lat="37.240165" lon="126.7743336"/>
  <node version="1" id="2484" lat="37.240147" lon="126.774322"/>
  <node version="1" id="2485" lat="37.2401242" lon="126.7743072"/>
  <node version="1" id="2486" lat="37.2401121" lon="126.7742992"/>
  <node version="1" id="2487" lat="37.2401" lon="126.7742912"/>
  <node version="1" id="2488" lat="37.2400795" lon="126.7742775"/>
  <node version="1" id="2489" lat="37.2400558" lon="126.7742615"/>
  <node version="1" id="2490" lat="37.2400535" lon="126.7742599"/>
  <node version="1" id="2491" lat="37.2398434" lon="126.7741216"/>
  <node version="1" id="2492" lat="37.2398274" lon="126.7741113"/>
  <node version="1" id="2493" lat="37.2398166" lon="126.7741042"/>
  <node version="1" id="2494" lat="37.2397927" lon="126.7740884"/>
  <node version="1" id="2495" lat="37.2397688" lon="126.7740727"/>
  <node version="1" id="2496" lat="37.2397449" lon="126.7740569"/>
  <node version="1" id="2497" lat="37.2397439" lon="126.7740563"/>
  <node version="1" id="2498" lat="37.23972" lon="126.7740404"/>
  <node version="1" id="2499" lat="37.2396991" lon="126.7740265"/>
  <node version="1" id="2500" lat="37.2396834" lon="126.7740155"/>
  <node version="1" id="2501" lat="37.2396739" lon="126.7740081"/>
  <node version="1" id="2502" lat="37.2396673" lon="126.7740031"/>
  <node version="1" id="2503" lat="37.2396609" lon="126.7739968"/>
  <node version="1" id="2504" lat="37.2396517" lon="126.7739858"/>
  <node version="1" id="2505" lat="37.2396441" lon="126.7739756"/>
  <node version="1" id="2506" lat="37.2396401" lon="126.7739694"/>
  <node version="1" id="2507" lat="37.2396378" lon="126.7739657"/>
  <node version="1" id="2508" lat="37.2396324" lon="126.7739554"/>
  <node version="1" id="2509" lat="37.239629" lon="126.7739472"/>
  <node version="1" id="2510" lat="37.2396252" lon="126.7739374"/>
  <node version="1" id="2511" lat="37.2396222" lon="126.7739274"/>
  <node version="1" id="2512" lat="37.23962" lon="126.7739171"/>
  <node version="1" id="2513" lat="37.2396186" lon="126.7739074"/>
  <node version="1" id="2514" lat="37.2396182" lon="126.7738954"/>
  <node version="1" id="2515" lat="37.2396189" lon="126.7738806"/>
  <node version="1" id="2516" lat="37.2396206" lon="126.7738697"/>
  <node version="1" id="2517" lat="37.2396232" lon="126.773859"/>
  <node version="1" id="2518" lat="37.2396271" lon="126.7738469"/>
  <node version="1" id="2519" lat="37.2396285" lon="126.7738432"/>
  <node version="1" id="2520" lat="37.2396389" lon="126.7738168"/>
  <node version="1" id="2521" lat="37.2396514" lon="126.7737869"/>
  <node version="1" id="2522" lat="37.2396536" lon="126.7737815"/>
  <node version="1" id="2523" lat="37.2396662" lon="126.7737515"/>
  <node version="1" id="2524" lat="37.2396787" lon="126.7737216"/>
  <node version="1" id="2525" lat="37.2396865" lon="126.7737028"/>
  <node version="1" id="2526" lat="37.239699" lon="126.7736728"/>
  <node version="1" id="2527" lat="37.2397002" lon="126.7736697"/>
  <node version="1" id="2528" lat="37.2397067" lon="126.773654"/>
  <node version="1" id="2529" lat="37.2397132" lon="126.7736382"/>
  <node version="1" id="2530" lat="37.2397223" lon="126.7736165"/>
  <node version="1" id="2531" lat="37.2397278" lon="126.7736046"/>
  <node version="1" id="2532" lat="37.2397317" lon="126.7735967"/>
  <node version="1" id="2533" lat="37.239735" lon="126.7735912"/>
  <node version="1" id="2534" lat="37.2396462" lon="126.7733438"/>
  <node version="1" id="2535" lat="37.2396224" lon="126.7733279"/>
  <node version="1" id="2536" lat="37.2395985" lon="126.7733121"/>
  <node version="1" id="2537" lat="37.2395982" lon="126.7733118"/>
  <node version="1" id="2538" lat="37.2395815" lon="126.773301"/>
  <node version="1" id="2539" lat="37.2395692" lon="126.773293"/>
  <node version="1" id="2540" lat="37.2395569" lon="126.7732851"/>
  <node version="1" id="2541" lat="37.239533" lon="126.7732694"/>
  <node version="1" id="2542" lat="37.2395091" lon="126.7732537"/>
  <node version="1" id="2543" lat="37.2394852" lon="126.7732381"/>
  <node version="1" id="2544" lat="37.2394614" lon="126.7732224"/>
  <node version="1" id="2545" lat="37.2394375" lon="126.7732067"/>
  <node version="1" id="2546" lat="37.2394136" lon="126.773191"/>
  <node version="1" id="2547" lat="37.2394009" lon="126.7731827"/>
  <node version="1" id="2548" lat="37.2393771" lon="126.7731671"/>
  <node version="1" id="2549" lat="37.2393533" lon="126.7731516"/>
  <node version="1" id="2550" lat="37.2393295" lon="126.773136"/>
  <node version="1" id="2551" lat="37.2393057" lon="126.7731204"/>
  <node version="1" id="2552" lat="37.2392819" lon="126.7731048"/>
  <node version="1" id="2553" lat="37.2392581" lon="126.7730892"/>
  <node version="1" id="2554" lat="37.2392343" lon="126.7730737"/>
  <node version="1" id="2555" lat="37.2392105" lon="126.7730581"/>
  <node version="1" id="2556" lat="37.2391926" lon="126.7730464"/>
  <node version="1" id="2557" lat="37.2391688" lon="126.7730307"/>
  <node version="1" id="2558" lat="37.2391449" lon="126.7730149"/>
  <node version="1" id="2559" lat="37.2391211" lon="126.7729992"/>
  <node version="1" id="2560" lat="37.2390972" lon="126.7729835"/>
  <node version="1" id="2561" lat="37.2390734" lon="126.7729677"/>
  <node version="1" id="2562" lat="37.2390495" lon="126.772952"/>
  <node version="1" id="2563" lat="37.239041" lon="126.7729463"/>
  <node version="1" id="2564" lat="37.2390289" lon="126.7729389"/>
  <node version="1" id="2565" lat="37.2390095" lon="126.7729264"/>
  <node version="1" id="2566" lat="37.2389855" lon="126.7729108"/>
  <node version="1" id="2567" lat="37.2389783" lon="126.7729059"/>
  <node version="1" id="2568" lat="37.2389664" lon="126.7728978"/>
  <node version="1" id="2569" lat="37.2389546" lon="126.7728897"/>
  <node version="1" id="2570" lat="37.2389484" lon="126.7728853"/>
  <node version="1" id="2571" lat="37.2389367" lon="126.7728768"/>
  <node version="1" id="2572" lat="37.238925" lon="126.7728684"/>
  <node version="1" id="2573" lat="37.2389025" lon="126.7728502"/>
  <node version="1" id="2574" lat="37.2389012" lon="126.7728491"/>
  <node version="1" id="2575" lat="37.2388852" lon="126.7728355"/>
  <node version="1" id="2576" lat="37.238871" lon="126.7728214"/>
  <node version="1" id="2577" lat="37.2388636" lon="126.7728142"/>
  <node version="1" id="2578" lat="37.2403938" lon="126.7743533"/>
  <node version="1" id="2579" lat="37.2403956" lon="126.7743502"/>
  <node version="1" id="2580" lat="37.2403999" lon="126.7743415"/>
  <node version="1" id="2581" lat="37.2404045" lon="126.7743317"/>
  <node version="1" id="2582" lat="37.2404127" lon="126.7743126"/>
  <node version="1" id="2583" lat="37.2404131" lon="126.7743119"/>
  <node version="1" id="2584" lat="37.2404257" lon="126.774282"/>
  <node version="1" id="2585" lat="37.2404384" lon="126.7742521"/>
  <node version="1" id="2586" lat="37.240451" lon="126.7742223"/>
  <node version="1" id="2587" lat="37.2404637" lon="126.7741924"/>
  <node version="1" id="2588" lat="37.2404763" lon="126.7741625"/>
  <node version="1" id="2589" lat="37.2404773" lon="126.7741602"/>
  <node version="1" id="2590" lat="37.2404229" lon="126.7743709"/>
  <node version="1" id="2591" lat="37.2404276" lon="126.7743619"/>
  <node version="1" id="2592" lat="37.240434" lon="126.7743481"/>
  <node version="1" id="2593" lat="37.2404413" lon="126.7743316"/>
  <node version="1" id="2594" lat="37.2404538" lon="126.7743016"/>
  <node version="1" id="2595" lat="37.2404549" lon="126.7742987"/>
  <node version="1" id="2596" lat="37.2404673" lon="126.7742687"/>
  <node version="1" id="2597" lat="37.2404677" lon="126.7742678"/>
  <node version="1" id="2598" lat="37.2404803" lon="126.7742379"/>
  <node version="1" id="2599" lat="37.2404845" lon="126.7742281"/>
  <node version="1" id="2600" lat="37.2404969" lon="126.7741981"/>
  <node version="1" id="2601" lat="37.2405077" lon="126.7741722"/>
  <node version="1" id="2602" lat="37.2395547" lon="126.7739191"/>
  <node version="1" id="2603" lat="37.2395571" lon="126.7739379"/>
  <node version="1" id="2604" lat="37.2395622" lon="126.7739594"/>
  <node version="1" id="2605" lat="37.2395701" lon="126.7739823"/>
  <node version="1" id="2606" lat="37.2395804" lon="126.7740054"/>
  <node version="1" id="2607" lat="37.2395942" lon="126.7740295"/>
  <node version="1" id="2608" lat="37.2396092" lon="126.7740496"/>
  <node version="1" id="2609" lat="37.2396175" lon="126.774059"/>
  <node version="1" id="2610" lat="37.2395852" lon="126.7739156"/>
  <node version="1" id="2611" lat="37.2395886" lon="126.7739364"/>
  <node version="1" id="2612" lat="37.2395946" lon="126.7739568"/>
  <node version="1" id="2613" lat="37.2396036" lon="126.773978"/>
  <node version="1" id="2614" lat="37.2396124" lon="126.7739927"/>
  <node version="1" id="2615" lat="37.2396137" lon="126.7739946"/>
  <node version="1" id="2616" lat="37.239619" lon="126.7740029"/>
  <node version="1" id="2617" lat="37.2396245" lon="126.7740106"/>
  <node version="1" id="2618" lat="37.2396317" lon="126.7740194"/>
  <node version="1" id="2619" lat="37.2396443" lon="126.7740329"/>
  <node version="1" id="2620" lat="37.2396514" lon="126.7740391"/>
  <node version="1" id="2621" lat="37.2396621" lon="126.7740472"/>
  <node version="1" id="2622" lat="37.2396827" lon="126.7740608"/>
  <node version="1" id="2623" lat="37.2397064" lon="126.7740765"/>
  <node version="1" id="2624" lat="37.2397084" lon="126.7740778"/>
  <node version="1" id="2625" lat="37.2397323" lon="126.7740935"/>
  <node version="1" id="2626" lat="37.2397561" lon="126.7741093"/>
  <node version="1" id="2627" lat="37.23978" lon="126.7741251"/>
  <node version="1" id="2628" lat="37.2397997" lon="126.7741381"/>
  <node version="1" id="2629" lat="37.2398022" lon="126.7741397"/>
  <node version="1" id="2630" lat="37.2398236" lon="126.7741536"/>
  <node version="1" id="2631" lat="37.239828" lon="126.7741563"/>
  <node version="1" id="2632" lat="37.2398729" lon="126.7753267"/>
  <node version="1" id="2633" lat="37.2398543" lon="126.7753301"/>
  <node version="1" id="2634" lat="37.2398448" lon="126.7753313"/>
  <node version="1" id="2635" lat="37.2398216" lon="126.775333"/>
  <node version="1" id="2636" lat="37.2398064" lon="126.7753336"/>
  <node version="1" id="2637" lat="37.2397913" lon="126.7753342"/>
  <node version="1" id="2638" lat="37.239768" lon="126.7753349"/>
  <node version="1" id="2639" lat="37.2397447" lon="126.7753357"/>
  <node version="1" id="2640" lat="37.2397227" lon="126.7753365"/>
  <node version="1" id="2641" lat="37.2397008" lon="126.7753373"/>
  <node version="1" id="2642" lat="37.2396929" lon="126.7753376"/>
  <node version="1" id="2643" lat="37.2398924" lon="126.7753755"/>
  <node version="1" id="2644" lat="37.2398784" lon="126.7753745"/>
  <node version="1" id="2645" lat="37.2398592" lon="126.7753721"/>
  <node version="1" id="2646" lat="37.2398436" lon="126.7753703"/>
  <node version="1" id="2647" lat="37.2398359" lon="126.7753697"/>
  <node version="1" id="2648" lat="37.2398298" lon="126.7753696"/>
  <node version="1" id="2649" lat="37.239818" lon="126.7753703"/>
  <node version="1" id="2650" lat="37.2397934" lon="126.7753711"/>
  <node version="1" id="2651" lat="37.2397688" lon="126.7753718"/>
  <node version="1" id="2652" lat="37.2397442" lon="126.7753725"/>
  <node version="1" id="2653" lat="37.2397205" lon="126.7753734"/>
  <node version="1" id="2654" lat="37.2396969" lon="126.7753743"/>
  <node version="1" id="2655" lat="37.2396939" lon="126.7753744"/>
  <node version="1" id="2656" lat="37.2398789" lon="126.7753777"/>
  <node version="1" id="2657" lat="37.2398574" lon="126.7753812"/>
  <node version="1" id="2658" lat="37.2398481" lon="126.7753825"/>
  <node version="1" id="2659" lat="37.2398266" lon="126.7753836"/>
  <node version="1" id="2660" lat="37.2398109" lon="126.7753842"/>
  <node version="1" id="2661" lat="37.2397952" lon="126.7753848"/>
  <node version="1" id="2662" lat="37.2397757" lon="126.7753855"/>
  <node version="1" id="2663" lat="37.2397563" lon="126.7753863"/>
  <node version="1" id="2664" lat="37.2397347" lon="126.775387"/>
  <node version="1" id="2665" lat="37.2397131" lon="126.7753877"/>
  <node version="1" id="2666" lat="37.2396943" lon="126.7753884"/>
  <node version="1" id="2667" lat="37.2416066" lon="126.775201"/>
  <node version="1" id="2668" lat="37.2416015" lon="126.7752012"/>
  <node version="1" id="2669" lat="37.2415989" lon="126.7752013"/>
  <node version="1" id="2670" lat="37.2415761" lon="126.7752022"/>
  <node version="1" id="2671" lat="37.2415532" lon="126.7752031"/>
  <node version="1" id="2672" lat="37.2415311" lon="126.7752039"/>
  <node version="1" id="2673" lat="37.2415091" lon="126.7752047"/>
  <node version="1" id="2674" lat="37.241486" lon="126.7752054"/>
  <node version="1" id="2675" lat="37.2414629" lon="126.7752061"/>
  <node version="1" id="2676" lat="37.2414404" lon="126.7752067"/>
  <node version="1" id="2677" lat="37.2414179" lon="126.7752074"/>
  <node version="1" id="2678" lat="37.2413953" lon="126.7752083"/>
  <node version="1" id="2679" lat="37.2413727" lon="126.7752092"/>
  <node version="1" id="2680" lat="37.2413497" lon="126.77521"/>
  <node version="1" id="2681" lat="37.2413266" lon="126.7752108"/>
  <node version="1" id="2682" lat="37.2413039" lon="126.7752116"/>
  <node version="1" id="2683" lat="37.2412812" lon="126.7752124"/>
  <node version="1" id="2684" lat="37.241258" lon="126.7752132"/>
  <node version="1" id="2685" lat="37.2412348" lon="126.7752141"/>
  <node version="1" id="2686" lat="37.241212" lon="126.7752148"/>
  <node version="1" id="2687" lat="37.2411891" lon="126.7752156"/>
  <node version="1" id="2688" lat="37.2411663" lon="126.7752163"/>
  <node version="1" id="2689" lat="37.2411435" lon="126.7752171"/>
  <node version="1" id="2690" lat="37.2411209" lon="126.7752178"/>
  <node version="1" id="2691" lat="37.2410984" lon="126.7752186"/>
  <node version="1" id="2692" lat="37.241076" lon="126.7752195"/>
  <node version="1" id="2693" lat="37.2410536" lon="126.7752205"/>
  <node version="1" id="2694" lat="37.2410316" lon="126.7752212"/>
  <node version="1" id="2695" lat="37.2410096" lon="126.7752219"/>
  <node version="1" id="2696" lat="37.2409867" lon="126.7752228"/>
  <node version="1" id="2697" lat="37.2409637" lon="126.7752236"/>
  <node version="1" id="2698" lat="37.2409415" lon="126.7752245"/>
  <node version="1" id="2699" lat="37.2409193" lon="126.7752254"/>
  <node version="1" id="2700" lat="37.2408957" lon="126.7752261"/>
  <node version="1" id="2701" lat="37.240872" lon="126.7752269"/>
  <node version="1" id="2702" lat="37.2408475" lon="126.7752278"/>
  <node version="1" id="2703" lat="37.2408229" lon="126.7752286"/>
  <node version="1" id="2704" lat="37.2407984" lon="126.7752295"/>
  <node version="1" id="2705" lat="37.2407772" lon="126.7752303"/>
  <node version="1" id="2706" lat="37.240756" lon="126.775231"/>
  <node version="1" id="2707" lat="37.2407349" lon="126.7752318"/>
  <node version="1" id="2708" lat="37.2407126" lon="126.7752326"/>
  <node version="1" id="2709" lat="37.2406903" lon="126.7752335"/>
  <node version="1" id="2710" lat="37.2406664" lon="126.7752343"/>
  <node version="1" id="2711" lat="37.2406425" lon="126.7752352"/>
  <node version="1" id="2712" lat="37.2406172" lon="126.7752361"/>
  <node version="1" id="2713" lat="37.2405919" lon="126.775237"/>
  <node version="1" id="2714" lat="37.2405666" lon="126.7752379"/>
  <node version="1" id="2715" lat="37.2405449" lon="126.7752387"/>
  <node version="1" id="2716" lat="37.2405233" lon="126.7752396"/>
  <node version="1" id="2717" lat="37.2409926" lon="126.7753443"/>
  <node version="1" id="2718" lat="37.2409805" lon="126.7753447"/>
  <node version="1" id="2719" lat="37.2409588" lon="126.7753453"/>
  <node version="1" id="2720" lat="37.240937" lon="126.7753459"/>
  <node version="1" id="2721" lat="37.2409152" lon="126.7753465"/>
  <node version="1" id="2722" lat="37.2408935" lon="126.7753471"/>
  <node version="1" id="2723" lat="37.2408717" lon="126.7753478"/>
  <node version="1" id="2724" lat="37.2408479" lon="126.7753486"/>
  <node version="1" id="2725" lat="37.2408241" lon="126.7753495"/>
  <node version="1" id="2726" lat="37.2408003" lon="126.7753504"/>
  <node version="1" id="2727" lat="37.2407743" lon="126.7753511"/>
  <node version="1" id="2728" lat="37.2407484" lon="126.7753518"/>
  <node version="1" id="2729" lat="37.2407224" lon="126.7753525"/>
  <node version="1" id="2730" lat="37.2406965" lon="126.7753532"/>
  <node version="1" id="2731" lat="37.2406718" lon="126.7753537"/>
  <node version="1" id="2732" lat="37.2406471" lon="126.7753543"/>
  <node version="1" id="2733" lat="37.2406224" lon="126.7753548"/>
  <node version="1" id="2734" lat="37.2405967" lon="126.7753554"/>
  <node version="1" id="2735" lat="37.240571" lon="126.775356"/>
  <node version="1" id="2736" lat="37.2405453" lon="126.7753566"/>
  <node version="1" id="2737" lat="37.2405196" lon="126.7753571"/>
  <node version="1" id="2738" lat="37.2404937" lon="126.7753578"/>
  <node version="1" id="2739" lat="37.2404677" lon="126.7753585"/>
  <node version="1" id="2740" lat="37.2404418" lon="126.7753591"/>
  <node version="1" id="2741" lat="37.2404384" lon="126.7753592"/>
  <node version="1" id="2742" lat="37.2404149" lon="126.7753597"/>
  <node version="1" id="2743" lat="37.2403914" lon="126.7753603"/>
  <node version="1" id="2744" lat="37.2403679" lon="126.7753608"/>
  <node version="1" id="2745" lat="37.2403444" lon="126.7753613"/>
  <node version="1" id="2746" lat="37.2403222" lon="126.7753619"/>
  <node version="1" id="2747" lat="37.2403001" lon="126.7753624"/>
  <node version="1" id="2748" lat="37.2402779" lon="126.775363"/>
  <node version="1" id="2749" lat="37.2402557" lon="126.7753636"/>
  <node version="1" id="2750" lat="37.24023" lon="126.7753642"/>
  <node version="1" id="2751" lat="37.2402043" lon="126.7753648"/>
  <node version="1" id="2752" lat="37.2401786" lon="126.7753654"/>
  <node version="1" id="2753" lat="37.2401529" lon="126.775366"/>
  <node version="1" id="2754" lat="37.2401282" lon="126.7753669"/>
  <node version="1" id="2755" lat="37.2401036" lon="126.7753677"/>
  <node version="1" id="2756" lat="37.2400789" lon="126.7753685"/>
  <node version="1" id="2757" lat="37.2400549" lon="126.7753692"/>
  <node version="1" id="2758" lat="37.2400308" lon="126.77537"/>
  <node version="1" id="2759" lat="37.2400068" lon="126.7753707"/>
  <node version="1" id="2760" lat="37.2399827" lon="126.7753714"/>
  <node version="1" id="2761" lat="37.2399602" lon="126.7753724"/>
  <node version="1" id="2762" lat="37.2399376" lon="126.7753734"/>
  <node version="1" id="2763" lat="37.239915" lon="126.7753745"/>
  <node version="1" id="2764" lat="37.241608" lon="126.7752855"/>
  <node version="1" id="2765" lat="37.2416032" lon="126.7752857"/>
  <node version="1" id="2766" lat="37.2416029" lon="126.7752857"/>
  <node version="1" id="2767" lat="37.2415811" lon="126.7752865"/>
  <node version="1" id="2768" lat="37.2415592" lon="126.7752873"/>
  <node version="1" id="2769" lat="37.2415374" lon="126.7752881"/>
  <node version="1" id="2770" lat="37.2415156" lon="126.7752888"/>
  <node version="1" id="2771" lat="37.241492" lon="126.7752897"/>
  <node version="1" id="2772" lat="37.2414684" lon="126.7752905"/>
  <node version="1" id="2773" lat="37.2414448" lon="126.7752913"/>
  <node version="1" id="2774" lat="37.2414213" lon="126.7752922"/>
  <node version="1" id="2775" lat="37.2413999" lon="126.7752928"/>
  <node version="1" id="2776" lat="37.2413785" lon="126.7752935"/>
  <node version="1" id="2777" lat="37.2413571" lon="126.7752942"/>
  <node version="1" id="2778" lat="37.2413357" lon="126.7752948"/>
  <node version="1" id="2779" lat="37.2413128" lon="126.7752956"/>
  <node version="1" id="2780" lat="37.24129" lon="126.7752965"/>
  <node version="1" id="2781" lat="37.2412671" lon="126.7752973"/>
  <node version="1" id="2782" lat="37.2412443" lon="126.7752981"/>
  <node version="1" id="2783" lat="37.2416014" lon="126.7752023"/>
  <node version="1" id="2784" lat="37.2415784" lon="126.7752077"/>
  <node version="1" id="2785" lat="37.2415554" lon="126.7752131"/>
  <node version="1" id="2786" lat="37.2415373" lon="126.7752171"/>
  <node version="1" id="2787" lat="37.2415193" lon="126.7752211"/>
  <node version="1" id="2788" lat="37.2415006" lon="126.775224"/>
  <node version="1" id="2789" lat="37.2414819" lon="126.775227"/>
  <node version="1" id="2790" lat="37.2414582" lon="126.7752306"/>
  <node version="1" id="2791" lat="37.2414346" lon="126.7752342"/>
  <node version="1" id="2792" lat="37.2414206" lon="126.7752365"/>
  <node version="1" id="2793" lat="37.2414066" lon="126.7752389"/>
  <node version="1" id="2794" lat="37.2413918" lon="126.775241"/>
  <node version="1" id="2795" lat="37.241377" lon="126.7752432"/>
  <node version="1" id="2796" lat="37.2413585" lon="126.7752463"/>
  <node version="1" id="2797" lat="37.24134" lon="126.7752493"/>
  <node version="1" id="2798" lat="37.2413215" lon="126.7752524"/>
  <node version="1" id="2799" lat="37.2412985" lon="126.7752562"/>
  <node version="1" id="2800" lat="37.2412754" lon="126.77526"/>
  <node version="1" id="2801" lat="37.2412596" lon="126.7752625"/>
  <node version="1" id="2802" lat="37.2412438" lon="126.7752649"/>
  <node version="1" id="2803" lat="37.2416087" lon="126.7753263"/>
  <node version="1" id="2804" lat="37.2416036" lon="126.7753265"/>
  <node version="1" id="2805" lat="37.2415817" lon="126.7753272"/>
  <node version="1" id="2806" lat="37.2415599" lon="126.775328"/>
  <node version="1" id="2807" lat="37.2415381" lon="126.7753287"/>
  <node version="1" id="2808" lat="37.2415162" lon="126.7753294"/>
  <node version="1" id="2809" lat="37.2414909" lon="126.7753302"/>
  <node version="1" id="2810" lat="37.2414656" lon="126.775331"/>
  <node version="1" id="2811" lat="37.2414403" lon="126.7753317"/>
  <node version="1" id="2812" lat="37.241415" lon="126.7753325"/>
  <node version="1" id="2813" lat="37.2413885" lon="126.7753332"/>
  <node version="1" id="2814" lat="37.241362" lon="126.7753339"/>
  <node version="1" id="2815" lat="37.2413354" lon="126.7753346"/>
  <node version="1" id="2816" lat="37.2413132" lon="126.7753353"/>
  <node version="1" id="2817" lat="37.241291" lon="126.7753359"/>
  <node version="1" id="2818" lat="37.2412687" lon="126.7753366"/>
  <node version="1" id="2819" lat="37.2412465" lon="126.7753372"/>
  <node version="1" id="2820" lat="37.241245" lon="126.7753373"/>
  <node version="1" id="2821" lat="37.239673" lon="126.7753383"/>
  <node version="1" id="2822" lat="37.2396531" lon="126.7753389"/>
  <node version="1" id="2823" lat="37.2396375" lon="126.7753396"/>
  <node version="1" id="2824" lat="37.2396219" lon="126.7753403"/>
  <node version="1" id="2825" lat="37.2396012" lon="126.7753409"/>
  <node version="1" id="2826" lat="37.2395805" lon="126.7753416"/>
  <node version="1" id="2827" lat="37.2395597" lon="126.7753423"/>
  <node version="1" id="2828" lat="37.2395515" lon="126.7753421"/>
  <node version="1" id="2829" lat="37.2395449" lon="126.7753418"/>
  <node version="1" id="2830" lat="37.2395394" lon="126.7753412"/>
  <node version="1" id="2831" lat="37.2395198" lon="126.7753385"/>
  <node version="1" id="2832" lat="37.2396713" lon="126.7753752"/>
  <node version="1" id="2833" lat="37.2396532" lon="126.7753758"/>
  <node version="1" id="2834" lat="37.2396352" lon="126.7753764"/>
  <node version="1" id="2835" lat="37.2396172" lon="126.775377"/>
  <node version="1" id="2836" lat="37.2395926" lon="126.7753781"/>
  <node version="1" id="2837" lat="37.239568" lon="126.7753792"/>
  <node version="1" id="2838" lat="37.23955" lon="126.7753805"/>
  <node version="1" id="2839" lat="37.2395442" lon="126.7753815"/>
  <node version="1" id="2840" lat="37.2395251" lon="126.7753856"/>
  <node version="1" id="2841" lat="37.2395161" lon="126.7753877"/>
  <node version="1" id="2842" lat="37.2396754" lon="126.7753892"/>
  <node version="1" id="2843" lat="37.2396565" lon="126.7753899"/>
  <node version="1" id="2844" lat="37.2396352" lon="126.7753905"/>
  <node version="1" id="2845" lat="37.239614" lon="126.7753911"/>
  <node version="1" id="2846" lat="37.2395932" lon="126.7753919"/>
  <node version="1" id="2847" lat="37.2395725" lon="126.7753928"/>
  <node version="1" id="2848" lat="37.2395574" lon="126.7753926"/>
  <node version="1" id="2849" lat="37.2395368" lon="126.7753907"/>
  <node version="1" id="2850" lat="37.2412176" lon="126.7752987"/>
  <node version="1" id="2851" lat="37.2411908" lon="126.7752993"/>
  <node version="1" id="2852" lat="37.2411641" lon="126.7752999"/>
  <node version="1" id="2853" lat="37.2411373" lon="126.7753005"/>
  <node version="1" id="2854" lat="37.2411106" lon="126.7753011"/>
  <node version="1" id="2855" lat="37.2410838" lon="126.7753017"/>
  <node version="1" id="2856" lat="37.2410571" lon="126.7753024"/>
  <node version="1" id="2857" lat="37.2410304" lon="126.775303"/>
  <node version="1" id="2858" lat="37.2410036" lon="126.7753036"/>
  <node version="1" id="2859" lat="37.2412307" lon="126.775267"/>
  <node version="1" id="2860" lat="37.2412124" lon="126.7752699"/>
  <node version="1" id="2861" lat="37.2411942" lon="126.7752729"/>
  <node version="1" id="2862" lat="37.2411804" lon="126.7752752"/>
  <node version="1" id="2863" lat="37.2411667" lon="126.7752775"/>
  <node version="1" id="2864" lat="37.2411478" lon="126.7752805"/>
  <node version="1" id="2865" lat="37.241129" lon="126.7752835"/>
  <node version="1" id="2866" lat="37.2411101" lon="126.7752865"/>
  <node version="1" id="2867" lat="37.2410837" lon="126.7752907"/>
  <node version="1" id="2868" lat="37.2410573" lon="126.7752949"/>
  <node version="1" id="2869" lat="37.2410394" lon="126.7752978"/>
  <node version="1" id="2870" lat="37.2410215" lon="126.7753007"/>
  <node version="1" id="2871" lat="37.2412239" lon="126.7753379"/>
  <node version="1" id="2872" lat="37.2412027" lon="126.7753385"/>
  <node version="1" id="2873" lat="37.2411816" lon="126.7753391"/>
  <node version="1" id="2874" lat="37.2411605" lon="126.7753397"/>
  <node version="1" id="2875" lat="37.2411374" lon="126.7753403"/>
  <node version="1" id="2876" lat="37.2411144" lon="126.775341"/>
  <node version="1" id="2877" lat="37.2410913" lon="126.7753416"/>
  <node version="1" id="2878" lat="37.2410683" lon="126.7753422"/>
  <node version="1" id="2879" lat="37.2410468" lon="126.7753428"/>
  <node version="1" id="2880" lat="37.2410254" lon="126.7753434"/>
  <node version="1" id="2881" lat="37.241004" lon="126.775344"/>
  <node version="1" id="2882" lat="37.2416074" lon="126.775246"/>
  <node version="1" id="2883" lat="37.241605" lon="126.7752461"/>
  <node version="1" id="2884" lat="37.2415864" lon="126.7752471"/>
  <node version="1" id="2885" lat="37.2415678" lon="126.775248"/>
  <node version="1" id="2886" lat="37.2415472" lon="126.7752491"/>
  <node version="1" id="2887" lat="37.2415267" lon="126.7752502"/>
  <node version="1" id="2888" lat="37.2415033" lon="126.7752514"/>
  <node version="1" id="2889" lat="37.2414798" lon="126.7752526"/>
  <node version="1" id="2890" lat="37.2414585" lon="126.7752537"/>
  <node version="1" id="2891" lat="37.2414373" lon="126.7752548"/>
  <node version="1" id="2892" lat="37.2414138" lon="126.7752561"/>
  <node version="1" id="2893" lat="37.2413903" lon="126.7752573"/>
  <node version="1" id="2894" lat="37.2413654" lon="126.7752586"/>
  <node version="1" id="2895" lat="37.2413405" lon="126.7752599"/>
  <node version="1" id="2896" lat="37.2413189" lon="126.775261"/>
  <node version="1" id="2897" lat="37.2412972" lon="126.7752621"/>
  <node version="1" id="2898" lat="37.2412705" lon="126.7752635"/>
  <node version="1" id="2899" lat="37.2410016" lon="126.7753037"/>
  <node version="1" id="2900" lat="37.2409921" lon="126.7753039"/>
  <node version="1" id="2901" lat="37.2395156" lon="126.7753873"/>
  <node version="1" id="2902" lat="37.239128" lon="126.7753995"/>
  <node version="1" id="2903" lat="37.2393817" lon="126.7754493"/>
  <node version="1" id="2904" lat="37.2382106" lon="126.7754759"/>
  <node version="1" id="2905" lat="37.2392893" lon="126.7753387"/>
  <node version="1" id="2906" lat="37.2381978" lon="126.7753899"/>
  <node version="1" id="2907" lat="37.2409484" lon="126.7753517"/>
  <node version="1" id="2908" lat="37.2409363" lon="126.775352"/>
  <node version="1" id="2909" lat="37.2409145" lon="126.7753527"/>
  <node version="1" id="2910" lat="37.2408927" lon="126.7753533"/>
  <node version="1" id="2911" lat="37.240871" lon="126.7753539"/>
  <node version="1" id="2912" lat="37.2408492" lon="126.7753545"/>
  <node version="1" id="2913" lat="37.2408274" lon="126.7753552"/>
  <node version="1" id="2914" lat="37.2408036" lon="126.775356"/>
  <node version="1" id="2915" lat="37.2407798" lon="126.7753569"/>
  <node version="1" id="2916" lat="37.240756" lon="126.7753578"/>
  <node version="1" id="2917" lat="37.2407301" lon="126.7753585"/>
  <node version="1" id="2918" lat="37.2407041" lon="126.7753592"/>
  <node version="1" id="2919" lat="37.2406782" lon="126.7753599"/>
  <node version="1" id="2920" lat="37.2406522" lon="126.7753606"/>
  <node version="1" id="2921" lat="37.2406275" lon="126.7753611"/>
  <node version="1" id="2922" lat="37.2406028" lon="126.7753617"/>
  <node version="1" id="2923" lat="37.2405782" lon="126.7753622"/>
  <node version="1" id="2924" lat="37.2405525" lon="126.7753628"/>
  <node version="1" id="2925" lat="37.2405267" lon="126.7753634"/>
  <node version="1" id="2926" lat="37.240501" lon="126.775364"/>
  <node version="1" id="2927" lat="37.2404753" lon="126.7753645"/>
  <node version="1" id="2928" lat="37.2404494" lon="126.7753652"/>
  <node version="1" id="2929" lat="37.2404235" lon="126.7753659"/>
  <node version="1" id="2930" lat="37.2403975" lon="126.7753665"/>
  <node version="1" id="2931" lat="37.2403941" lon="126.7753666"/>
  <node version="1" id="2932" lat="37.2403706" lon="126.7753671"/>
  <node version="1" id="2933" lat="37.2403471" lon="126.7753676"/>
  <node version="1" id="2934" lat="37.2403236" lon="126.7753682"/>
  <node version="1" id="2935" lat="37.2403001" lon="126.7753687"/>
  <node version="1" id="2936" lat="37.240278" lon="126.7753693"/>
  <node version="1" id="2937" lat="37.2402558" lon="126.7753698"/>
  <node version="1" id="2938" lat="37.2402336" lon="126.7753704"/>
  <node version="1" id="2939" lat="37.2402115" lon="126.775371"/>
  <node version="1" id="2940" lat="37.2401858" lon="126.7753716"/>
  <node version="1" id="2941" lat="37.24016" lon="126.7753722"/>
  <node version="1" id="2942" lat="37.2401343" lon="126.7753728"/>
  <node version="1" id="2943" lat="37.2401086" lon="126.7753734"/>
  <node version="1" id="2944" lat="37.240084" lon="126.7753742"/>
  <node version="1" id="2945" lat="37.2400593" lon="126.7753751"/>
  <node version="1" id="2946" lat="37.2400347" lon="126.7753759"/>
  <node version="1" id="2947" lat="37.2400106" lon="126.7753766"/>
  <node version="1" id="2948" lat="37.2399866" lon="126.7753773"/>
  <node version="1" id="2949" lat="37.2399625" lon="126.7753781"/>
  <node version="1" id="2950" lat="37.2399385" lon="126.7753788"/>
  <node version="1" id="2951" lat="37.2399159" lon="126.7753798"/>
  <node version="1" id="2952" lat="37.2398933" lon="126.7753808"/>
  <node version="1" id="2953" lat="37.2398707" lon="126.7753818"/>
  <node version="1" id="2954" lat="37.2398481" lon="126.7753829"/>
  <node version="1" id="2955" lat="37.2409506" lon="126.7754103"/>
  <node version="1" id="2956" lat="37.2409385" lon="126.7754107"/>
  <node version="1" id="2957" lat="37.2409168" lon="126.7754113"/>
  <node version="1" id="2958" lat="37.240895" lon="126.7754119"/>
  <node version="1" id="2959" lat="37.2408732" lon="126.7754125"/>
  <node version="1" id="2960" lat="37.2408515" lon="126.7754131"/>
  <node version="1" id="2961" lat="37.2408297" lon="126.7754138"/>
  <node version="1" id="2962" lat="37.2408059" lon="126.7754146"/>
  <node version="1" id="2963" lat="37.2407821" lon="126.7754155"/>
  <node version="1" id="2964" lat="37.2407583" lon="126.7754164"/>
  <node version="1" id="2965" lat="37.2407323" lon="126.7754171"/>
  <node version="1" id="2966" lat="37.2407064" lon="126.7754178"/>
  <node version="1" id="2967" lat="37.2406805" lon="126.7754185"/>
  <node version="1" id="2968" lat="37.2406545" lon="126.7754192"/>
  <node version="1" id="2969" lat="37.2406298" lon="126.7754197"/>
  <node version="1" id="2970" lat="37.2406051" lon="126.7754203"/>
  <node version="1" id="2971" lat="37.2405804" lon="126.7754208"/>
  <node version="1" id="2972" lat="37.2405547" lon="126.7754214"/>
  <node version="1" id="2973" lat="37.240529" lon="126.775422"/>
  <node version="1" id="2974" lat="37.2405033" lon="126.7754226"/>
  <node version="1" id="2975" lat="37.2404776" lon="126.7754231"/>
  <node version="1" id="2976" lat="37.2404517" lon="126.7754238"/>
  <node version="1" id="2977" lat="37.2404257" lon="126.7754245"/>
  <node version="1" id="2978" lat="37.2403998" lon="126.7754251"/>
  <node version="1" id="2979" lat="37.2403964" lon="126.7754252"/>
  <node version="1" id="2980" lat="37.2403729" lon="126.7754257"/>
  <node version="1" id="2981" lat="37.2403494" lon="126.7754263"/>
  <node version="1" id="2982" lat="37.2403259" lon="126.7754268"/>
  <node version="1" id="2983" lat="37.2403024" lon="126.7754273"/>
  <node version="1" id="2984" lat="37.2402802" lon="126.7754279"/>
  <node version="1" id="2985" lat="37.2402581" lon="126.7754284"/>
  <node version="1" id="2986" lat="37.2402359" lon="126.775429"/>
  <node version="1" id="2987" lat="37.2402138" lon="126.7754296"/>
  <node version="1" id="2988" lat="37.240188" lon="126.7754302"/>
  <node version="1" id="2989" lat="37.2401623" lon="126.7754308"/>
  <node version="1" id="2990" lat="37.2401366" lon="126.7754314"/>
  <node version="1" id="2991" lat="37.2401109" lon="126.775432"/>
  <node version="1" id="2992" lat="37.2400862" lon="126.7754329"/>
  <node version="1" id="2993" lat="37.2400616" lon="126.7754337"/>
  <node version="1" id="2994" lat="37.240037" lon="126.7754345"/>
  <node version="1" id="2995" lat="37.2400129" lon="126.7754352"/>
  <node version="1" id="2996" lat="37.2399889" lon="126.775436"/>
  <node version="1" id="2997" lat="37.2399648" lon="126.7754367"/>
  <node version="1" id="2998" lat="37.2399408" lon="126.7754374"/>
  <node version="1" id="2999" lat="37.2399182" lon="126.7754384"/>
  <node version="1" id="3000" lat="37.2398956" lon="126.7754394"/>
  <node version="1" id="3001" lat="37.239873" lon="126.7754405"/>
  <node version="1" id="3002" lat="37.2396744" lon="126.775447"/>
  <node version="1" id="3003" lat="37.2396202" lon="126.7752687"/>
  <node version="1" id="3004" lat="37.2392134" lon="126.7752725"/>
  <node version="1" id="3005" lat="37.2391428" lon="126.7752683"/>
  <node version="1" id="3006" lat="37.2390846" lon="126.775263"/>
  <node version="1" id="3007" lat="37.2390264" lon="126.7752548"/>
  <node version="1" id="3008" lat="37.2395675" lon="126.7753928"/>
  <node version="1" id="3009" lat="37.2392068" lon="126.7754069"/>
  <node version="1" id="3010" lat="37.2391725" lon="126.775406"/>
  <node version="1" id="3011" lat="37.2391275" lon="126.7753996"/>
  <node version="1" id="3012" lat="37.2393819" lon="126.7754494"/>
  <node version="1" id="3013" lat="37.239385" lon="126.7754494"/>
  <node version="1" id="3014" lat="37.2393997" lon="126.7754496"/>
  <node version="1" id="3015" lat="37.239425" lon="126.7754494"/>
  <node version="1" id="3016" lat="37.2394464" lon="126.7754486"/>
  <node version="1" id="3017" lat="37.2394678" lon="126.7754479"/>
  <node version="1" id="3018" lat="37.2394892" lon="126.7754471"/>
  <node version="1" id="3019" lat="37.2395037" lon="126.7754467"/>
  <node version="1" id="3020" lat="37.2395183" lon="126.7754462"/>
  <node version="1" id="3021" lat="37.2395355" lon="126.7754457"/>
  <node version="1" id="3022" lat="37.2395527" lon="126.7754452"/>
  <node version="1" id="3023" lat="37.239574" lon="126.7754444"/>
  <node version="1" id="3024" lat="37.2395953" lon="126.7754436"/>
  <node version="1" id="3025" lat="37.2396166" lon="126.7754428"/>
  <node version="1" id="3026" lat="37.2396375" lon="126.7754422"/>
  <node version="1" id="3027" lat="37.2396584" lon="126.7754415"/>
  <node version="1" id="3028" lat="37.2396793" lon="126.7754409"/>
  <node version="1" id="3029" lat="37.2396957" lon="126.7754403"/>
  <node version="1" id="3030" lat="37.2397173" lon="126.7754396"/>
  <node version="1" id="3031" lat="37.2397388" lon="126.7754389"/>
  <node version="1" id="3032" lat="37.2397604" lon="126.7754382"/>
  <node version="1" id="3033" lat="37.2397856" lon="126.7754374"/>
  <node version="1" id="3034" lat="37.2398108" lon="126.7754366"/>
  <node version="1" id="3035" lat="37.2398359" lon="126.7754358"/>
  <node version="1" id="3036" lat="37.239854" lon="126.7754351"/>
  <node version="1" id="3037" lat="37.2398722" lon="126.7754344"/>
  <node version="1" id="3038" lat="37.2398903" lon="126.7754337"/>
  <node version="1" id="3039" lat="37.2398944" lon="126.7754335"/>
  <node version="1" id="3040" lat="37.2399152" lon="126.7754328"/>
  <node version="1" id="3041" lat="37.239936" lon="126.7754322"/>
  <node version="1" id="3042" lat="37.2399569" lon="126.7754315"/>
  <node version="1" id="3043" lat="37.2399826" lon="126.7754305"/>
  <node version="1" id="3044" lat="37.2400084" lon="126.7754296"/>
  <node version="1" id="3045" lat="37.2400341" lon="126.7754286"/>
  <node version="1" id="3046" lat="37.2400584" lon="126.7754278"/>
  <node version="1" id="3047" lat="37.2400827" lon="126.7754269"/>
  <node version="1" id="3048" lat="37.240107" lon="126.7754261"/>
  <node version="1" id="3049" lat="37.2401302" lon="126.7754253"/>
  <node version="1" id="3050" lat="37.2401534" lon="126.7754245"/>
  <node version="1" id="3051" lat="37.2401766" lon="126.7754238"/>
  <node version="1" id="3052" lat="37.2402002" lon="126.775423"/>
  <node version="1" id="3053" lat="37.2402237" lon="126.7754222"/>
  <node version="1" id="3054" lat="37.2402472" lon="126.7754215"/>
  <node version="1" id="3055" lat="37.240269" lon="126.7754207"/>
  <node version="1" id="3056" lat="37.2402907" lon="126.7754199"/>
  <node version="1" id="3057" lat="37.2403125" lon="126.7754191"/>
  <node version="1" id="3058" lat="37.2403312" lon="126.7754183"/>
  <node version="1" id="3059" lat="37.2403499" lon="126.7754176"/>
  <node version="1" id="3060" lat="37.2403686" lon="126.7754168"/>
  <node version="1" id="3061" lat="37.2403901" lon="126.7754161"/>
  <node version="1" id="3062" lat="37.2404116" lon="126.7754155"/>
  <node version="1" id="3063" lat="37.2404331" lon="126.7754148"/>
  <node version="1" id="3064" lat="37.2404429" lon="126.7754145"/>
  <node version="1" id="3065" lat="37.240469" lon="126.7754136"/>
  <node version="1" id="3066" lat="37.2404951" lon="126.7754128"/>
  <node version="1" id="3067" lat="37.2405165" lon="126.775412"/>
  <node version="1" id="3068" lat="37.240538" lon="126.7754112"/>
  <node version="1" id="3069" lat="37.2405595" lon="126.7754103"/>
  <node version="1" id="3070" lat="37.2405795" lon="126.7754096"/>
  <node version="1" id="3071" lat="37.2405995" lon="126.7754088"/>
  <node version="1" id="3072" lat="37.2406195" lon="126.775408"/>
  <node version="1" id="3073" lat="37.2406422" lon="126.7754072"/>
  <node version="1" id="3074" lat="37.2406649" lon="126.7754064"/>
  <node version="1" id="3075" lat="37.2406875" lon="126.7754056"/>
  <node version="1" id="3076" lat="37.2407143" lon="126.7754047"/>
  <node version="1" id="3077" lat="37.2407411" lon="126.7754038"/>
  <node version="1" id="3078" lat="37.2407631" lon="126.775403"/>
  <node version="1" id="3079" lat="37.2407851" lon="126.7754023"/>
  <node version="1" id="3080" lat="37.2408071" lon="126.7754015"/>
  <node version="1" id="3081" lat="37.2408307" lon="126.7754007"/>
  <node version="1" id="3082" lat="37.2408543" lon="126.7753999"/>
  <node version="1" id="3083" lat="37.2408779" lon="126.7753991"/>
  <node version="1" id="3084" lat="37.2409015" lon="126.7753982"/>
  <node version="1" id="3085" lat="37.2409251" lon="126.7753972"/>
  <node version="1" id="3086" lat="37.2409487" lon="126.7753963"/>
  <node version="1" id="3087" lat="37.240971" lon="126.7753955"/>
  <node version="1" id="3088" lat="37.2409934" lon="126.7753948"/>
  <node version="1" id="3089" lat="37.2410046" lon="126.7753944"/>
  <node version="1" id="3090" lat="37.2410207" lon="126.7753939"/>
  <node version="1" id="3091" lat="37.2410367" lon="126.7753933"/>
  <node version="1" id="3092" lat="37.2410575" lon="126.7753927"/>
  <node version="1" id="3093" lat="37.2410782" lon="126.775392"/>
  <node version="1" id="3094" lat="37.241099" lon="126.7753913"/>
  <node version="1" id="3095" lat="37.2411198" lon="126.7753906"/>
  <node version="1" id="3096" lat="37.2411418" lon="126.7753897"/>
  <node version="1" id="3097" lat="37.2411638" lon="126.7753888"/>
  <node version="1" id="3098" lat="37.2411858" lon="126.775388"/>
  <node version="1" id="3099" lat="37.2412058" lon="126.7753873"/>
  <node version="1" id="3100" lat="37.2412259" lon="126.7753866"/>
  <node version="1" id="3101" lat="37.2412458" lon="126.775386"/>
  <node version="1" id="3102" lat="37.2412608" lon="126.7753855"/>
  <node version="1" id="3103" lat="37.2412833" lon="126.7753847"/>
  <node version="1" id="3104" lat="37.2413059" lon="126.7753839"/>
  <node version="1" id="3105" lat="37.2413284" lon="126.7753831"/>
  <node version="1" id="3106" lat="37.241351" lon="126.7753823"/>
  <node version="1" id="3107" lat="37.2413735" lon="126.7753815"/>
  <node version="1" id="3108" lat="37.2413985" lon="126.7753808"/>
  <node version="1" id="3109" lat="37.2414234" lon="126.77538"/>
  <node version="1" id="3110" lat="37.2414484" lon="126.7753792"/>
  <node version="1" id="3111" lat="37.2414733" lon="126.7753785"/>
  <node version="1" id="3112" lat="37.2414951" lon="126.7753777"/>
  <node version="1" id="3113" lat="37.2415169" lon="126.775377"/>
  <node version="1" id="3114" lat="37.2415387" lon="126.7753762"/>
  <node version="1" id="3115" lat="37.2415605" lon="126.7753754"/>
  <node version="1" id="3116" lat="37.2415823" lon="126.7753747"/>
  <node version="1" id="3117" lat="37.2415959" lon="126.7753742"/>
  <node version="1" id="3118" lat="37.2416094" lon="126.7753737"/>
  <node version="1" id="3119" lat="37.2416099" lon="126.7753736"/>
  <node version="1" id="3120" lat="37.2396759" lon="126.7754832"/>
  <node version="1" id="3121" lat="37.2396854" lon="126.7754829"/>
  <node version="1" id="3122" lat="37.2397124" lon="126.7754819"/>
  <node version="1" id="3123" lat="37.239726" lon="126.7754814"/>
  <node version="1" id="3124" lat="37.2397395" lon="126.775481"/>
  <node version="1" id="3125" lat="37.239753" lon="126.7754805"/>
  <node version="1" id="3126" lat="37.2397665" lon="126.77548"/>
  <node version="1" id="3127" lat="37.23978" lon="126.7754795"/>
  <node version="1" id="3128" lat="37.2397935" lon="126.775479"/>
  <node version="1" id="3129" lat="37.239807" lon="126.7754786"/>
  <node version="1" id="3130" lat="37.2398205" lon="126.7754781"/>
  <node version="1" id="3131" lat="37.2398475" lon="126.7754771"/>
  <node version="1" id="3132" lat="37.239861" lon="126.7754767"/>
  <node version="1" id="3133" lat="37.2398745" lon="126.7754762"/>
  <node version="1" id="3134" lat="37.2398881" lon="126.7754757"/>
  <node version="1" id="3135" lat="37.2399016" lon="126.7754752"/>
  <node version="1" id="3136" lat="37.2399151" lon="126.7754748"/>
  <node version="1" id="3137" lat="37.2399286" lon="126.7754743"/>
  <node version="1" id="3138" lat="37.2399421" lon="126.7754738"/>
  <node version="1" id="3139" lat="37.2399556" lon="126.7754733"/>
  <node version="1" id="3140" lat="37.2399804" lon="126.7754724"/>
  <node version="1" id="3141" lat="37.2399939" lon="126.775472"/>
  <node version="1" id="3142" lat="37.2400074" lon="126.7754715"/>
  <node version="1" id="3143" lat="37.2400209" lon="126.775471"/>
  <node version="1" id="3144" lat="37.2400344" lon="126.7754705"/>
  <node version="1" id="3145" lat="37.240048" lon="126.77547"/>
  <node version="1" id="3146" lat="37.2400615" lon="126.7754696"/>
  <node version="1" id="3147" lat="37.240075" lon="126.7754691"/>
  <node version="1" id="3148" lat="37.2400885" lon="126.7754686"/>
  <node version="1" id="3149" lat="37.2401155" lon="126.7754677"/>
  <node version="1" id="3150" lat="37.240129" lon="126.7754672"/>
  <node version="1" id="3151" lat="37.2401425" lon="126.7754667"/>
  <node version="1" id="3152" lat="37.240156" lon="126.7754662"/>
  <node version="1" id="3153" lat="37.2401695" lon="126.7754657"/>
  <node version="1" id="3154" lat="37.2401724" lon="126.7754656"/>
  <node version="1" id="3155" lat="37.2401859" lon="126.7754652"/>
  <node version="1" id="3156" lat="37.2401994" lon="126.7754647"/>
  <node version="1" id="3157" lat="37.2402129" lon="126.7754642"/>
  <node version="1" id="3158" lat="37.2402264" lon="126.7754637"/>
  <node version="1" id="3159" lat="37.2402399" lon="126.7754633"/>
  <node version="1" id="3160" lat="37.2402534" lon="126.7754628"/>
  <node version="1" id="3161" lat="37.240267" lon="126.7754623"/>
  <node version="1" id="3162" lat="37.2402805" lon="126.7754618"/>
  <node version="1" id="3163" lat="37.2403075" lon="126.7754609"/>
  <node version="1" id="3164" lat="37.240321" lon="126.7754604"/>
  <node version="1" id="3165" lat="37.2403345" lon="126.7754599"/>
  <node version="1" id="3166" lat="37.240348" lon="126.7754595"/>
  <node version="1" id="3167" lat="37.2403615" lon="126.775459"/>
  <node version="1" id="3168" lat="37.240375" lon="126.7754585"/>
  <node version="1" id="3169" lat="37.2403885" lon="126.775458"/>
  <node version="1" id="3170" lat="37.2403904" lon="126.775458"/>
  <node version="1" id="3171" lat="37.2404039" lon="126.7754575"/>
  <node version="1" id="3172" lat="37.2404174" lon="126.775457"/>
  <node version="1" id="3173" lat="37.2404309" lon="126.7754565"/>
  <node version="1" id="3174" lat="37.2404444" lon="126.775456"/>
  <node version="1" id="3175" lat="37.2404579" lon="126.7754555"/>
  <node version="1" id="3176" lat="37.2404714" lon="126.775455"/>
  <node version="1" id="3177" lat="37.2404985" lon="126.775454"/>
  <node version="1" id="3178" lat="37.240512" lon="126.7754535"/>
  <node version="1" id="3179" lat="37.2405255" lon="126.7754531"/>
  <node version="1" id="3180" lat="37.240539" lon="126.7754526"/>
  <node version="1" id="3181" lat="37.2405525" lon="126.7754521"/>
  <node version="1" id="3182" lat="37.240566" lon="126.7754516"/>
  <node version="1" id="3183" lat="37.2405795" lon="126.7754511"/>
  <node version="1" id="3184" lat="37.2405884" lon="126.7754508"/>
  <node version="1" id="3185" lat="37.2406019" lon="126.7754503"/>
  <node version="1" id="3186" lat="37.2406154" lon="126.7754498"/>
  <node version="1" id="3187" lat="37.240629" lon="126.7754494"/>
  <node version="1" id="3188" lat="37.2406425" lon="126.7754489"/>
  <node version="1" id="3189" lat="37.240656" lon="126.7754484"/>
  <node version="1" id="3190" lat="37.2406695" lon="126.775448"/>
  <node version="1" id="3191" lat="37.240683" lon="126.7754475"/>
  <node version="1" id="3192" lat="37.2406965" lon="126.775447"/>
  <node version="1" id="3193" lat="37.24071" lon="126.7754465"/>
  <node version="1" id="3194" lat="37.2407235" lon="126.7754461"/>
  <node version="1" id="3195" lat="37.2407505" lon="126.7754451"/>
  <node version="1" id="3196" lat="37.240764" lon="126.7754447"/>
  <node version="1" id="3197" lat="37.2407776" lon="126.7754442"/>
  <node version="1" id="3198" lat="37.2407924" lon="126.7754437"/>
  <node version="1" id="3199" lat="37.2408059" lon="126.7754432"/>
  <node version="1" id="3200" lat="37.2408194" lon="126.7754428"/>
  <node version="1" id="3201" lat="37.2408329" lon="126.7754423"/>
  <node version="1" id="3202" lat="37.2408464" lon="126.7754418"/>
  <node version="1" id="3203" lat="37.2408599" lon="126.7754414"/>
  <node version="1" id="3204" lat="37.2408734" lon="126.7754409"/>
  <node version="1" id="3205" lat="37.2408869" lon="126.7754405"/>
  <node version="1" id="3206" lat="37.2409004" lon="126.77544"/>
  <node version="1" id="3207" lat="37.2409139" lon="126.7754395"/>
  <node version="1" id="3208" lat="37.2409275" lon="126.7754391"/>
  <node version="1" id="3209" lat="37.240941" lon="126.7754386"/>
  <node version="1" id="3210" lat="37.2409545" lon="126.7754382"/>
  <node version="1" id="3211" lat="37.2409815" lon="126.7754372"/>
  <node version="1" id="3212" lat="37.240995" lon="126.7754368"/>
  <node version="1" id="3213" lat="37.2410085" lon="126.7754363"/>
  <node version="1" id="3214" lat="37.2410175" lon="126.775436"/>
  <node version="1" id="3215" lat="37.241031" lon="126.7754355"/>
  <node version="1" id="3216" lat="37.2410445" lon="126.775435"/>
  <node version="1" id="3217" lat="37.241058" lon="126.7754346"/>
  <node version="1" id="3218" lat="37.2410716" lon="126.7754341"/>
  <node version="1" id="3219" lat="37.2410851" lon="126.7754336"/>
  <node version="1" id="3220" lat="37.2410986" lon="126.7754331"/>
  <node version="1" id="3221" lat="37.2411121" lon="126.7754327"/>
  <node version="1" id="3222" lat="37.2411256" lon="126.7754322"/>
  <node version="1" id="3223" lat="37.2411526" lon="126.7754312"/>
  <node version="1" id="3224" lat="37.2411661" lon="126.7754308"/>
  <node version="1" id="3225" lat="37.2411796" lon="126.7754303"/>
  <node version="1" id="3226" lat="37.2412017" lon="126.7754295"/>
  <node version="1" id="3227" lat="37.2412152" lon="126.775429"/>
  <node version="1" id="3228" lat="37.2412287" lon="126.7754284"/>
  <node version="1" id="3229" lat="37.2412557" lon="126.7754274"/>
  <node version="1" id="3230" lat="37.2412692" lon="126.7754268"/>
  <node version="1" id="3231" lat="37.2412827" lon="126.7754263"/>
  <node version="1" id="3232" lat="37.2412962" lon="126.7754258"/>
  <node version="1" id="3233" lat="37.2413097" lon="126.7754253"/>
  <node version="1" id="3234" lat="37.2413119" lon="126.7754252"/>
  <node version="1" id="3235" lat="37.2413254" lon="126.7754247"/>
  <node version="1" id="3236" lat="37.2413389" lon="126.7754242"/>
  <node version="1" id="3237" lat="37.2413524" lon="126.7754237"/>
  <node version="1" id="3238" lat="37.2413659" lon="126.7754233"/>
  <node version="1" id="3239" lat="37.2413794" lon="126.7754228"/>
  <node version="1" id="3240" lat="37.241393" lon="126.7754223"/>
  <node version="1" id="3241" lat="37.2414065" lon="126.7754218"/>
  <node version="1" id="3242" lat="37.24142" lon="126.7754214"/>
  <node version="1" id="3243" lat="37.241447" lon="126.7754204"/>
  <node version="1" id="3244" lat="37.2414711" lon="126.7754196"/>
  <node version="1" id="3245" lat="37.2414846" lon="126.7754191"/>
  <node version="1" id="3246" lat="37.2414981" lon="126.7754186"/>
  <node version="1" id="3247" lat="37.2415116" lon="126.7754181"/>
  <node version="1" id="3248" lat="37.2415251" lon="126.7754176"/>
  <node version="1" id="3249" lat="37.2415521" lon="126.7754167"/>
  <node version="1" id="3250" lat="37.241559" lon="126.7754164"/>
  <node version="1" id="3251" lat="37.2415725" lon="126.775416"/>
  <node version="1" id="3252" lat="37.2415861" lon="126.7754155"/>
  <node version="1" id="3253" lat="37.2415996" lon="126.775415"/>
  <node version="1" id="3254" lat="37.24161" lon="126.7754146"/>
  <node version="1" id="3255" lat="37.2381635" lon="126.772834"/>
  <node version="1" id="3256" lat="37.23816" lon="126.7728377"/>
  <node version="1" id="3257" lat="37.2381421" lon="126.7728568"/>
  <node version="1" id="3258" lat="37.2381285" lon="126.7728724"/>
  <node version="1" id="3259" lat="37.2381199" lon="126.7728824"/>
  <node version="1" id="3260" lat="37.2381108" lon="126.7728938"/>
  <node version="1" id="3261" lat="37.2380997" lon="126.7729086"/>
  <node version="1" id="3262" lat="37.2380907" lon="126.7729212"/>
  <node version="1" id="3263" lat="37.2380817" lon="126.7729338"/>
  <node version="1" id="3264" lat="37.2380802" lon="126.7729358"/>
  <node version="1" id="3265" lat="37.2380644" lon="126.7729596"/>
  <node version="1" id="3266" lat="37.2380532" lon="126.7729769"/>
  <node version="1" id="3267" lat="37.2380419" lon="126.7729946"/>
  <node version="1" id="3268" lat="37.2380297" lon="126.773015"/>
  <node version="1" id="3269" lat="37.2380188" lon="126.7730337"/>
  <node version="1" id="3270" lat="37.2380124" lon="126.773046"/>
  <node version="1" id="3271" lat="37.2380042" lon="126.7730613"/>
  <node version="1" id="3272" lat="37.2379986" lon="126.7730726"/>
  <node version="1" id="3273" lat="37.2379926" lon="126.7730849"/>
  <node version="1" id="3274" lat="37.2379825" lon="126.7731073"/>
  <node version="1" id="3275" lat="37.2379758" lon="126.7731239"/>
  <node version="1" id="3276" lat="37.23797" lon="126.7731396"/>
  <node version="1" id="3277" lat="37.2379653" lon="126.7731533"/>
  <node version="1" id="3278" lat="37.2379604" lon="126.7731688"/>
  <node version="1" id="3279" lat="37.2379551" lon="126.7731882"/>
  <node version="1" id="3280" lat="37.2379473" lon="126.7732181"/>
  <node version="1" id="3281" lat="37.2379411" lon="126.7732455"/>
  <node version="1" id="3282" lat="37.2379375" lon="126.7732639"/>
  <node version="1" id="3283" lat="37.237935" lon="126.773278"/>
  <node version="1" id="3284" lat="37.2379321" lon="126.7732992"/>
  <node version="1" id="3285" lat="37.2379285" lon="126.7733274"/>
  <node version="1" id="3286" lat="37.2379265" lon="126.773351"/>
  <node version="1" id="3287" lat="37.237925" lon="126.7733696"/>
  <node version="1" id="3288" lat="37.2379241" lon="126.7733869"/>
  <node version="1" id="3289" lat="37.2379236" lon="126.7734054"/>
  <node version="1" id="3290" lat="37.2379238" lon="126.7734283"/>
  <node version="1" id="3291" lat="37.2379242" lon="126.7734476"/>
  <node version="1" id="3292" lat="37.2379253" lon="126.7734658"/>
  <node version="1" id="3293" lat="37.2379263" lon="126.7734818"/>
  <node version="1" id="3294" lat="37.2379272" lon="126.7734946"/>
  <node version="1" id="3295" lat="37.2379297" lon="126.7735171"/>
  <node version="1" id="3296" lat="37.2379323" lon="126.773539"/>
  <node version="1" id="3297" lat="37.2379351" lon="126.773556"/>
  <node version="1" id="3298" lat="37.237938" lon="126.7735724"/>
  <node version="1" id="3299" lat="37.23794" lon="126.7735843"/>
  <node version="1" id="3300" lat="37.2379425" lon="126.7735982"/>
  <node version="1" id="3301" lat="37.2379459" lon="126.7736134"/>
  <node version="1" id="3302" lat="37.2379497" lon="126.7736284"/>
  <node version="1" id="3303" lat="37.2379529" lon="126.7736415"/>
  <node version="1" id="3304" lat="37.2379556" lon="126.7736527"/>
  <node version="1" id="3305" lat="37.2379591" lon="126.7736653"/>
  <node version="1" id="3306" lat="37.237964" lon="126.773681"/>
  <node version="1" id="3307" lat="37.2379712" lon="126.7737035"/>
  <node version="1" id="3308" lat="37.2379772" lon="126.7737213"/>
  <node version="1" id="3309" lat="37.2379833" lon="126.7737374"/>
  <node version="1" id="3310" lat="37.2379892" lon="126.7737522"/>
  <node version="1" id="3311" lat="37.2379934" lon="126.7737627"/>
  <node version="1" id="3312" lat="37.2380001" lon="126.7737774"/>
  <node version="1" id="3313" lat="37.2380067" lon="126.7737922"/>
  <node version="1" id="3314" lat="37.2380133" lon="126.7738069"/>
  <node version="1" id="3315" lat="37.23802" lon="126.7738216"/>
  <node version="1" id="3316" lat="37.2380332" lon="126.7738511"/>
  <node version="1" id="3317" lat="37.2380337" lon="126.7738521"/>
  <node version="1" id="3318" lat="37.238047" lon="126.7738815"/>
  <node version="1" id="3319" lat="37.2380537" lon="126.7738962"/>
  <node version="1" id="3320" lat="37.2380603" lon="126.7739109"/>
  <node version="1" id="3321" lat="37.2380737" lon="126.7739403"/>
  <node version="1" id="3322" lat="37.238087" lon="126.7739698"/>
  <node version="1" id="3323" lat="37.2380982" lon="126.7739944"/>
  <node version="1" id="3324" lat="37.2381048" lon="126.7740091"/>
  <node version="1" id="3325" lat="37.2381115" lon="126.7740238"/>
  <node version="1" id="3326" lat="37.2381248" lon="126.7740532"/>
  <node version="1" id="3327" lat="37.2381381" lon="126.7740826"/>
  <node version="1" id="3328" lat="37.2381448" lon="126.7740973"/>
  <node version="1" id="3329" lat="37.2381515" lon="126.774112"/>
  <node version="1" id="3330" lat="37.2381648" lon="126.7741414"/>
  <node version="1" id="3331" lat="37.2381715" lon="126.7741561"/>
  <node version="1" id="3332" lat="37.2381781" lon="126.7741708"/>
  <node version="1" id="3333" lat="37.2381914" lon="126.7742003"/>
  <node version="1" id="3334" lat="37.2381981" lon="126.774215"/>
  <node version="1" id="3335" lat="37.2382048" lon="126.7742297"/>
  <node version="1" id="3336" lat="37.2382063" lon="126.7742331"/>
  <node version="1" id="3337" lat="37.2382197" lon="126.7742625"/>
  <node version="1" id="3338" lat="37.2382264" lon="126.7742772"/>
  <node version="1" id="3339" lat="37.2382332" lon="126.7742918"/>
  <node version="1" id="3340" lat="37.2382466" lon="126.7743212"/>
  <node version="1" id="3341" lat="37.2382533" lon="126.7743359"/>
  <node version="1" id="3342" lat="37.23826" lon="126.7743505"/>
  <node version="1" id="3343" lat="37.2382667" lon="126.7743652"/>
  <node version="1" id="3344" lat="37.2382734" lon="126.7743799"/>
  <node version="1" id="3345" lat="37.2382743" lon="126.7743819"/>
  <node version="1" id="3346" lat="37.2382809" lon="126.7743966"/>
  <node version="1" id="3347" lat="37.2382876" lon="126.7744113"/>
  <node version="1" id="3348" lat="37.2382942" lon="126.774426"/>
  <node version="1" id="3349" lat="37.2383009" lon="126.7744408"/>
  <node version="1" id="3350" lat="37.2383075" lon="126.7744555"/>
  <node version="1" id="3351" lat="37.2383142" lon="126.7744702"/>
  <node version="1" id="3352" lat="37.2383274" lon="126.7744996"/>
  <node version="1" id="3353" lat="37.2383407" lon="126.7745291"/>
  <node version="1" id="3354" lat="37.2383474" lon="126.7745438"/>
  <node version="1" id="3355" lat="37.238354" lon="126.7745585"/>
  <node version="1" id="3356" lat="37.2383673" lon="126.774588"/>
  <node version="1" id="3357" lat="37.2383785" lon="126.7746128"/>
  <node version="1" id="3358" lat="37.2383919" lon="126.7746422"/>
  <node version="1" id="3359" lat="37.2383985" lon="126.7746569"/>
  <node version="1" id="3360" lat="37.2384052" lon="126.7746716"/>
  <node version="1" id="3361" lat="37.2384128" lon="126.7746884"/>
  <node version="1" id="3362" lat="37.2384195" lon="126.7747031"/>
  <node version="1" id="3363" lat="37.2384261" lon="126.7747177"/>
  <node version="1" id="3364" lat="37.238437" lon="126.7747416"/>
  <node version="1" id="3365" lat="37.238449" lon="126.7747673"/>
  <node version="1" id="3366" lat="37.2384587" lon="126.7747882"/>
  <node version="1" id="3367" lat="37.2384724" lon="126.7748173"/>
  <node version="1" id="3368" lat="37.238473" lon="126.7748186"/>
  <node version="1" id="3369" lat="37.2384818" lon="126.7748367"/>
  <node version="1" id="3370" lat="37.2384941" lon="126.7748602"/>
  <node version="1" id="3371" lat="37.2385096" lon="126.774888"/>
  <node version="1" id="3372" lat="37.2385101" lon="126.774889"/>
  <node version="1" id="3373" lat="37.2385197" lon="126.7749061"/>
  <node version="1" id="3374" lat="37.2385277" lon="126.7749197"/>
  <node version="1" id="3375" lat="37.2385356" lon="126.7749334"/>
  <node version="1" id="3376" lat="37.2385364" lon="126.7749347"/>
  <node version="1" id="3377" lat="37.2385516" lon="126.7749604"/>
  <node version="1" id="3378" lat="37.2385645" lon="126.7749813"/>
  <node version="1" id="3379" lat="37.2385731" lon="126.7749947"/>
  <node version="1" id="3380" lat="37.2385833" lon="126.7750097"/>
  <node version="1" id="3381" lat="37.2385934" lon="126.7750248"/>
  <node version="1" id="3382" lat="37.2386043" lon="126.7750396"/>
  <node version="1" id="3383" lat="37.2386153" lon="126.7750547"/>
  <node version="1" id="3384" lat="37.2386203" lon="126.7750613"/>
  <node version="1" id="3385" lat="37.2386219" lon="126.7750629"/>
  <node version="1" id="3386" lat="37.2386478" lon="126.7751051"/>
  <node version="1" id="3387" lat="37.2386596" lon="126.7751443"/>
  <node version="1" id="3388" lat="37.2386635" lon="126.7751811"/>
  <node version="1" id="3389" lat="37.2386601" lon="126.7752218"/>
  <node version="1" id="3390" lat="37.2386512" lon="126.7752497"/>
  <node version="1" id="3391" lat="37.238641" lon="126.7752688"/>
  <node version="1" id="3392" lat="37.2386105" lon="126.7753136"/>
  <node version="1" id="3393" lat="37.2385761" lon="126.7753471"/>
  <node version="1" id="3394" lat="37.2385291" lon="126.7753751"/>
  <node version="1" id="3395" lat="37.2386612" lon="126.7750583"/>
  <node version="1" id="3396" lat="37.2386846" lon="126.775126"/>
  <node version="1" id="3397" lat="37.2386921" lon="126.7751804"/>
  <node version="1" id="3398" lat="37.2386866" lon="126.7752477"/>
  <node version="1" id="3399" lat="37.2386763" lon="126.7752809"/>
  <node version="1" id="3400" lat="37.2386606" lon="126.7753087"/>
  <node version="1" id="3401" lat="37.2386426" lon="126.7753428"/>
  <node version="1" id="3402" lat="37.2386237" lon="126.7753703"/>
  <node version="1" id="3403" lat="37.2409874" lon="126.7753034"/>
  <node version="1" id="3404" lat="37.2409611" lon="126.7753011"/>
  <node version="1" id="3405" lat="37.240943" lon="126.7752994"/>
  <node version="1" id="3406" lat="37.240925" lon="126.7752976"/>
  <node version="1" id="3407" lat="37.2409018" lon="126.7752952"/>
  <node version="1" id="3408" lat="37.2408785" lon="126.7752928"/>
  <node version="1" id="3409" lat="37.2408553" lon="126.7752904"/>
  <node version="1" id="3410" lat="37.2408344" lon="126.7752883"/>
  <node version="1" id="3411" lat="37.2408135" lon="126.7752862"/>
  <node version="1" id="3412" lat="37.2407926" lon="126.7752841"/>
  <node version="1" id="3413" lat="37.2407678" lon="126.7752816"/>
  <node version="1" id="3414" lat="37.2407429" lon="126.775279"/>
  <node version="1" id="3415" lat="37.2407198" lon="126.7752767"/>
  <node version="1" id="3416" lat="37.2406967" lon="126.7752745"/>
  <node version="1" id="3417" lat="37.2406715" lon="126.7752719"/>
  <node version="1" id="3418" lat="37.2406464" lon="126.7752693"/>
  <node version="1" id="3419" lat="37.2406212" lon="126.7752667"/>
  <node version="1" id="3420" lat="37.240596" lon="126.7752641"/>
  <node version="1" id="3421" lat="37.2405708" lon="126.7752615"/>
  <node version="1" id="3422" lat="37.2405457" lon="126.775259"/>
  <node version="1" id="3423" lat="37.2405242" lon="126.7752572"/>
  <node version="1" id="3424" lat="37.2405175" lon="126.7752567"/>
  <node version="1" id="3425" lat="37.240498" lon="126.7752571"/>
  <node version="1" id="3426" lat="37.2404719" lon="126.7752581"/>
  <node version="1" id="3427" lat="37.2404458" lon="126.775259"/>
  <node version="1" id="3428" lat="37.2404397" lon="126.7752592"/>
  <node version="1" id="3429" lat="37.2404206" lon="126.77526"/>
  <node version="1" id="3430" lat="37.2404248" lon="126.7752035"/>
  <node version="1" id="3431" lat="37.2404518" lon="126.7752025"/>
  <node version="1" id="3432" lat="37.2404788" lon="126.7752016"/>
  <node version="1" id="3433" lat="37.2405058" lon="126.7752007"/>
  <node version="1" id="3434" lat="37.2405328" lon="126.7751997"/>
  <node version="1" id="3435" lat="37.2405599" lon="126.7751988"/>
  <node version="1" id="3436" lat="37.24056" lon="126.7751988"/>
  <node version="1" id="3437" lat="37.2405871" lon="126.7751978"/>
  <node version="1" id="3438" lat="37.2406141" lon="126.7751969"/>
  <node version="1" id="3439" lat="37.2406411" lon="126.7751959"/>
  <node version="1" id="3440" lat="37.2406681" lon="126.7751949"/>
  <node version="1" id="3441" lat="37.2406951" lon="126.775194"/>
  <node version="1" id="3442" lat="37.2407222" lon="126.775193"/>
  <node version="1" id="3443" lat="37.2407357" lon="126.7751925"/>
  <node version="1" id="3444" lat="37.2407492" lon="126.7751921"/>
  <node version="1" id="3445" lat="37.240763" lon="126.7751915"/>
  <node version="1" id="3446" lat="37.2407901" lon="126.7751905"/>
  <node version="1" id="3447" lat="37.2408036" lon="126.7751901"/>
  <node version="1" id="3448" lat="37.2408171" lon="126.7751896"/>
  <node version="1" id="3449" lat="37.2408441" lon="126.7751886"/>
  <node version="1" id="3450" lat="37.2408711" lon="126.7751876"/>
  <node version="1" id="3451" lat="37.2408846" lon="126.7751871"/>
  <node version="1" id="3452" lat="37.2408981" lon="126.7751866"/>
  <node version="1" id="3453" lat="37.2409252" lon="126.7751856"/>
  <node version="1" id="3454" lat="37.2409522" lon="126.7751846"/>
  <node version="1" id="3455" lat="37.2409792" lon="126.7751836"/>
  <node version="1" id="3456" lat="37.2409927" lon="126.7751831"/>
  <node version="1" id="3457" lat="37.2410062" lon="126.7751826"/>
  <node version="1" id="3458" lat="37.2410332" lon="126.7751816"/>
  <node version="1" id="3459" lat="37.2410346" lon="126.7751816"/>
  <node version="1" id="3460" lat="37.2410616" lon="126.7751806"/>
  <node version="1" id="3461" lat="37.2410751" lon="126.7751801"/>
  <node version="1" id="3462" lat="37.2410886" lon="126.7751796"/>
  <node version="1" id="3463" lat="37.2411157" lon="126.7751787"/>
  <node version="1" id="3464" lat="37.2411427" lon="126.7751777"/>
  <node version="1" id="3465" lat="37.2411697" lon="126.7751767"/>
  <node version="1" id="3466" lat="37.2411967" lon="126.7751758"/>
  <node version="1" id="3467" lat="37.2412237" lon="126.7751748"/>
  <node version="1" id="3468" lat="37.2412496" lon="126.7751739"/>
  <node version="1" id="3469" lat="37.2412766" lon="126.775173"/>
  <node version="1" id="3470" lat="37.2413036" lon="126.775172"/>
  <node version="1" id="3471" lat="37.2413306" lon="126.7751711"/>
  <node version="1" id="3472" lat="37.2413576" lon="126.7751701"/>
  <node version="1" id="3473" lat="37.2413847" lon="126.7751692"/>
  <node version="1" id="3474" lat="37.2414117" lon="126.7751682"/>
  <node version="1" id="3475" lat="37.2414387" lon="126.7751673"/>
  <node version="1" id="3476" lat="37.2414657" lon="126.7751664"/>
  <node version="1" id="3477" lat="37.2414738" lon="126.7751661"/>
  <node version="1" id="3478" lat="37.2415008" lon="126.7751651"/>
  <node version="1" id="3479" lat="37.2415278" lon="126.7751641"/>
  <node version="1" id="3480" lat="37.2415413" lon="126.7751636"/>
  <node version="1" id="3481" lat="37.2415548" lon="126.7751632"/>
  <node version="1" id="3482" lat="37.2415818" lon="126.7751622"/>
  <node version="1" id="3483" lat="37.2416009" lon="126.7751615"/>
  <node version="1" id="3484" lat="37.241606" lon="126.7751613"/>
  <node version="1" id="3485" lat="37.2404124" lon="126.7752434"/>
  <node version="1" id="3486" lat="37.2404328" lon="126.7752427"/>
  <node version="1" id="3487" lat="37.2404533" lon="126.7752419"/>
  <node version="1" id="3488" lat="37.2404766" lon="126.7752411"/>
  <node version="1" id="3489" lat="37.2405" lon="126.7752403"/>
  <node version="1" id="3490" lat="37.2397485" lon="126.7752677"/>
  <node version="1" id="3491" lat="37.2415722" lon="126.7752093"/>
  <node version="1" id="3492" lat="37.2404039" lon="126.7732643"/>
  <node version="1" id="3493" lat="37.2403939" lon="126.7732617"/>
  <node version="1" id="3494" lat="37.2403845" lon="126.7732618"/>
  <node version="1" id="3495" lat="37.2403744" lon="126.7732629"/>
  <node version="1" id="3496" lat="37.2403661" lon="126.7732648"/>
  <node version="1" id="3497" lat="37.2403575" lon="126.7732682"/>
  <node version="1" id="3498" lat="37.2403511" lon="126.7732717"/>
  <node version="1" id="3499" lat="37.2403454" lon="126.7732761"/>
  <node version="1" id="3500" lat="37.2403403" lon="126.7732814"/>
  <node version="1" id="3501" lat="37.2403358" lon="126.7732868"/>
  <node version="1" id="3502" lat="37.240333" lon="126.7732909"/>
  <node version="1" id="3503" lat="37.2403309" lon="126.7732896"/>
  <node version="1" id="3504" lat="37.2403324" lon="126.7732819"/>
  <node version="1" id="3505" lat="37.240333" lon="126.7732721"/>
  <node version="1" id="3506" lat="37.2403329" lon="126.7732661"/>
  <node version="1" id="3507" lat="37.2403325" lon="126.7732565"/>
  <node version="1" id="3508" lat="37.240331" lon="126.7732439"/>
  <node version="1" id="3509" lat="37.2403283" lon="126.7732335"/>
  <node version="1" id="3510" lat="37.2403243" lon="126.7732226"/>
  <node version="1" id="3511" lat="37.2403205" lon="126.7732149"/>
  <node version="1" id="3512" lat="37.2403156" lon="126.7732071"/>
  <node version="1" id="3513" lat="37.2403079" lon="126.7731994"/>
  <node version="1" id="3514" lat="37.2398134" lon="126.773517"/>
  <node version="1" id="3515" lat="37.2398061" lon="126.773511"/>
  <node version="1" id="3516" lat="37.239797" lon="126.7735021"/>
  <node version="1" id="3517" lat="37.2397867" lon="126.7734898"/>
  <node version="1" id="3518" lat="37.2397787" lon="126.7734747"/>
  <node version="1" id="3519" lat="37.2397741" lon="126.7734631"/>
  <node version="1" id="3520" lat="37.2397723" lon="126.773452"/>
  <node version="1" id="3521" lat="37.239772" lon="126.7734399"/>
  <node version="1" id="3522" lat="37.2397722" lon="126.7734289"/>
  <node version="1" id="3523" lat="37.2397744" lon="126.7734157"/>
  <node version="1" id="3524" lat="37.2397781" lon="126.773401"/>
  <node version="1" id="3525" lat="37.240473" lon="126.7739495"/>
  <node version="1" id="3526" lat="37.2404785" lon="126.7739521"/>
  <node version="1" id="3527" lat="37.2404905" lon="126.7739572"/>
  <node version="1" id="3528" lat="37.2405052" lon="126.7739613"/>
  <node version="1" id="3529" lat="37.2405167" lon="126.7739623"/>
  <node version="1" id="3530" lat="37.2405215" lon="126.7739619"/>
  <node version="1" id="3531" lat="37.2405312" lon="126.77396"/>
  <node version="1" id="3532" lat="37.2405378" lon="126.7739577"/>
  <node version="1" id="3533" lat="37.2405452" lon="126.7739541"/>
  <node version="1" id="3534" lat="37.2405516" lon="126.7739494"/>
  <node version="1" id="3535" lat="37.2405598" lon="126.7739423"/>
  <node version="1" id="3536" lat="37.2405697" lon="126.77393"/>
  <node version="1" id="3537" lat="37.2405785" lon="126.7739161"/>
  <node version="1" id="3538" lat="37.2405905" lon="126.7738903"/>
  <node version="1" id="3539" lat="37.240506" lon="126.7740916"/>
  <node version="1" id="3540" lat="37.240512" lon="126.774076"/>
  <node version="1" id="3541" lat="37.2405151" lon="126.774068"/>
  <node version="1" id="3542" lat="37.2405185" lon="126.7740586"/>
  <node version="1" id="3543" lat="37.2405205" lon="126.7740472"/>
  <node version="1" id="3544" lat="37.2405212" lon="126.7740335"/>
  <node version="1" id="3545" lat="37.2405208" lon="126.7740237"/>
  <node version="1" id="3546" lat="37.2405191" lon="126.7740125"/>
  <node version="1" id="3547" lat="37.2405165" lon="126.7740018"/>
  <node version="1" id="3548" lat="37.240513" lon="126.7739918"/>
  <node version="1" id="3549" lat="37.240509" lon="126.7739823"/>
  <node version="1" id="3550" lat="37.2405033" lon="126.7739715"/>
  <node version="1" id="3551" lat="37.2404979" lon="126.7739633"/>
  <node version="1" id="3552" lat="37.2404906" lon="126.7739543"/>
  <node version="1" id="3553" lat="37.2404812" lon="126.7739453"/>
  <node version="1" id="3554" lat="37.2404764" lon="126.7739415"/>
  <node version="1" id="3555" lat="37.2405867" lon="126.773904"/>
  <node version="1" id="3556" lat="37.2405849" lon="126.7739192"/>
  <node version="1" id="3557" lat="37.2405851" lon="126.7739336"/>
  <node version="1" id="3558" lat="37.2405857" lon="126.7739404"/>
  <node version="1" id="3559" lat="37.2405883" lon="126.7739519"/>
  <node version="1" id="3560" lat="37.2405914" lon="126.773962"/>
  <node version="1" id="3561" lat="37.2405945" lon="126.7739693"/>
  <node version="1" id="3562" lat="37.2406019" lon="126.7739819"/>
  <node version="1" id="3563" lat="37.2406125" lon="126.7739957"/>
  <node version="1" id="3564" lat="37.2406207" lon="126.7740041"/>
  <node version="1" id="3565" lat="37.2406255" lon="126.7740088"/>
  <node version="1" id="3566" lat="37.2406235" lon="126.7740138"/>
  <node version="1" id="3567" lat="37.2406156" lon="126.7740121"/>
  <node version="1" id="3568" lat="37.2406021" lon="126.774011"/>
  <node version="1" id="3569" lat="37.2405883" lon="126.7740115"/>
  <node version="1" id="3570" lat="37.240574" lon="126.7740141"/>
  <node version="1" id="3571" lat="37.2405677" lon="126.774016"/>
  <node version="1" id="3572" lat="37.2405581" lon="126.77402"/>
  <node version="1" id="3573" lat="37.2405461" lon="126.7740279"/>
  <node version="1" id="3574" lat="37.2405392" lon="126.7740338"/>
  <node version="1" id="3575" lat="37.2405331" lon="126.7740409"/>
  <node version="1" id="3576" lat="37.2405276" lon="126.7740488"/>
  <node version="1" id="3577" lat="37.2405238" lon="126.7740551"/>
  <node version="1" id="3578" lat="37.2405173" lon="126.7740674"/>
  <node version="1" id="3579" lat="37.2405121" lon="126.7740786"/>
  <node version="1" id="3580" lat="37.2401925" lon="126.7736274"/>
  <node version="1" id="3581" lat="37.2401839" lon="126.7736489"/>
  <node version="1" id="3582" lat="37.2401809" lon="126.7736569"/>
  <node version="1" id="3583" lat="37.2401782" lon="126.7736651"/>
  <node version="1" id="3584" lat="37.2401766" lon="126.7736727"/>
  <node version="1" id="3585" lat="37.2401751" lon="126.7736816"/>
  <node version="1" id="3586" lat="37.2401743" lon="126.7736934"/>
  <node version="1" id="3587" lat="37.2401746" lon="126.7737056"/>
  <node version="1" id="3588" lat="37.2401754" lon="126.7737175"/>
  <node version="1" id="3589" lat="37.2401787" lon="126.7737309"/>
  <node version="1" id="3590" lat="37.2401837" lon="126.7737428"/>
  <node version="1" id="3591" lat="37.2401899" lon="126.7737534"/>
  <node version="1" id="3592" lat="37.2401964" lon="126.7737614"/>
  <node version="1" id="3593" lat="37.2402033" lon="126.7737688"/>
  <node version="1" id="3594" lat="37.2402145" lon="126.7737789"/>
  <node version="1" id="3595" lat="37.2402323" lon="126.7737914"/>
  <node version="1" id="3596" lat="37.2402359" lon="126.7737829"/>
  <node version="1" id="3597" lat="37.2402178" lon="126.7737776"/>
  <node version="1" id="3598" lat="37.2402053" lon="126.7737759"/>
  <node version="1" id="3599" lat="37.2401868" lon="126.773774"/>
  <node version="1" id="3600" lat="37.2401707" lon="126.773775"/>
  <node version="1" id="3601" lat="37.240159" lon="126.7737782"/>
  <node version="1" id="3602" lat="37.2401487" lon="126.7737838"/>
  <node version="1" id="3603" lat="37.2401428" lon="126.7737872"/>
  <node version="1" id="3604" lat="37.2401349" lon="126.7737938"/>
  <node version="1" id="3605" lat="37.2401283" lon="126.7738002"/>
  <node version="1" id="3606" lat="37.2401214" lon="126.7738093"/>
  <node version="1" id="3607" lat="37.2401151" lon="126.7738195"/>
  <node version="1" id="3608" lat="37.2401076" lon="126.7738323"/>
  <node version="1" id="3609" lat="37.2401" lon="126.7738468"/>
  <node version="1" id="3610" lat="37.2400989" lon="126.7738488"/>
  <node version="1" id="3611" lat="37.240049" lon="126.7736714"/>
  <node version="1" id="3612" lat="37.2400592" lon="126.7736772"/>
  <node version="1" id="3613" lat="37.2400742" lon="126.7736864"/>
  <node version="1" id="3614" lat="37.2400836" lon="126.7736919"/>
  <node version="1" id="3615" lat="37.240093" lon="126.7736965"/>
  <node version="1" id="3616" lat="37.2401001" lon="126.7736988"/>
  <node version="1" id="3617" lat="37.2401112" lon="126.7737002"/>
  <node version="1" id="3618" lat="37.240119" lon="126.7737002"/>
  <node version="1" id="3619" lat="37.240127" lon="126.7736987"/>
  <node version="1" id="3620" lat="37.2401355" lon="126.7736963"/>
  <node version="1" id="3621" lat="37.2401434" lon="126.7736926"/>
  <node version="1" id="3622" lat="37.2401508" lon="126.7736879"/>
  <node version="1" id="3623" lat="37.2401559" lon="126.7736843"/>
  <node version="1" id="3624" lat="37.2401637" lon="126.7736764"/>
  <node version="1" id="3625" lat="37.2401704" lon="126.7736687"/>
  <node version="1" id="3626" lat="37.2401778" lon="126.7736571"/>
  <node version="1" id="3627" lat="37.2401851" lon="126.7736423"/>
  <node version="1" id="3628" lat="37.2398219" lon="126.7735109"/>
  <node version="1" id="3629" lat="37.2398082" lon="126.7735066"/>
  <node version="1" id="3630" lat="37.2397945" lon="126.7735039"/>
  <node version="1" id="3631" lat="37.2397808" lon="126.7735026"/>
  <node version="1" id="3632" lat="37.2397658" lon="126.7735044"/>
  <node version="1" id="3633" lat="37.2397567" lon="126.7735082"/>
  <node version="1" id="3634" lat="37.2397527" lon="126.7735104"/>
  <node version="1" id="3635" lat="37.2397457" lon="126.7735153"/>
  <node version="1" id="3636" lat="37.2397398" lon="126.7735207"/>
  <node version="1" id="3637" lat="37.2397311" lon="126.7735303"/>
  <node version="1" id="3638" lat="37.239722" lon="126.7735421"/>
  <node version="1" id="3639" lat="37.2397139" lon="126.7735552"/>
  <node version="1" id="3640" lat="37.2397112" lon="126.7735569"/>
  <node version="1" id="3641" lat="37.2397126" lon="126.7735513"/>
  <node version="1" id="3642" lat="37.2397143" lon="126.7735403"/>
  <node version="1" id="3643" lat="37.2397144" lon="126.7735329"/>
  <node version="1" id="3644" lat="37.2397141" lon="126.7735195"/>
  <node version="1" id="3645" lat="37.2397119" lon="126.7734998"/>
  <node version="1" id="3646" lat="37.2397087" lon="126.7734854"/>
  <node version="1" id="3647" lat="37.2397035" lon="126.773469"/>
  <node version="1" id="3648" lat="37.2397015" lon="126.7734638"/>
  <node version="1" id="3649" lat="37.2396967" lon="126.7734532"/>
  <node version="1" id="3650" lat="37.2396898" lon="126.7734413"/>
  <node version="1" id="3651" lat="37.2396792" lon="126.7734261"/>
  <node version="1" id="3652" lat="37.2396697" lon="126.7734151"/>
  <node version="1" id="3653" lat="37.2396603" lon="126.7734064"/>
  <node version="1" id="3654" lat="37.2396535" lon="126.7734002"/>
  <node version="1" id="3655" lat="37.2401026" lon="126.7738399"/>
  <node version="1" id="3656" lat="37.2401083" lon="126.7738256"/>
  <node version="1" id="3657" lat="37.2401108" lon="126.7738168"/>
  <node version="1" id="3658" lat="37.2401136" lon="126.7738061"/>
  <node version="1" id="3659" lat="37.2401148" lon="126.7737976"/>
  <node version="1" id="3660" lat="37.2401161" lon="126.7737849"/>
  <node version="1" id="3661" lat="37.2401164" lon="126.7737724"/>
  <node version="1" id="3662" lat="37.2401159" lon="126.7737638"/>
  <node version="1" id="3663" lat="37.240115" lon="126.7737561"/>
  <node version="1" id="3664" lat="37.2401134" lon="126.7737453"/>
  <node version="1" id="3665" lat="37.2401103" lon="126.7737323"/>
  <node version="1" id="3666" lat="37.2401072" lon="126.7737243"/>
  <node version="1" id="3667" lat="37.2401036" lon="126.773716"/>
  <node version="1" id="3668" lat="37.2401007" lon="126.7737105"/>
  <node version="1" id="3669" lat="37.240093" lon="126.7736989"/>
  <node version="1" id="3670" lat="37.2400827" lon="126.7736872"/>
  <node version="1" id="3671" lat="37.2400715" lon="126.7736768"/>
  <node version="1" id="3672" lat="37.2400628" lon="126.7736693"/>
  <node version="1" id="3673" lat="37.2400534" lon="126.7736614"/>
  <node version="1" id="3674" lat="37.2396486" lon="126.7734087"/>
  <node version="1" id="3675" lat="37.2396574" lon="126.7734135"/>
  <node version="1" id="3676" lat="37.2396651" lon="126.7734177"/>
  <node version="1" id="3677" lat="37.2396729" lon="126.7734216"/>
  <node version="1" id="3678" lat="37.239682" lon="126.7734252"/>
  <node version="1" id="3679" lat="37.2396897" lon="126.7734282"/>
  <node version="1" id="3680" lat="37.2396986" lon="126.7734314"/>
  <node version="1" id="3681" lat="37.2397067" lon="126.7734336"/>
  <node version="1" id="3682" lat="37.2397156" lon="126.7734346"/>
  <node version="1" id="3683" lat="37.2397234" lon="126.7734347"/>
  <node version="1" id="3684" lat="37.2397327" lon="126.7734332"/>
  <node version="1" id="3685" lat="37.2397419" lon="126.77343"/>
  <node version="1" id="3686" lat="37.2397502" lon="126.7734263"/>
  <node version="1" id="3687" lat="37.2397571" lon="126.7734216"/>
  <node version="1" id="3688" lat="37.2397681" lon="126.7734102"/>
  <node version="1" id="3689" lat="37.2397769" lon="126.7733983"/>
  <node version="1" id="3690" lat="37.2404787" lon="126.7739362"/>
  <node version="1" id="3691" lat="37.2404913" lon="126.7739424"/>
  <node version="1" id="3692" lat="37.2405039" lon="126.7739487"/>
  <node version="1" id="3693" lat="37.2405145" lon="126.773954"/>
  <node version="1" id="3694" lat="37.2405396" lon="126.7739662"/>
  <node version="1" id="3695" lat="37.2405647" lon="126.7739785"/>
  <node version="1" id="3696" lat="37.2405898" lon="126.7739908"/>
  <node version="1" id="3697" lat="37.2406062" lon="126.7739988"/>
  <node version="1" id="3698" lat="37.2406415" lon="126.7739707"/>
  <node version="1" id="3699" lat="37.2406284" lon="126.7739646"/>
  <node version="1" id="3700" lat="37.2406153" lon="126.7739585"/>
  <node version="1" id="3701" lat="37.2405901" lon="126.7739466"/>
  <node version="1" id="3702" lat="37.2405648" lon="126.7739346"/>
  <node version="1" id="3703" lat="37.2405395" lon="126.7739227"/>
  <node version="1" id="3704" lat="37.2405376" lon="126.7739218"/>
  <node version="1" id="3705" lat="37.2405142" lon="126.7739103"/>
  <node version="1" id="3706" lat="37.2403941" lon="126.7745325"/>
  <node version="1" id="3707" lat="37.2403799" lon="126.7745076"/>
  <node version="1" id="3708" lat="37.2403739" lon="126.7744952"/>
  <node version="1" id="3709" lat="37.2403692" lon="126.7744803"/>
  <node version="1" id="3710" lat="37.2403673" lon="126.7744667"/>
  <node version="1" id="3711" lat="37.2403677" lon="126.7744512"/>
  <node version="1" id="3712" lat="37.2403689" lon="126.7744365"/>
  <node version="1" id="3713" lat="37.240371" lon="126.7744223"/>
  <node version="1" id="3714" lat="37.2403709" lon="126.7744255"/>
  <node version="1" id="3715" lat="37.2403612" lon="126.7744354"/>
  <node version="1" id="3716" lat="37.2403505" lon="126.7744441"/>
  <node version="1" id="3717" lat="37.24033" lon="126.7744541"/>
  <node version="1" id="3718" lat="37.240318" lon="126.7744551"/>
  <node version="1" id="3719" lat="37.2403061" lon="126.7744541"/>
  <node version="1" id="3720" lat="37.2402926" lon="126.7744531"/>
  <node version="1" id="3721" lat="37.2402798" lon="126.7744494"/>
  <node version="1" id="3722" lat="37.2395648" lon="126.773951"/>
  <node version="1" id="3723" lat="37.2395702" lon="126.7739414"/>
  <node version="1" id="3724" lat="37.239585" lon="126.773915"/>
  <node version="1" id="3725" lat="37.2395857" lon="126.7739138"/>
  <node version="1" id="3726" lat="37.2396012" lon="126.7738861"/>
  <node version="1" id="3727" lat="37.239616" lon="126.7738598"/>
  <node version="1" id="3728" lat="37.239623" lon="126.7738472"/>
  <node version="1" id="3729" lat="37.2396247" lon="126.7738443"/>
  <node version="1" id="3730" lat="37.2395624" lon="126.7738892"/>
  <node version="1" id="3731" lat="37.239571" lon="126.7738743"/>
  <node version="1" id="3732" lat="37.2395868" lon="126.773847"/>
  <node version="1" id="3733" lat="37.2395923" lon="126.7738374"/>
  <node version="1" id="3734" lat="37.2395965" lon="126.7738328"/>
  <node version="1" id="3735" lat="37.2395918" lon="126.7738459"/>
  <node version="1" id="3736" lat="37.2395866" lon="126.7738674"/>
  <node version="1" id="3737" lat="37.2395843" lon="126.7738892"/>
  <node version="1" id="3738" lat="37.2395845" lon="126.7739114"/>
  <node version="1" id="3739" lat="37.2403936" lon="126.7745334"/>
  <node version="1" id="3740" lat="37.2402803" lon="126.7744509"/>
  <node version="1" id="3741" lat="37.2409753" lon="126.775304"/>
  <node version="1" id="3742" lat="37.2409585" lon="126.775304"/>
  <node version="1" id="3743" lat="37.2409397" lon="126.7753041"/>
  <node version="1" id="3744" lat="37.240921" lon="126.7753041"/>
  <node version="1" id="3745" lat="37.2409018" lon="126.7753042"/>
  <node version="1" id="3746" lat="37.2408825" lon="126.7753043"/>
  <node version="1" id="3747" lat="37.2408632" lon="126.7753043"/>
  <node version="1" id="3748" lat="37.2408393" lon="126.7753044"/>
  <node version="1" id="3749" lat="37.2408154" lon="126.7753045"/>
  <node version="1" id="3750" lat="37.240795" lon="126.7753046"/>
  <node version="1" id="3751" lat="37.2407746" lon="126.7753047"/>
  <node version="1" id="3752" lat="37.2407562" lon="126.7753047"/>
  <node version="1" id="3753" lat="37.2407378" lon="126.7753048"/>
  <node version="1" id="3754" lat="37.2407174" lon="126.7753048"/>
  <node version="1" id="3755" lat="37.240697" lon="126.7753049"/>
  <node version="1" id="3756" lat="37.2406761" lon="126.775305"/>
  <node version="1" id="3757" lat="37.2406552" lon="126.7753051"/>
  <node version="1" id="3758" lat="37.2406348" lon="126.7753051"/>
  <node version="1" id="3759" lat="37.2406144" lon="126.7753052"/>
  <node version="1" id="3760" lat="37.2405886" lon="126.7753053"/>
  <node version="1" id="3761" lat="37.2405627" lon="126.7753054"/>
  <node version="1" id="3762" lat="37.2405371" lon="126.7753055"/>
  <node version="1" id="3763" lat="37.2405115" lon="126.7753056"/>
  <node version="1" id="3764" lat="37.2404879" lon="126.7753056"/>
  <node version="1" id="3765" lat="37.2404643" lon="126.7753057"/>
  <node version="1" id="3766" lat="37.2404407" lon="126.7753058"/>
  <node version="1" id="3767" lat="37.2404226" lon="126.7753063"/>
  <node version="1" id="3768" lat="37.2382003" lon="126.7754297"/>
  <node version="1" id="3769" lat="37.2395078" lon="126.7740585"/>
  <node version="1" id="3770" lat="37.2395364" lon="126.7740362"/>
  <node version="1" id="3771" lat="37.2395557" lon="126.7740335"/>
  <node version="1" id="3772" lat="37.2395778" lon="126.7740436"/>
  <node version="1" id="3773" lat="37.2396009" lon="126.7740601"/>
  <node version="1" id="3774" lat="37.2398158" lon="126.7742135"/>
  <node version="1" id="3775" lat="37.2398764" lon="126.7742546"/>
  <node version="1" id="3776" lat="37.2398712" lon="126.7742675"/>
  <node version="1" id="3777" lat="37.2399473" lon="126.7743183"/>
  <node version="1" id="3778" lat="37.2399526" lon="126.7743053"/>
  <node version="1" id="3779" lat="37.2400324" lon="126.7743591"/>
  <node version="1" id="3780" lat="37.2401865" lon="126.7744609"/>
  <node version="1" id="3781" lat="37.2402317" lon="126.774497"/>
  <node version="1" id="3782" lat="37.2402905" lon="126.77454"/>
  <node version="1" id="3783" lat="37.2404293" lon="126.7746241"/>
  <node version="1" id="3784" lat="37.2402394" lon="126.7731978"/>
  <node version="1" id="3785" lat="37.2402868" lon="126.7732338"/>
  <node version="1" id="3786" lat="37.2402975" lon="126.7732627"/>
  <node version="1" id="3787" lat="37.2402952" lon="126.7732929"/>
  <node version="1" id="3788" lat="37.2402743" lon="126.7733488"/>
  <node version="1" id="3789" lat="37.2406349" lon="126.7738704"/>
  <node version="1" id="3790" lat="37.2406288" lon="126.7738966"/>
  <node version="1" id="3791" lat="37.2406281" lon="126.7739181"/>
  <node version="1" id="3792" lat="37.239973" lon="126.7737041"/>
  <node version="1" id="3793" lat="37.2400218" lon="126.7737341"/>
  <node version="1" id="3794" lat="37.2400455" lon="126.7738151"/>
  <node version="1" id="3795" lat="37.240043" lon="126.7738371"/>
  <node version="1" id="3796" lat="37.2400304" lon="126.7738813"/>
  <node version="1" id="3797" lat="37.2401505" lon="126.7738846"/>
  <node version="1" id="3798" lat="37.2401302" lon="126.7739131"/>
  <node version="1" id="3799" lat="37.2401187" lon="126.7739417"/>
  <node version="1" id="3800" lat="37.2402018" lon="126.7738665"/>
  <node version="1" id="3801" lat="37.2402194" lon="126.7738694"/>
  <node version="1" id="3802" lat="37.2402387" lon="126.7738782"/>
  <node version="1" id="3803" lat="37.2402547" lon="126.7738859"/>
  <node version="1" id="3804" lat="37.2398769" lon="126.7741328"/>
  <node version="1" id="3805" lat="37.2398608" lon="126.7741287"/>
  <node version="1" id="3806" lat="37.2398391" lon="126.7741193"/>
  <node version="1" id="3807" lat="37.2400325" lon="126.7741396"/>
  <node version="1" id="3808" lat="37.2400244" lon="126.7741736"/>
  <node version="1" id="3809" lat="37.2400278" lon="126.7742187"/>
  <node version="1" id="3810" lat="37.2400412" lon="126.7742348"/>
  <node version="1" id="3811" lat="37.2400621" lon="126.7742565"/>
  <node version="1" id="3812" lat="37.2400785" lon="126.7742779"/>
  <node version="1" id="3813" lat="37.2397594" lon="126.7735899"/>
  <node version="1" id="3814" lat="37.2397332" lon="126.7736112"/>
  <node version="1" id="3815" lat="37.2396849" lon="126.7737212"/>
  <node version="1" id="3816" lat="37.239633" lon="126.7738462"/>
  <node version="1" id="3817" lat="37.2396198" lon="126.7738984"/>
  <node version="1" id="3818" lat="37.2396274" lon="126.7739347"/>
  <node version="1" id="3819" lat="37.2396414" lon="126.7739695"/>
  <node version="1" id="3820" lat="37.2395693" lon="126.7732911"/>
  <node version="1" id="3821" lat="37.2395546" lon="126.7732747"/>
  <node version="1" id="3822" lat="37.2395352" lon="126.7732513"/>
  <node version="1" id="3823" lat="37.2395206" lon="126.7732338"/>
  <node version="1" id="3824" lat="37.2395058" lon="126.7732156"/>
  <node version="1" id="3825" lat="37.2394951" lon="126.7732036"/>
  <node version="1" id="3826" lat="37.239487" lon="126.7731971"/>
  <node version="1" id="3827" lat="37.239463" lon="126.7731816"/>
  <node version="1" id="3828" lat="37.2394445" lon="126.7731695"/>
  <node version="1" id="3829" lat="37.2394206" lon="126.773154"/>
  <node version="1" id="3830" lat="37.2393967" lon="126.7731384"/>
  <node version="1" id="3831" lat="37.2393727" lon="126.7731228"/>
  <node version="1" id="3832" lat="37.2393689" lon="126.7731203"/>
  <node version="1" id="3833" lat="37.239345" lon="126.7731046"/>
  <node version="1" id="3834" lat="37.2393211" lon="126.7730889"/>
  <node version="1" id="3835" lat="37.2392972" lon="126.7730732"/>
  <node version="1" id="3836" lat="37.2392937" lon="126.7730709"/>
  <node version="1" id="3837" lat="37.2392817" lon="126.773063"/>
  <node version="1" id="3838" lat="37.2392698" lon="126.7730551"/>
  <node version="1" id="3839" lat="37.2392578" lon="126.7730473"/>
  <node version="1" id="3840" lat="37.2392458" lon="126.7730394"/>
  <node version="1" id="3841" lat="37.2392339" lon="126.7730315"/>
  <node version="1" id="3842" lat="37.2392219" lon="126.7730236"/>
  <node version="1" id="3843" lat="37.23921" lon="126.7730158"/>
  <node version="1" id="3844" lat="37.239198" lon="126.7730079"/>
  <node version="1" id="3845" lat="37.239186" lon="126.773"/>
  <node version="1" id="3846" lat="37.2391741" lon="126.7729921"/>
  <node version="1" id="3847" lat="37.2391546" lon="126.7729793"/>
  <node version="1" id="3848" lat="37.2391331" lon="126.7729652"/>
  <node version="1" id="3849" lat="37.2391258" lon="126.7729612"/>
  <node version="1" id="3850" lat="37.2391209" lon="126.7729598"/>
  <node version="1" id="3851" lat="37.2391086" lon="126.7729588"/>
  <node version="1" id="3852" lat="37.2390816" lon="126.7729574"/>
  <node version="1" id="3853" lat="37.239067" lon="126.7729567"/>
  <node version="1" id="3854" lat="37.2390612" lon="126.7729558"/>
  <node version="1" id="3855" lat="37.239056" lon="126.7729541"/>
  <node version="1" id="3856" lat="37.2390495" lon="126.7729508"/>
  <node version="1" id="3857" lat="37.2400291" lon="126.7737167"/>
  <node version="1" id="3858" lat="37.2400326" lon="126.7737197"/>
  <node version="1" id="3859" lat="37.2400361" lon="126.7737238"/>
  <node version="1" id="3860" lat="37.2400399" lon="126.7737293"/>
  <node version="1" id="3861" lat="37.2400439" lon="126.7737365"/>
  <node version="1" id="3862" lat="37.2400476" lon="126.7737442"/>
  <node version="1" id="3863" lat="37.2400505" lon="126.7737511"/>
  <node version="1" id="3864" lat="37.2400552" lon="126.7737649"/>
  <node version="1" id="3865" lat="37.2400575" lon="126.773773"/>
  <node version="1" id="3866" lat="37.2400591" lon="126.7737808"/>
  <node version="1" id="3867" lat="37.2400613" lon="126.773792"/>
  <node version="1" id="3868" lat="37.2400626" lon="126.7738027"/>
  <node version="1" id="3869" lat="37.240063" lon="126.7738128"/>
  <node version="1" id="3870" lat="37.2400625" lon="126.7738244"/>
  <node version="1" id="3871" lat="37.2400211" lon="126.7737347"/>
  <node version="1" id="3872" lat="37.2400254" lon="126.7737415"/>
  <node version="1" id="3873" lat="37.2400297" lon="126.7737493"/>
  <node version="1" id="3874" lat="37.2400353" lon="126.7737621"/>
  <node version="1" id="3875" lat="37.2400393" lon="126.773775"/>
  <node version="1" id="3876" lat="37.2400413" lon="126.7737822"/>
  <node version="1" id="3877" lat="37.240044" lon="126.7737962"/>
  <node version="1" id="3878" lat="37.2400451" lon="126.7738056"/>
  <node version="1" id="3879" lat="37.2400458" lon="126.7738132"/>
  <node version="1" id="3880" lat="37.2399632" lon="126.7736725"/>
  <node version="1" id="3881" lat="37.239981" lon="126.7736841"/>
  <node version="1" id="3882" lat="37.2399548" lon="126.7736917"/>
  <node version="1" id="3883" lat="37.2399656" lon="126.7736986"/>
  <node version="1" id="3884" lat="37.2399726" lon="126.7737032"/>
  <node version="1" id="3885" lat="37.2397438" lon="126.7735869"/>
  <node version="1" id="3886" lat="37.2397521" lon="126.7735788"/>
  <node version="1" id="3887" lat="37.2397605" lon="126.7735732"/>
  <node version="1" id="3888" lat="37.2397669" lon="126.7735697"/>
  <node version="1" id="3889" lat="37.2397735" lon="126.7735676"/>
  <node version="1" id="3890" lat="37.2397821" lon="126.7735659"/>
  <node version="1" id="3891" lat="37.2397918" lon="126.7735662"/>
  <node version="1" id="3892" lat="37.2397986" lon="126.7735676"/>
  <node version="1" id="3893" lat="37.2398023" lon="126.7735688"/>
  <node version="1" id="3894" lat="37.2398055" lon="126.7735699"/>
  <node version="1" id="3895" lat="37.2398176" lon="126.7735762"/>
  <node version="1" id="3896" lat="37.2398414" lon="126.7735921"/>
  <node version="1" id="3897" lat="37.2398469" lon="126.7735958"/>
  <node version="1" id="3898" lat="37.2398707" lon="126.7736116"/>
  <node version="1" id="3899" lat="37.2398927" lon="126.7736262"/>
  <node version="1" id="3900" lat="37.2399166" lon="126.7736419"/>
  <node version="1" id="3901" lat="37.2399404" lon="126.7736576"/>
  <node version="1" id="3902" lat="37.2397593" lon="126.7735895"/>
  <node version="1" id="3903" lat="37.2397679" lon="126.7735869"/>
  <node version="1" id="3904" lat="37.2397771" lon="126.7735858"/>
  <node version="1" id="3905" lat="37.2397839" lon="126.7735857"/>
  <node version="1" id="3906" lat="37.23979" lon="126.7735867"/>
  <node version="1" id="3907" lat="37.2397945" lon="126.7735885"/>
  <node version="1" id="3908" lat="37.2397972" lon="126.7735895"/>
  <node version="1" id="3909" lat="37.2398146" lon="126.7736001"/>
  <node version="1" id="3910" lat="37.2398385" lon="126.7736158"/>
  <node version="1" id="3911" lat="37.2398623" lon="126.7736315"/>
  <node version="1" id="3912" lat="37.2398862" lon="126.7736471"/>
  <node version="1" id="3913" lat="37.2398938" lon="126.7736521"/>
  <node version="1" id="3914" lat="37.2399177" lon="126.7736676"/>
  <node version="1" id="3915" lat="37.2399417" lon="126.7736831"/>
  <node version="1" id="3916" lat="37.2400219" lon="126.7741316"/>
  <node version="1" id="3917" lat="37.2400346" lon="126.7741019"/>
  <node version="1" id="3918" lat="37.2400452" lon="126.7740768"/>
  <node version="1" id="3919" lat="37.2400578" lon="126.7740469"/>
  <node version="1" id="3920" lat="37.2400703" lon="126.7740171"/>
  <node version="1" id="3921" lat="37.2400828" lon="126.7739872"/>
  <node version="1" id="3922" lat="37.2400897" lon="126.7739707"/>
  <node version="1" id="3923" lat="37.2400966" lon="126.7739543"/>
  <node version="1" id="3924" lat="37.2401061" lon="126.7739318"/>
  <node version="1" id="3925" lat="37.240109" lon="126.7739625"/>
  <node version="1" id="3926" lat="37.2401161" lon="126.7739462"/>
  <node version="1" id="3927" lat="37.2401184" lon="126.773941"/>
  <node version="1" id="3928" lat="37.2400331" lon="126.7741391"/>
  <node version="1" id="3929" lat="37.2400346" lon="126.7741355"/>
  <node version="1" id="3930" lat="37.2400473" lon="126.7741058"/>
  <node version="1" id="3931" lat="37.2400599" lon="126.7740762"/>
  <node version="1" id="3932" lat="37.2400727" lon="126.7740467"/>
  <node version="1" id="3933" lat="37.2400855" lon="126.7740171"/>
  <node version="1" id="3934" lat="37.2400982" lon="126.7739876"/>
  <node version="1" id="3935" lat="37.2400426" lon="126.7738895"/>
  <node version="1" id="3936" lat="37.2400299" lon="126.773919"/>
  <node version="1" id="3937" lat="37.2400172" lon="126.7739488"/>
  <node version="1" id="3938" lat="37.2400112" lon="126.7739628"/>
  <node version="1" id="3939" lat="37.2399988" lon="126.7739927"/>
  <node version="1" id="3940" lat="37.2399864" lon="126.7740225"/>
  <node version="1" id="3941" lat="37.2399739" lon="126.7740523"/>
  <node version="1" id="3942" lat="37.2399725" lon="126.7740556"/>
  <node version="1" id="3943" lat="37.2399615" lon="126.7740821"/>
  <node version="1" id="3944" lat="37.2399592" lon="126.7740877"/>
  <node version="1" id="3945" lat="37.2400307" lon="126.773881"/>
  <node version="1" id="3946" lat="37.2400182" lon="126.7739107"/>
  <node version="1" id="3947" lat="37.2400056" lon="126.7739405"/>
  <node version="1" id="3948" lat="37.2400027" lon="126.7739473"/>
  <node version="1" id="3949" lat="37.2399902" lon="126.7739772"/>
  <node version="1" id="3950" lat="37.2399777" lon="126.7740071"/>
  <node version="1" id="3951" lat="37.2399652" lon="126.7740369"/>
  <node version="1" id="3952" lat="37.2399619" lon="126.7740449"/>
  <node version="1" id="3953" lat="37.2399608" lon="126.7740475"/>
  <node version="1" id="3954" lat="37.2399493" lon="126.7740748"/>
  <node version="1" id="3955" lat="37.2399462" lon="126.7740823"/>
  <node version="1" id="3956" lat="37.239942" lon="126.7740914"/>
  <node version="1" id="3957" lat="37.2399386" lon="126.774098"/>
  <node version="1" id="3958" lat="37.2399342" lon="126.7741055"/>
  <node version="1" id="3959" lat="37.2399285" lon="126.7741132"/>
  <node version="1" id="3960" lat="37.2399228" lon="126.7741196"/>
  <node version="1" id="3961" lat="37.2399172" lon="126.7741243"/>
  <node version="1" id="3962" lat="37.2399061" lon="126.7741303"/>
  <node version="1" id="3963" lat="37.2398989" lon="126.7741327"/>
  <node version="1" id="3964" lat="37.2398926" lon="126.7741337"/>
  <node version="1" id="3965" lat="37.2398843" lon="126.7741334"/>
  <node version="1" id="3966" lat="37.2398793" lon="126.774133"/>
  <node version="1" id="3967" lat="37.2401392" lon="126.7738758"/>
  <node version="1" id="3968" lat="37.240143" lon="126.7738719"/>
  <node version="1" id="3969" lat="37.2401492" lon="126.773867"/>
  <node version="1" id="3970" lat="37.2401565" lon="126.773862"/>
  <node version="1" id="3971" lat="37.2401648" lon="126.7738576"/>
  <node version="1" id="3972" lat="37.2401708" lon="126.7738552"/>
  <node version="1" id="3973" lat="37.240178" lon="126.7738528"/>
  <node version="1" id="3974" lat="37.240183" lon="126.7738521"/>
  <node version="1" id="3975" lat="37.2401922" lon="126.7738513"/>
  <node version="1" id="3976" lat="37.2402" lon="126.7738509"/>
  <node version="1" id="3977" lat="37.2402072" lon="126.7738515"/>
  <node version="1" id="3978" lat="37.2401513" lon="126.7738839"/>
  <node version="1" id="3979" lat="37.240156" lon="126.7738808"/>
  <node version="1" id="3980" lat="37.2401609" lon="126.7738778"/>
  <node version="1" id="3981" lat="37.2401667" lon="126.7738746"/>
  <node version="1" id="3982" lat="37.2401715" lon="126.7738727"/>
  <node version="1" id="3983" lat="37.2401799" lon="126.7738697"/>
  <node version="1" id="3984" lat="37.2401885" lon="126.7738677"/>
  <node version="1" id="3985" lat="37.2401945" lon="126.7738671"/>
  <node version="1" id="3986" lat="37.2401997" lon="126.7738666"/>
  <node version="1" id="3987" lat="37.2402011" lon="126.7738664"/>
  <node version="1" id="3988" lat="37.2402621" lon="126.773869"/>
  <node version="1" id="3989" lat="37.2402859" lon="126.7738846"/>
  <node version="1" id="3990" lat="37.2403095" lon="126.7739001"/>
  <node version="1" id="3991" lat="37.2403332" lon="126.7739159"/>
  <node version="1" id="3992" lat="37.240357" lon="126.7739317"/>
  <node version="1" id="3993" lat="37.2403808" lon="126.7739475"/>
  <node version="1" id="3994" lat="37.2404038" lon="126.7739628"/>
  <node version="1" id="3995" lat="37.2404216" lon="126.7739748"/>
  <node version="1" id="3996" lat="37.2402551" lon="126.7738858"/>
  <node version="1" id="3997" lat="37.2402671" lon="126.7738937"/>
  <node version="1" id="3998" lat="37.2402791" lon="126.7739015"/>
  <node version="1" id="3999" lat="37.240291" lon="126.7739094"/>
  <node version="1" id="4000" lat="37.240303" lon="126.7739173"/>
  <node version="1" id="4001" lat="37.24032" lon="126.7739286"/>
  <node version="1" id="4002" lat="37.2403438" lon="126.7739444"/>
  <node version="1" id="4003" lat="37.2403676" lon="126.7739602"/>
  <node version="1" id="4004" lat="37.2403914" lon="126.773976"/>
  <node version="1" id="4005" lat="37.2403967" lon="126.7739795"/>
  <node version="1" id="4006" lat="37.2404149" lon="126.7739916"/>
  <node version="1" id="4007" lat="37.2404451" lon="126.7740142"/>
  <node version="1" id="4008" lat="37.2404494" lon="126.7740178"/>
  <node version="1" id="4009" lat="37.2404537" lon="126.7740227"/>
  <node version="1" id="4010" lat="37.2404566" lon="126.7740276"/>
  <node version="1" id="4011" lat="37.2404599" lon="126.7740344"/>
  <node version="1" id="4012" lat="37.2404642" lon="126.7740458"/>
  <node version="1" id="4013" lat="37.2404667" lon="126.7740547"/>
  <node version="1" id="4014" lat="37.2404682" lon="126.774064"/>
  <node version="1" id="4015" lat="37.2404532" lon="126.7739956"/>
  <node version="1" id="4016" lat="37.2404578" lon="126.7739995"/>
  <node version="1" id="4017" lat="37.2404633" lon="126.774006"/>
  <node version="1" id="4018" lat="37.2404673" lon="126.7740116"/>
  <node version="1" id="4019" lat="37.2404704" lon="126.7740183"/>
  <node version="1" id="4020" lat="37.2404728" lon="126.7740253"/>
  <node version="1" id="4021" lat="37.2404752" lon="126.7740336"/>
  <node version="1" id="4022" lat="37.240476" lon="126.7740393"/>
  <node version="1" id="4023" lat="37.2404768" lon="126.7740463"/>
  <node version="1" id="4024" lat="37.2404767" lon="126.7740527"/>
  <node version="1" id="4025" lat="37.2404761" lon="126.7740566"/>
  <node version="1" id="4026" lat="37.2404749" lon="126.774063"/>
  <node version="1" id="4027" lat="37.240473" lon="126.7740686"/>
  <node version="1" id="4028" lat="37.2396505" lon="126.7740879"/>
  <node version="1" id="4029" lat="37.2396741" lon="126.7741038"/>
  <node version="1" id="4030" lat="37.2396765" lon="126.7741054"/>
  <node version="1" id="4031" lat="37.2396885" lon="126.7741132"/>
  <node version="1" id="4032" lat="37.2397005" lon="126.774121"/>
  <node version="1" id="4033" lat="37.2397089" lon="126.7741264"/>
  <node version="1" id="4034" lat="37.2397327" lon="126.7741423"/>
  <node version="1" id="4035" lat="37.2397547" lon="126.7741569"/>
  <node version="1" id="4036" lat="37.2397785" lon="126.7741725"/>
  <node version="1" id="4037" lat="37.2397857" lon="126.7741772"/>
  <node version="1" id="4038" lat="37.2398024" lon="126.7741881"/>
  <node version="1" id="4039" lat="37.2398116" lon="126.7741941"/>
  <node version="1" id="4040" lat="37.2390525" lon="126.7730707"/>
  <node version="1" id="4041" lat="37.2390792" lon="126.7731618"/>
  <node version="1" id="4042" lat="37.2390981" lon="126.7731704"/>
  <node version="1" id="4043" lat="37.2391145" lon="126.7731807"/>
  <node version="1" id="4044" lat="37.2391162" lon="126.7731818"/>
  <node version="1" id="4045" lat="37.2391402" lon="126.7731974"/>
  <node version="1" id="4046" lat="37.2391456" lon="126.773201"/>
  <node version="1" id="4047" lat="37.2391695" lon="126.7732166"/>
  <node version="1" id="4048" lat="37.2391933" lon="126.7732322"/>
  <node version="1" id="4049" lat="37.2392172" lon="126.7732477"/>
  <node version="1" id="4050" lat="37.239241" lon="126.7732633"/>
  <node version="1" id="4051" lat="37.2392436" lon="126.773265"/>
  <node version="1" id="4052" lat="37.2392674" lon="126.7732807"/>
  <node version="1" id="4053" lat="37.2392912" lon="126.7732964"/>
  <node version="1" id="4054" lat="37.239315" lon="126.773312"/>
  <node version="1" id="4055" lat="37.2393388" lon="126.7733277"/>
  <node version="1" id="4056" lat="37.2393411" lon="126.7733293"/>
  <node version="1" id="4057" lat="37.239365" lon="126.7733448"/>
  <node version="1" id="4058" lat="37.2393889" lon="126.7733603"/>
  <node version="1" id="4059" lat="37.2394128" lon="126.7733758"/>
  <node version="1" id="4060" lat="37.2394249" lon="126.7733837"/>
  <node version="1" id="4061" lat="37.2394342" lon="126.7733891"/>
  <node version="1" id="4062" lat="37.2394417" lon="126.7733919"/>
  <node version="1" id="4063" lat="37.2394539" lon="126.7733928"/>
  <node version="1" id="4064" lat="37.2394808" lon="126.7733937"/>
  <node version="1" id="4065" lat="37.2394958" lon="126.7733942"/>
  <node version="1" id="4066" lat="37.2395227" lon="126.7733957"/>
  <node version="1" id="4067" lat="37.2395402" lon="126.7733967"/>
  <node version="1" id="4068" lat="37.2395478" lon="126.7733973"/>
  <node version="1" id="4069" lat="37.2390421" lon="126.7729467"/>
  <node version="1" id="4070" lat="37.2395805" lon="126.7733004"/>
  <node version="1" id="4071" lat="37.2390535" lon="126.7730699"/>
  <node version="1" id="4072" lat="37.2395599" lon="126.7734006"/>
  <node version="1" id="4073" lat="37.2390619" lon="126.7731021"/>
  <node version="1" id="4074" lat="37.2390828" lon="126.7730932"/>
  <node version="1" id="4075" lat="37.2390991" lon="126.7731499"/>
  <node version="1" id="4076" lat="37.2390789" lon="126.7731589"/>
  <node version="1" id="4077" lat="37.2390621" lon="126.7731035"/>
  <node version="1" id="4078" lat="37.2390922" lon="126.7731254"/>
  <node version="1" id="4079" lat="37.2391124" lon="126.7731172"/>
  <node version="1" id="4080" lat="37.2391266" lon="126.7731669"/>
  <node version="1" id="4081" lat="37.2391065" lon="126.7731756"/>
  <node version="1" id="4082" lat="37.2390922" lon="126.7731256"/>
  <node version="1" id="4083" lat="37.2391449" lon="126.7731353"/>
  <node version="1" id="4084" lat="37.2391198" lon="126.7731434"/>
  <node version="1" id="4085" lat="37.2391364" lon="126.7731996"/>
  <node version="1" id="4086" lat="37.2391596" lon="126.773189"/>
  <node version="1" id="4087" lat="37.239145" lon="126.7731353"/>
  <node version="1" id="4088" lat="37.2391985" lon="126.7731721"/>
  <node version="1" id="4089" lat="37.2392795" lon="126.7732266"/>
  <node version="1" id="4090" lat="37.2392595" lon="126.7732766"/>
  <node version="1" id="4091" lat="37.2391785" lon="126.7732215"/>
  <node version="1" id="4092" lat="37.2391988" lon="126.7731744"/>
  <node version="1" id="4093" lat="37.2392186" lon="126.7731874"/>
  <node version="1" id="4094" lat="37.2392002" lon="126.7732357"/>
  <node version="1" id="4095" lat="37.2392393" lon="126.773201"/>
  <node version="1" id="4096" lat="37.239221" lon="126.773246"/>
  <node version="1" id="4097" lat="37.2392598" lon="126.7732134"/>
  <node version="1" id="4098" lat="37.2392388" lon="126.7732621"/>
  <node version="1" id="4099" lat="37.2394542" lon="126.7731757"/>
  <node version="1" id="4100" lat="37.2394407" lon="126.7732085"/>
  <node version="1" id="4101" lat="37.2394927" lon="126.7732015"/>
  <node version="1" id="4102" lat="37.2394806" lon="126.7732345"/>
  <node version="1" id="4103" lat="37.239412" lon="126.7731485"/>
  <node version="1" id="4104" lat="37.2393996" lon="126.7731807"/>
  <node version="1" id="4105" lat="37.2393622" lon="126.7731162"/>
  <node version="1" id="4106" lat="37.2393482" lon="126.7731476"/>
  <node version="1" id="4107" lat="37.2391277" lon="126.7729627"/>
  <node version="1" id="4108" lat="37.239115" lon="126.7729945"/>
  <node version="1" id="4109" lat="37.239167" lon="126.7729878"/>
  <node version="1" id="4110" lat="37.2391544" lon="126.7730203"/>
  <node version="1" id="4111" lat="37.2392075" lon="126.7730138"/>
  <node version="1" id="4112" lat="37.2391924" lon="126.7730449"/>
  <node version="1" id="4113" lat="37.2393389" lon="126.773258"/>
  <node version="1" id="4114" lat="37.2393169" lon="126.7732602"/>
  <node version="1" id="4115" lat="37.2393213" lon="126.7733156"/>
  <node version="1" id="4116" lat="37.2393423" lon="126.7733128"/>
  <node version="1" id="4117" lat="37.2393435" lon="126.7733309"/>
  <node version="1" id="4118" lat="37.2393664" lon="126.7733284"/>
  <node version="1" id="4119" lat="37.2393636" lon="126.7732764"/>
  <node version="1" id="4120" lat="37.2393408" lon="126.7732786"/>
  <node version="1" id="4121" lat="37.2393663" lon="126.7733279"/>
  <node version="1" id="4122" lat="37.2393677" lon="126.7733466"/>
  <node version="1" id="4123" lat="37.2393905" lon="126.7733456"/>
  <node version="1" id="4124" lat="37.2393889" lon="126.7732915"/>
  <node version="1" id="4125" lat="37.2393644" lon="126.7732928"/>
  <node version="1" id="4126" lat="37.2393893" lon="126.7733085"/>
  <node version="1" id="4127" lat="37.2394124" lon="126.7733076"/>
  <node version="1" id="4128" lat="37.2394143" lon="126.7733608"/>
  <node version="1" id="4129" lat="37.2393911" lon="126.7733618"/>
  <node version="1" id="4130" lat="37.2393892" lon="126.7733085"/>
  <node version="1" id="4131" lat="37.2394132" lon="126.7733254"/>
  <node version="1" id="4132" lat="37.2394347" lon="126.7733246"/>
  <node version="1" id="4133" lat="37.2394362" lon="126.7733783"/>
  <node version="1" id="4134" lat="37.2394148" lon="126.7733795"/>
  <node version="1" id="4135" lat="37.2394134" lon="126.7733251"/>
  <node version="1" id="4136" lat="37.2394352" lon="126.7733417"/>
  <node version="1" id="4137" lat="37.2394574" lon="126.7733411"/>
  <node version="1" id="4138" lat="37.2394581" lon="126.7733891"/>
  <node version="1" id="4139" lat="37.2394366" lon="126.7733898"/>
  <node version="1" id="4140" lat="37.2394362" lon="126.7733784"/>
  <node version="1" id="4141" lat="37.2407065" lon="126.7753264"/>
  <node version="1" id="4142" lat="37.2396623" lon="126.7753531"/>
  <node version="1" id="4143" lat="37.2393389" lon="126.7732582"/>
  <node version="1" id="4144" lat="37.2393422" lon="126.7733127"/>
  <node version="1" id="4145" lat="37.2393213" lon="126.7733157"/>
  <node version="1" id="4146" lat="37.2393636" lon="126.7732765"/>
  <node version="1" id="4147" lat="37.23934" lon="126.7732787"/>
  <node version="1" id="4148" lat="37.2394122" lon="126.7733077"/>
  <node version="1" id="4149" lat="37.2393896" lon="126.7733085"/>
  <node version="1" id="4150" lat="37.2394133" lon="126.7733254"/>
  <node version="1" id="4151" lat="37.2394582" lon="126.7733892"/>
  <node version="1" id="4152" lat="37.2394365" lon="126.7733899"/>
  <node version="1" id="4153" lat="37.2394352" lon="126.7733416"/>
  <node version="1" id="4154" lat="37.239554" lon="126.7739042"/>
  <node version="1" id="4155" lat="37.2394725" lon="126.7740447"/>
  <node version="1" id="4156" lat="37.2395726" lon="126.773805"/>
  <node version="1" id="4157" lat="37.2395683" lon="126.7738166"/>
  <node version="1" id="4158" lat="37.2395652" lon="126.7738249"/>
  <node version="1" id="4159" lat="37.2395605" lon="126.7738414"/>
  <node version="1" id="4160" lat="37.2395571" lon="126.7738576"/>
  <node version="1" id="4161" lat="37.2395555" lon="126.7738713"/>
  <node version="1" id="4162" lat="37.239554" lon="126.7738878"/>
  <node version="1" id="4163" lat="37.239749" lon="126.7740591"/>
  <node version="1" id="4164" lat="37.2397212" lon="126.7741306"/>
  <node version="1" id="4165" lat="37.2396905" lon="126.7741107"/>
  <node version="1" id="4166" lat="37.2397181" lon="126.7740388"/>
  <node version="1" id="4167" lat="37.2401659" lon="126.7743346"/>
  <node version="1" id="4168" lat="37.2401376" lon="126.7744074"/>
  <node version="1" id="4169" lat="37.2401065" lon="126.7743872"/>
  <node version="1" id="4170" lat="37.2401348" lon="126.7743134"/>
  <node version="1" id="4171" lat="37.2392884" lon="126.7753387"/>
  <node version="1" id="4172" lat="37.2386232" lon="126.7753697"/>
  <node version="1" id="4173" lat="37.2386437" lon="126.7753404"/>
  <node version="1" id="4174" lat="37.2386768" lon="126.7752786"/>
  <node version="1" id="4175" lat="37.2386868" lon="126.7752469"/>
  <node version="1" id="4176" lat="37.2386908" lon="126.7752084"/>
  <node version="1" id="4177" lat="37.2386924" lon="126.7751811"/>
  <node version="1" id="4178" lat="37.2386852" lon="126.7751267"/>
  <node version="1" id="4179" lat="37.2386739" lon="126.775093"/>
  <node version="1" id="4180" lat="37.2386616" lon="126.7750591"/>
  <node version="1" id="4181" lat="37.2387374" lon="126.7751458"/>
  <node version="1" id="4182" lat="37.238773" lon="126.7751781"/>
  <node version="1" id="4183" lat="37.2388112" lon="126.7752028"/>
  <node version="1" id="4184" lat="37.2389363" lon="126.7752641"/>
  <node version="1" id="4185" lat="37.2390345" lon="126.7752983"/>
  <node version="1" id="4186" lat="37.2390832" lon="126.77531"/>
  <node version="1" id="4187" lat="37.2391143" lon="126.7753185"/>
  <node version="1" id="4188" lat="37.2391815" lon="126.7753296"/>
  <node version="1" id="4189" lat="37.2392277" lon="126.7753358"/>
  <node version="1" id="4190" lat="37.2393331" lon="126.7744028"/>
  <node version="1" id="4191" lat="37.2393399" lon="126.7743768"/>
  <node version="1" id="4192" lat="37.2393706" lon="126.7743897"/>
  <node version="1" id="4193" lat="37.2393638" lon="126.7744142"/>
  <node version="1" id="4194" lat="37.239981" lon="126.7752504"/>
  <node version="1" id="4195" lat="37.2399691" lon="126.775261"/>
  <node version="1" id="4196" lat="37.2397484" lon="126.7752677"/>
  <node version="1" id="4197" lat="37.2397554" lon="126.7752598"/>
  <node version="1" id="4198" lat="37.2397627" lon="126.7752472"/>
  <node version="1" id="4199" lat="37.2397639" lon="126.7752382"/>
  <node version="1" id="4200" lat="37.2397615" lon="126.7752255"/>
  <node version="1" id="4201" lat="37.2397567" lon="126.7752172"/>
  <node version="1" id="4202" lat="37.2397505" lon="126.77521"/>
  <node version="1" id="4203" lat="37.2397429" lon="126.7752025"/>
  <node version="1" id="4204" lat="37.2398096" lon="126.7752215"/>
  <node version="1" id="4205" lat="37.2398708" lon="126.7752348"/>
  <node version="1" id="4206" lat="37.2399299" lon="126.7752438"/>
  <node version="1" id="4207" lat="37.2399805" lon="126.775249"/>
  <node version="1" id="4208" lat="37.2415719" lon="126.7752092"/>
  <node version="1" id="4209" lat="37.2415168" lon="126.7752213"/>
  <node version="1" id="4210" lat="37.2410044" lon="126.7753034"/>
  <node version="1" id="4211" lat="37.2409942" lon="126.7753039"/>
  <node version="1" id="4212" lat="37.2409916" lon="126.7753037"/>
  <node version="1" id="4213" lat="37.2405176" lon="126.7752564"/>
  <node version="1" id="4214" lat="37.240104" lon="126.7752721"/>
  <node version="1" id="4215" lat="37.2399091" lon="126.7752793"/>
  <node version="1" id="4216" lat="37.2397341" lon="126.7752857"/>
  <node version="1" id="4217" lat="37.2397414" lon="126.7752764"/>
  <way version="1" id="1">
    <nd ref="1"/>
    <nd ref="2"/>
    <nd ref="3"/>
    <nd ref="4"/>
    <nd ref="5"/>
    <nd ref="6"/>
    <nd ref="7"/>
    <nd ref="8"/>
    <nd ref="9"/>
    <nd ref="10"/>
    <nd ref="11"/>
    <nd ref="12"/>
    <nd ref="13"/>
    <nd ref="14"/>
    <nd ref="15"/>
    <nd ref="16"/>
    <nd ref="17"/>
    <nd ref="18"/>
    <nd ref="19"/>
    <nd ref="20"/>
    <nd ref="21"/>
    <nd ref="22"/>
    <nd ref="23"/>
    <nd ref="24"/>
    <nd ref="25"/>
    <nd ref="26"/>
    <nd ref="27"/>
    <nd ref="28"/>
    <nd ref="29"/>
    <nd ref="30"/>
    <nd ref="31"/>
    <nd ref="32"/>
    <nd ref="33"/>
    <nd ref="34"/>
    <nd ref="35"/>
    <nd ref="36"/>
    <nd ref="37"/>
    <nd ref="38"/>
    <nd ref="39"/>
    <nd ref="40"/>
    <nd ref="41"/>
    <nd ref="42"/>
    <nd ref="43"/>
    <nd ref="44"/>
    <nd ref="45"/>
    <nd ref="46"/>
    <nd ref="47"/>
    <nd ref="48"/>
    <nd ref="49"/>
    <nd ref="50"/>
    <nd ref="51"/>
    <nd ref="52"/>
    <nd ref="53"/>
    <nd ref="54"/>
    <nd ref="55"/>
    <nd ref="56"/>
    <nd ref="57"/>
    <nd ref="58"/>
    <nd ref="59"/>
    <nd ref="60"/>
    <nd ref="61"/>
    <nd ref="62"/>
    <nd ref="63"/>
    <nd ref="64"/>
    <nd ref="65"/>
    <nd ref="66"/>
    <nd ref="67"/>
    <nd ref="68"/>
    <nd ref="69"/>
    <nd ref="70"/>
    <tag k="type" v="line_thin"/>
    <tag k="subtype" v="solid"/>
  </way>
  <way version="1" id="2">
    <nd ref="71"/>
    <nd ref="72"/>
    <nd ref="73"/>
    <nd ref="74"/>
    <nd ref="75"/>
    <nd ref="76"/>
    <nd ref="77"/>
    <nd ref="78"/>
    <nd ref="79"/>
    <nd ref="80"/>
    <nd ref="81"/>
    <nd ref="82"/>
    <nd ref="83"/>
    <nd ref="84"/>
    <nd ref="85"/>
    <nd ref="86"/>
    <nd ref="87"/>
    <nd ref="88"/>
    <nd ref="89"/>
    <nd ref="90"/>
    <nd ref="91"/>
    <nd ref="92"/>
    <nd ref="93"/>
    <nd ref="94"/>
    <nd ref="95"/>
    <nd ref="96"/>
    <nd ref="97"/>
    <nd ref="98"/>
    <nd ref="99"/>
    <nd ref="100"/>
    <nd ref="101"/>
    <nd ref="102"/>
    <nd ref="103"/>
    <nd ref="104"/>
    <nd ref="105"/>
    <nd ref="106"/>
    <nd ref="107"/>
    <nd ref="108"/>
    <nd ref="109"/>
    <nd ref="110"/>
    <nd ref="111"/>
    <nd ref="112"/>
    <nd ref="113"/>
    <nd ref="114"/>
    <nd ref="115"/>
    <nd ref="116"/>
    <nd ref="117"/>
    <nd ref="118"/>
    <nd ref="119"/>
    <nd ref="120"/>
    <nd ref="121"/>
    <nd ref="122"/>
    <nd ref="123"/>
    <nd ref="124"/>
    <nd ref="125"/>
    <nd ref="126"/>
    <nd ref="127"/>
    <tag k="type" v="line_thin"/>
    <tag k="subtype" v="solid"/>
  </way>
  <way version="1" id="3">
    <nd ref="128"/>
    <nd ref="129"/>
    <nd ref="130"/>
    <nd ref="131"/>
    <nd ref="132"/>
    <nd ref="133"/>
    <nd ref="134"/>
    <nd ref="135"/>
    <nd ref="136"/>
    <nd ref="137"/>
    <nd ref="138"/>
    <nd ref="139"/>
    <nd ref="140"/>
    <nd ref="141"/>
    <nd ref="142"/>
    <nd ref="143"/>
    <nd ref="144"/>
    <nd ref="145"/>
    <nd ref="146"/>
    <nd ref="147"/>
    <nd ref="148"/>
    <nd ref="149"/>
    <nd ref="150"/>
    <nd ref="151"/>
    <nd ref="152"/>
    <nd ref="153"/>
    <nd ref="154"/>
    <nd ref="155"/>
    <nd ref="156"/>
    <nd ref="157"/>
    <nd ref="158"/>
    <nd ref="159"/>
    <nd ref="160"/>
    <nd ref="161"/>
    <nd ref="162"/>
    <nd ref="163"/>
    <nd ref="164"/>
    <nd ref="165"/>
    <nd ref="166"/>
    <nd ref="167"/>
    <nd ref="168"/>
    <nd ref="169"/>
    <nd ref="170"/>
    <nd ref="171"/>
    <nd ref="172"/>
    <nd ref="173"/>
    <nd ref="174"/>
    <nd ref="175"/>
    <nd ref="176"/>
    <nd ref="177"/>
    <nd ref="178"/>
    <nd ref="179"/>
    <nd ref="180"/>
    <nd ref="181"/>
    <nd ref="182"/>
    <nd ref="183"/>
    <nd ref="184"/>
    <nd ref="185"/>
    <nd ref="186"/>
    <nd ref="187"/>
    <nd ref="188"/>
    <nd ref="189"/>
    <nd ref="190"/>
    <nd ref="191"/>
    <nd ref="192"/>
    <nd ref="193"/>
    <nd ref="194"/>
    <nd ref="195"/>
    <nd ref="196"/>
    <nd ref="197"/>
    <nd ref="198"/>
    <nd ref="199"/>
    <nd ref="200"/>
    <nd ref="201"/>
    <nd ref="202"/>
    <nd ref="203"/>
    <nd ref="204"/>
    <nd ref="205"/>
    <nd ref="206"/>
    <nd ref="207"/>
    <nd ref="208"/>
    <nd ref="209"/>
    <nd ref="210"/>
    <nd ref="211"/>
    <nd ref="212"/>
    <nd ref="213"/>
    <nd ref="214"/>
    <nd ref="215"/>
    <nd ref="216"/>
    <nd ref="217"/>
    <nd ref="218"/>
    <nd ref="219"/>
    <nd ref="220"/>
    <nd ref="221"/>
    <nd ref="222"/>
    <nd ref="223"/>
    <nd ref="224"/>
    <nd ref="225"/>
    <nd ref="226"/>
    <nd ref="227"/>
    <nd ref="228"/>
    <nd ref="229"/>
    <nd ref="230"/>
    <nd ref="231"/>
    <nd ref="232"/>
    <nd ref="233"/>
    <nd ref="234"/>
    <nd ref="235"/>
    <nd ref="236"/>
    <nd ref="237"/>
    <nd ref="238"/>
    <nd ref="239"/>
    <nd ref="240"/>
    <nd ref="241"/>
    <nd ref="242"/>
    <nd ref="243"/>
    <nd ref="244"/>
    <nd ref="245"/>
    <nd ref="246"/>
    <nd ref="247"/>
    <nd ref="248"/>
    <nd ref="249"/>
    <nd ref="250"/>
    <nd ref="251"/>
    <nd ref="252"/>
    <nd ref="253"/>
  </way>
  <way version="1" id="4">
    <nd ref="254"/>
    <nd ref="255"/>
    <nd ref="256"/>
    <nd ref="257"/>
    <nd ref="258"/>
    <nd ref="259"/>
    <nd ref="260"/>
    <nd ref="261"/>
    <nd ref="262"/>
    <nd ref="263"/>
    <nd ref="264"/>
    <nd ref="265"/>
    <nd ref="266"/>
    <nd ref="267"/>
    <nd ref="268"/>
    <nd ref="269"/>
    <nd ref="270"/>
    <nd ref="271"/>
    <nd ref="272"/>
    <nd ref="273"/>
    <nd ref="274"/>
    <nd ref="275"/>
    <nd ref="276"/>
    <nd ref="277"/>
    <nd ref="278"/>
    <nd ref="279"/>
    <nd ref="280"/>
    <nd ref="281"/>
    <nd ref="282"/>
    <nd ref="283"/>
    <nd ref="284"/>
    <nd ref="285"/>
    <nd ref="286"/>
    <nd ref="287"/>
    <nd ref="288"/>
    <nd ref="289"/>
    <nd ref="290"/>
    <nd ref="291"/>
    <nd ref="292"/>
    <nd ref="293"/>
    <nd ref="294"/>
    <nd ref="295"/>
    <nd ref="296"/>
    <nd ref="297"/>
    <nd ref="298"/>
    <tag k="type" v="line_thin"/>
    <tag k="subtype" v="solid"/>
  </way>
  <way version="1" id="5">
    <nd ref="299"/>
    <nd ref="300"/>
    <nd ref="301"/>
    <nd ref="302"/>
    <nd ref="303"/>
    <nd ref="304"/>
    <nd ref="305"/>
    <nd ref="306"/>
    <nd ref="307"/>
    <nd ref="308"/>
    <nd ref="309"/>
    <nd ref="310"/>
    <nd ref="311"/>
    <nd ref="312"/>
    <nd ref="313"/>
    <nd ref="314"/>
    <nd ref="315"/>
    <nd ref="316"/>
    <nd ref="317"/>
    <nd ref="318"/>
    <nd ref="319"/>
    <nd ref="320"/>
    <nd ref="321"/>
    <nd ref="322"/>
    <nd ref="323"/>
    <nd ref="324"/>
    <nd ref="325"/>
    <nd ref="326"/>
    <nd ref="327"/>
    <nd ref="328"/>
    <nd ref="329"/>
    <nd ref="330"/>
    <nd ref="331"/>
    <nd ref="332"/>
    <nd ref="333"/>
    <nd ref="334"/>
    <nd ref="335"/>
    <nd ref="336"/>
    <nd ref="337"/>
    <nd ref="338"/>
    <nd ref="339"/>
    <nd ref="340"/>
    <nd ref="341"/>
    <nd ref="342"/>
    <nd ref="343"/>
    <tag k="type" v="line_thin"/>
    <tag k="subtype" v="solid"/>
  </way>
  <way version="1" id="6">
    <nd ref="344"/>
    <nd ref="345"/>
    <nd ref="346"/>
    <nd ref="347"/>
    <nd ref="348"/>
    <nd ref="349"/>
    <nd ref="350"/>
    <nd ref="351"/>
    <nd ref="352"/>
    <nd ref="353"/>
    <nd ref="354"/>
    <nd ref="355"/>
    <nd ref="356"/>
    <nd ref="357"/>
    <nd ref="358"/>
    <nd ref="359"/>
    <nd ref="360"/>
    <nd ref="361"/>
    <nd ref="362"/>
    <nd ref="363"/>
    <nd ref="364"/>
    <nd ref="365"/>
    <nd ref="366"/>
    <nd ref="367"/>
    <nd ref="368"/>
    <nd ref="369"/>
    <nd ref="370"/>
    <nd ref="371"/>
    <nd ref="372"/>
    <nd ref="373"/>
    <nd ref="374"/>
    <nd ref="375"/>
    <nd ref="376"/>
    <nd ref="377"/>
    <nd ref="378"/>
    <nd ref="379"/>
    <nd ref="380"/>
    <nd ref="381"/>
    <nd ref="382"/>
    <nd ref="383"/>
    <nd ref="384"/>
    <nd ref="385"/>
    <nd ref="386"/>
    <nd ref="387"/>
    <nd ref="388"/>
    <nd ref="389"/>
    <nd ref="390"/>
    <nd ref="391"/>
    <nd ref="392"/>
    <nd ref="393"/>
    <nd ref="394"/>
    <nd ref="395"/>
    <nd ref="396"/>
    <nd ref="397"/>
    <nd ref="398"/>
    <nd ref="399"/>
    <nd ref="400"/>
    <nd ref="401"/>
    <nd ref="402"/>
    <nd ref="403"/>
    <nd ref="404"/>
    <nd ref="405"/>
    <nd ref="406"/>
    <nd ref="407"/>
    <nd ref="408"/>
    <nd ref="409"/>
    <nd ref="410"/>
    <nd ref="411"/>
    <nd ref="412"/>
    <nd ref="413"/>
    <nd ref="414"/>
    <nd ref="415"/>
    <nd ref="416"/>
    <nd ref="417"/>
    <nd ref="418"/>
    <nd ref="419"/>
    <nd ref="420"/>
    <nd ref="421"/>
    <nd ref="422"/>
    <nd ref="423"/>
    <nd ref="424"/>
    <nd ref="425"/>
    <nd ref="426"/>
    <nd ref="427"/>
    <nd ref="428"/>
    <nd ref="429"/>
    <nd ref="430"/>
    <nd ref="431"/>
    <nd ref="432"/>
    <nd ref="433"/>
    <nd ref="434"/>
    <nd ref="435"/>
    <nd ref="436"/>
    <nd ref="437"/>
    <nd ref="438"/>
    <nd ref="439"/>
    <nd ref="440"/>
    <nd ref="441"/>
    <nd ref="442"/>
    <nd ref="443"/>
    <nd ref="444"/>
    <nd ref="445"/>
    <nd ref="446"/>
    <nd ref="447"/>
    <nd ref="448"/>
    <nd ref="449"/>
    <nd ref="450"/>
    <nd ref="451"/>
    <nd ref="452"/>
    <nd ref="453"/>
    <nd ref="454"/>
    <nd ref="455"/>
    <nd ref="456"/>
    <nd ref="457"/>
    <nd ref="458"/>
    <nd ref="459"/>
    <nd ref="460"/>
    <nd ref="461"/>
    <nd ref="462"/>
    <nd ref="463"/>
    <nd ref="464"/>
    <nd ref="465"/>
    <nd ref="466"/>
    <nd ref="467"/>
    <nd ref="468"/>
    <nd ref="469"/>
    <nd ref="470"/>
    <nd ref="471"/>
    <nd ref="472"/>
    <nd ref="473"/>
    <nd ref="474"/>
    <nd ref="475"/>
    <nd ref="476"/>
    <nd ref="477"/>
    <nd ref="478"/>
    <nd ref="479"/>
    <nd ref="480"/>
    <nd ref="481"/>
    <nd ref="482"/>
    <nd ref="483"/>
    <nd ref="484"/>
    <nd ref="485"/>
    <nd ref="486"/>
    <nd ref="487"/>
    <nd ref="488"/>
    <nd ref="489"/>
    <nd ref="490"/>
    <nd ref="491"/>
    <nd ref="492"/>
    <nd ref="493"/>
    <nd ref="494"/>
    <nd ref="495"/>
    <nd ref="496"/>
    <nd ref="497"/>
    <nd ref="498"/>
    <nd ref="499"/>
    <nd ref="500"/>
    <nd ref="501"/>
    <nd ref="502"/>
    <nd ref="503"/>
    <nd ref="504"/>
    <nd ref="505"/>
    <nd ref="506"/>
    <nd ref="507"/>
    <nd ref="508"/>
    <nd ref="509"/>
    <nd ref="510"/>
    <nd ref="511"/>
    <nd ref="512"/>
    <nd ref="513"/>
    <nd ref="514"/>
    <nd ref="515"/>
    <nd ref="516"/>
    <nd ref="517"/>
    <nd ref="518"/>
    <nd ref="519"/>
    <nd ref="520"/>
    <nd ref="521"/>
    <nd ref="522"/>
    <nd ref="523"/>
    <nd ref="524"/>
    <nd ref="525"/>
    <nd ref="526"/>
    <nd ref="527"/>
    <nd ref="528"/>
    <nd ref="529"/>
    <nd ref="530"/>
    <nd ref="531"/>
    <nd ref="532"/>
    <nd ref="533"/>
    <nd ref="534"/>
    <nd ref="535"/>
    <nd ref="536"/>
    <nd ref="537"/>
    <nd ref="538"/>
    <nd ref="539"/>
    <nd ref="540"/>
    <nd ref="541"/>
    <nd ref="542"/>
    <nd ref="543"/>
    <nd ref="544"/>
    <nd ref="545"/>
    <nd ref="546"/>
    <nd ref="547"/>
    <nd ref="548"/>
    <nd ref="549"/>
    <nd ref="550"/>
    <nd ref="551"/>
    <nd ref="552"/>
    <nd ref="553"/>
    <nd ref="554"/>
    <nd ref="555"/>
    <nd ref="556"/>
    <nd ref="557"/>
    <nd ref="558"/>
    <nd ref="559"/>
    <nd ref="560"/>
    <nd ref="561"/>
    <nd ref="562"/>
    <nd ref="563"/>
    <nd ref="564"/>
    <nd ref="565"/>
    <nd ref="566"/>
    <nd ref="567"/>
    <nd ref="568"/>
    <nd ref="569"/>
    <nd ref="570"/>
    <nd ref="571"/>
    <nd ref="572"/>
    <nd ref="573"/>
    <nd ref="574"/>
    <nd ref="575"/>
    <nd ref="576"/>
    <nd ref="577"/>
    <nd ref="578"/>
    <nd ref="579"/>
    <nd ref="580"/>
    <nd ref="581"/>
    <nd ref="582"/>
    <nd ref="583"/>
    <nd ref="584"/>
    <nd ref="585"/>
    <nd ref="586"/>
    <nd ref="587"/>
    <nd ref="588"/>
    <nd ref="589"/>
    <nd ref="590"/>
    <nd ref="591"/>
    <nd ref="592"/>
    <nd ref="593"/>
    <nd ref="594"/>
    <nd ref="595"/>
    <nd ref="596"/>
    <nd ref="597"/>
    <nd ref="598"/>
    <nd ref="599"/>
    <nd ref="600"/>
    <nd ref="601"/>
    <nd ref="602"/>
    <nd ref="603"/>
    <nd ref="604"/>
    <nd ref="605"/>
    <nd ref="606"/>
    <nd ref="607"/>
    <nd ref="608"/>
    <nd ref="609"/>
    <nd ref="610"/>
    <nd ref="611"/>
    <nd ref="612"/>
    <nd ref="613"/>
    <nd ref="614"/>
    <nd ref="615"/>
    <nd ref="616"/>
    <nd ref="617"/>
  </way>
  <way version="1" id="7">
    <nd ref="618"/>
    <nd ref="619"/>
    <nd ref="620"/>
    <nd ref="621"/>
    <nd ref="622"/>
    <nd ref="623"/>
    <nd ref="624"/>
    <nd ref="625"/>
    <tag k="type" v="line_thin"/>
    <tag k="subtype" v="solid"/>
  </way>
  <way version="1" id="8">
    <nd ref="626"/>
    <nd ref="627"/>
    <nd ref="628"/>
    <nd ref="629"/>
    <nd ref="630"/>
    <nd ref="631"/>
    <nd ref="632"/>
    <nd ref="633"/>
    <nd ref="634"/>
    <nd ref="71"/>
    <tag k="type" v="line_thin"/>
    <tag k="subtype" v="solid"/>
  </way>
  <way version="1" id="9">
    <nd ref="635"/>
    <nd ref="636"/>
    <nd ref="637"/>
    <nd ref="638"/>
    <nd ref="639"/>
    <nd ref="640"/>
    <nd ref="641"/>
    <nd ref="642"/>
    <nd ref="643"/>
    <nd ref="644"/>
    <nd ref="645"/>
    <nd ref="646"/>
    <nd ref="647"/>
    <nd ref="648"/>
    <nd ref="649"/>
    <nd ref="650"/>
    <nd ref="651"/>
    <nd ref="652"/>
    <nd ref="653"/>
  </way>
  <way version="1" id="10">
    <nd ref="654"/>
    <nd ref="655"/>
    <nd ref="656"/>
    <nd ref="657"/>
    <nd ref="658"/>
    <nd ref="659"/>
    <nd ref="660"/>
    <nd ref="661"/>
    <nd ref="662"/>
    <nd ref="663"/>
    <nd ref="664"/>
    <nd ref="665"/>
    <nd ref="666"/>
    <nd ref="667"/>
    <nd ref="668"/>
    <nd ref="669"/>
    <tag k="type" v="line_thin"/>
    <tag k="subtype" v="solid"/>
  </way>
  <way version="1" id="11">
    <nd ref="670"/>
    <nd ref="671"/>
    <nd ref="672"/>
    <nd ref="673"/>
    <nd ref="674"/>
    <nd ref="675"/>
    <nd ref="676"/>
    <nd ref="677"/>
    <nd ref="678"/>
    <nd ref="679"/>
    <nd ref="680"/>
    <nd ref="681"/>
    <nd ref="682"/>
    <nd ref="683"/>
    <nd ref="626"/>
    <tag k="type" v="line_thin"/>
    <tag k="subtype" v="solid"/>
  </way>
  <way version="1" id="12">
    <nd ref="653"/>
    <nd ref="684"/>
    <nd ref="685"/>
    <nd ref="686"/>
    <nd ref="687"/>
    <nd ref="688"/>
    <nd ref="689"/>
    <nd ref="690"/>
    <nd ref="691"/>
    <nd ref="692"/>
    <nd ref="693"/>
    <nd ref="694"/>
    <nd ref="695"/>
    <nd ref="696"/>
    <nd ref="697"/>
    <nd ref="698"/>
    <nd ref="699"/>
    <nd ref="700"/>
    <nd ref="701"/>
    <nd ref="702"/>
    <nd ref="703"/>
    <nd ref="704"/>
    <nd ref="705"/>
    <nd ref="706"/>
    <nd ref="707"/>
    <nd ref="708"/>
    <nd ref="709"/>
    <nd ref="710"/>
    <nd ref="711"/>
    <nd ref="712"/>
    <nd ref="713"/>
    <nd ref="714"/>
    <nd ref="715"/>
  </way>
  <way version="1" id="13">
    <nd ref="669"/>
    <nd ref="716"/>
    <nd ref="717"/>
    <nd ref="718"/>
    <nd ref="719"/>
    <nd ref="720"/>
    <nd ref="721"/>
    <nd ref="722"/>
    <nd ref="723"/>
    <tag k="type" v="line_thin"/>
    <tag k="subtype" v="solid"/>
  </way>
  <way version="1" id="14">
    <nd ref="724"/>
    <nd ref="725"/>
    <nd ref="726"/>
    <nd ref="727"/>
    <nd ref="728"/>
    <nd ref="729"/>
    <nd ref="730"/>
    <nd ref="731"/>
    <nd ref="732"/>
    <nd ref="733"/>
    <nd ref="734"/>
    <nd ref="735"/>
    <tag k="type" v="line_thin"/>
    <tag k="subtype" v="solid"/>
  </way>
  <way version="1" id="15">
    <nd ref="736"/>
    <nd ref="737"/>
    <nd ref="738"/>
    <nd ref="739"/>
    <nd ref="740"/>
    <nd ref="741"/>
    <nd ref="742"/>
    <nd ref="743"/>
    <nd ref="744"/>
    <nd ref="745"/>
    <nd ref="746"/>
    <nd ref="747"/>
    <nd ref="748"/>
    <nd ref="749"/>
    <nd ref="750"/>
    <nd ref="751"/>
    <nd ref="752"/>
    <nd ref="753"/>
    <nd ref="754"/>
    <nd ref="755"/>
    <nd ref="756"/>
    <nd ref="757"/>
    <nd ref="758"/>
    <nd ref="759"/>
    <nd ref="760"/>
    <nd ref="761"/>
    <nd ref="762"/>
    <nd ref="763"/>
    <nd ref="764"/>
    <nd ref="765"/>
    <nd ref="766"/>
  </way>
  <way version="1" id="16">
    <nd ref="767"/>
    <nd ref="768"/>
    <nd ref="769"/>
    <nd ref="770"/>
    <nd ref="771"/>
    <nd ref="772"/>
    <nd ref="773"/>
    <nd ref="774"/>
    <nd ref="775"/>
    <nd ref="776"/>
    <nd ref="777"/>
    <nd ref="778"/>
    <nd ref="779"/>
    <nd ref="780"/>
    <nd ref="781"/>
    <nd ref="782"/>
    <nd ref="783"/>
    <nd ref="784"/>
    <nd ref="785"/>
    <nd ref="786"/>
    <nd ref="787"/>
    <nd ref="788"/>
    <nd ref="789"/>
    <nd ref="790"/>
    <nd ref="791"/>
    <nd ref="792"/>
    <nd ref="793"/>
    <nd ref="794"/>
    <nd ref="795"/>
    <nd ref="796"/>
    <nd ref="797"/>
    <nd ref="798"/>
    <nd ref="799"/>
    <nd ref="800"/>
    <nd ref="801"/>
    <nd ref="802"/>
    <nd ref="803"/>
    <nd ref="804"/>
    <nd ref="805"/>
    <nd ref="806"/>
    <nd ref="807"/>
    <nd ref="808"/>
    <nd ref="809"/>
    <nd ref="810"/>
    <nd ref="811"/>
    <nd ref="812"/>
    <nd ref="813"/>
    <nd ref="814"/>
    <nd ref="815"/>
    <nd ref="816"/>
    <nd ref="817"/>
    <nd ref="818"/>
    <nd ref="819"/>
    <nd ref="820"/>
    <nd ref="821"/>
    <nd ref="822"/>
    <nd ref="823"/>
    <nd ref="824"/>
    <nd ref="825"/>
    <nd ref="826"/>
    <nd ref="827"/>
    <nd ref="828"/>
    <nd ref="829"/>
    <nd ref="830"/>
    <nd ref="831"/>
    <nd ref="832"/>
    <nd ref="833"/>
    <nd ref="834"/>
    <nd ref="835"/>
    <nd ref="836"/>
    <nd ref="837"/>
    <nd ref="838"/>
    <nd ref="839"/>
    <nd ref="840"/>
    <nd ref="841"/>
    <nd ref="842"/>
    <nd ref="843"/>
    <tag k="type" v="line_thin"/>
    <tag k="subtype" v="solid"/>
  </way>
  <way version="1" id="17">
    <nd ref="844"/>
    <nd ref="845"/>
    <nd ref="846"/>
    <nd ref="847"/>
    <nd ref="848"/>
    <nd ref="849"/>
    <nd ref="850"/>
    <nd ref="851"/>
    <nd ref="852"/>
    <nd ref="853"/>
    <nd ref="854"/>
    <nd ref="855"/>
    <nd ref="856"/>
    <nd ref="857"/>
    <nd ref="858"/>
    <nd ref="859"/>
    <nd ref="860"/>
    <nd ref="861"/>
    <nd ref="862"/>
    <nd ref="863"/>
    <nd ref="864"/>
    <nd ref="865"/>
    <nd ref="866"/>
    <nd ref="867"/>
    <nd ref="868"/>
    <nd ref="869"/>
    <nd ref="870"/>
    <nd ref="871"/>
    <nd ref="872"/>
    <nd ref="873"/>
    <nd ref="874"/>
    <nd ref="875"/>
    <nd ref="876"/>
    <nd ref="877"/>
    <nd ref="878"/>
    <nd ref="879"/>
    <nd ref="880"/>
    <nd ref="881"/>
    <nd ref="882"/>
    <nd ref="883"/>
    <nd ref="884"/>
    <nd ref="885"/>
    <nd ref="886"/>
    <nd ref="887"/>
    <nd ref="888"/>
    <nd ref="889"/>
    <nd ref="890"/>
    <nd ref="891"/>
    <nd ref="892"/>
    <nd ref="893"/>
    <nd ref="894"/>
    <nd ref="895"/>
    <nd ref="896"/>
    <nd ref="897"/>
    <nd ref="898"/>
    <nd ref="899"/>
    <nd ref="900"/>
    <nd ref="901"/>
    <nd ref="902"/>
    <nd ref="903"/>
    <nd ref="904"/>
    <nd ref="905"/>
    <nd ref="906"/>
    <nd ref="907"/>
    <nd ref="908"/>
    <nd ref="909"/>
    <nd ref="910"/>
    <nd ref="911"/>
    <nd ref="912"/>
    <nd ref="913"/>
    <nd ref="914"/>
    <nd ref="915"/>
    <nd ref="916"/>
    <nd ref="917"/>
    <nd ref="918"/>
    <nd ref="919"/>
    <nd ref="920"/>
    <nd ref="724"/>
    <tag k="type" v="line_thin"/>
    <tag k="subtype" v="solid"/>
  </way>
  <way version="1" id="18">
    <nd ref="766"/>
    <nd ref="921"/>
    <nd ref="922"/>
    <nd ref="923"/>
    <nd ref="924"/>
    <nd ref="925"/>
    <nd ref="926"/>
    <nd ref="927"/>
    <nd ref="928"/>
    <nd ref="929"/>
    <nd ref="930"/>
    <nd ref="931"/>
    <nd ref="932"/>
    <nd ref="933"/>
    <nd ref="934"/>
    <nd ref="935"/>
    <nd ref="936"/>
    <nd ref="937"/>
    <nd ref="938"/>
    <nd ref="939"/>
    <nd ref="940"/>
    <nd ref="941"/>
    <nd ref="942"/>
    <nd ref="943"/>
    <nd ref="944"/>
    <nd ref="945"/>
    <nd ref="946"/>
    <nd ref="947"/>
    <nd ref="948"/>
    <nd ref="949"/>
    <nd ref="950"/>
    <nd ref="951"/>
    <nd ref="952"/>
    <nd ref="953"/>
    <nd ref="954"/>
    <nd ref="955"/>
    <nd ref="956"/>
    <nd ref="957"/>
    <nd ref="958"/>
    <nd ref="959"/>
    <nd ref="960"/>
    <nd ref="961"/>
    <nd ref="962"/>
    <nd ref="963"/>
    <nd ref="964"/>
    <nd ref="965"/>
    <nd ref="966"/>
    <nd ref="967"/>
    <nd ref="968"/>
    <nd ref="969"/>
    <nd ref="970"/>
    <nd ref="971"/>
    <nd ref="972"/>
    <nd ref="973"/>
    <nd ref="974"/>
    <nd ref="975"/>
    <nd ref="976"/>
    <nd ref="977"/>
    <nd ref="978"/>
    <nd ref="979"/>
    <nd ref="980"/>
    <nd ref="981"/>
    <nd ref="982"/>
    <nd ref="983"/>
    <nd ref="984"/>
    <nd ref="985"/>
    <nd ref="986"/>
    <nd ref="987"/>
    <nd ref="988"/>
    <nd ref="989"/>
    <nd ref="990"/>
    <nd ref="991"/>
    <nd ref="992"/>
    <nd ref="993"/>
    <nd ref="994"/>
    <nd ref="995"/>
    <nd ref="996"/>
    <nd ref="997"/>
    <nd ref="998"/>
    <nd ref="999"/>
    <nd ref="1000"/>
    <nd ref="1001"/>
    <nd ref="1002"/>
    <nd ref="1003"/>
    <nd ref="1004"/>
    <nd ref="1005"/>
    <nd ref="1006"/>
    <nd ref="1007"/>
    <nd ref="1008"/>
    <nd ref="1009"/>
    <nd ref="1010"/>
    <nd ref="1011"/>
    <nd ref="1012"/>
    <nd ref="1013"/>
    <nd ref="1014"/>
    <nd ref="1015"/>
    <nd ref="1016"/>
    <nd ref="1017"/>
    <nd ref="1018"/>
    <nd ref="1019"/>
    <nd ref="1020"/>
    <nd ref="1021"/>
    <nd ref="1022"/>
    <nd ref="1023"/>
    <nd ref="1024"/>
    <nd ref="1025"/>
    <nd ref="1026"/>
    <nd ref="1027"/>
    <nd ref="1028"/>
    <nd ref="1029"/>
    <nd ref="1030"/>
    <nd ref="1031"/>
    <nd ref="1032"/>
    <nd ref="1033"/>
    <nd ref="1034"/>
    <nd ref="1035"/>
    <nd ref="1036"/>
    <nd ref="1037"/>
    <nd ref="1038"/>
    <nd ref="1039"/>
    <nd ref="1040"/>
    <nd ref="1041"/>
    <nd ref="1042"/>
    <nd ref="1043"/>
    <nd ref="1044"/>
    <nd ref="1045"/>
    <nd ref="1046"/>
    <nd ref="1047"/>
    <nd ref="1048"/>
    <nd ref="1049"/>
    <nd ref="1050"/>
    <nd ref="1051"/>
    <nd ref="1052"/>
    <nd ref="1053"/>
    <nd ref="1054"/>
    <nd ref="1055"/>
    <nd ref="1056"/>
    <nd ref="1057"/>
    <nd ref="1058"/>
    <nd ref="1059"/>
    <nd ref="1060"/>
    <nd ref="1061"/>
    <nd ref="1062"/>
    <nd ref="1063"/>
    <nd ref="1064"/>
    <nd ref="1065"/>
    <nd ref="1066"/>
    <nd ref="1067"/>
    <nd ref="1068"/>
    <nd ref="1069"/>
    <nd ref="1070"/>
    <nd ref="1071"/>
    <nd ref="1072"/>
    <nd ref="1073"/>
    <nd ref="1074"/>
    <nd ref="1075"/>
    <nd ref="1076"/>
    <nd ref="1077"/>
    <nd ref="1078"/>
    <nd ref="1079"/>
    <nd ref="1080"/>
    <nd ref="1081"/>
    <nd ref="1082"/>
    <nd ref="1083"/>
    <nd ref="1084"/>
    <nd ref="1085"/>
    <nd ref="1086"/>
    <nd ref="1087"/>
    <nd ref="1088"/>
    <nd ref="1089"/>
    <nd ref="1090"/>
    <nd ref="1091"/>
    <nd ref="1092"/>
    <nd ref="1093"/>
    <nd ref="1094"/>
    <nd ref="1095"/>
    <nd ref="1096"/>
    <nd ref="1097"/>
    <nd ref="1098"/>
    <nd ref="1099"/>
    <nd ref="1100"/>
    <nd ref="1101"/>
    <nd ref="1102"/>
    <nd ref="1103"/>
    <nd ref="1104"/>
    <nd ref="1105"/>
    <nd ref="1106"/>
    <nd ref="1107"/>
    <nd ref="1108"/>
    <nd ref="1109"/>
  </way>
  <way version="1" id="19">
    <nd ref="843"/>
    <nd ref="1110"/>
    <nd ref="1111"/>
    <nd ref="1112"/>
    <nd ref="1113"/>
    <nd ref="1114"/>
    <nd ref="1115"/>
    <nd ref="1116"/>
    <nd ref="1117"/>
    <nd ref="1118"/>
    <nd ref="1119"/>
    <nd ref="1120"/>
    <nd ref="1121"/>
    <nd ref="1122"/>
    <nd ref="1123"/>
    <nd ref="1124"/>
    <nd ref="1125"/>
    <nd ref="1126"/>
    <nd ref="1127"/>
    <nd ref="1128"/>
    <nd ref="1129"/>
    <nd ref="1130"/>
    <nd ref="1131"/>
    <nd ref="1132"/>
    <nd ref="1133"/>
    <tag k="type" v="line_thin"/>
    <tag k="subtype" v="solid"/>
  </way>
  <way version="1" id="20">
    <nd ref="1134"/>
    <nd ref="1135"/>
    <nd ref="1136"/>
    <nd ref="1137"/>
    <nd ref="1138"/>
    <nd ref="1139"/>
    <nd ref="1140"/>
    <nd ref="1141"/>
    <nd ref="1142"/>
    <nd ref="1143"/>
    <nd ref="1144"/>
    <nd ref="1145"/>
    <nd ref="1146"/>
    <nd ref="1147"/>
    <nd ref="1148"/>
    <nd ref="1149"/>
    <nd ref="1150"/>
    <nd ref="1151"/>
    <nd ref="1152"/>
    <nd ref="1153"/>
    <nd ref="1154"/>
    <nd ref="1155"/>
    <nd ref="1156"/>
    <nd ref="844"/>
    <tag k="type" v="line_thin"/>
    <tag k="subtype" v="solid"/>
  </way>
  <way version="1" id="21">
    <nd ref="1109"/>
    <nd ref="1157"/>
    <nd ref="1158"/>
    <nd ref="1159"/>
    <nd ref="1160"/>
    <nd ref="1161"/>
    <nd ref="1162"/>
    <nd ref="1163"/>
    <nd ref="1164"/>
    <nd ref="1165"/>
    <nd ref="1166"/>
    <nd ref="1167"/>
    <nd ref="1168"/>
    <nd ref="1169"/>
    <nd ref="1170"/>
    <nd ref="1171"/>
    <nd ref="1172"/>
    <nd ref="1173"/>
    <nd ref="1174"/>
    <nd ref="1175"/>
    <nd ref="1176"/>
    <nd ref="1177"/>
    <nd ref="1178"/>
    <nd ref="1179"/>
    <nd ref="1180"/>
    <nd ref="1181"/>
    <nd ref="1182"/>
    <nd ref="1183"/>
    <nd ref="1184"/>
    <nd ref="1185"/>
    <nd ref="1186"/>
    <nd ref="1187"/>
    <nd ref="1188"/>
    <nd ref="1189"/>
    <nd ref="1190"/>
    <nd ref="1191"/>
    <nd ref="1192"/>
    <nd ref="1193"/>
    <nd ref="1194"/>
    <nd ref="1195"/>
    <nd ref="1196"/>
    <nd ref="1197"/>
    <nd ref="1198"/>
    <nd ref="1199"/>
    <nd ref="1200"/>
    <nd ref="1201"/>
    <nd ref="1202"/>
    <nd ref="1203"/>
    <nd ref="1204"/>
    <nd ref="1205"/>
    <nd ref="1206"/>
    <nd ref="1207"/>
    <nd ref="1208"/>
    <nd ref="1209"/>
    <nd ref="1210"/>
    <nd ref="1211"/>
    <nd ref="1212"/>
    <nd ref="1213"/>
    <nd ref="1214"/>
    <nd ref="1215"/>
    <nd ref="1216"/>
    <nd ref="1217"/>
  </way>
  <way version="1" id="22">
    <nd ref="1218"/>
    <nd ref="1219"/>
    <nd ref="1220"/>
    <nd ref="1221"/>
    <nd ref="1222"/>
    <nd ref="1223"/>
    <nd ref="1224"/>
    <nd ref="1225"/>
    <nd ref="1226"/>
    <nd ref="1227"/>
    <nd ref="1228"/>
    <nd ref="1229"/>
    <nd ref="1230"/>
    <nd ref="1231"/>
    <nd ref="1232"/>
    <tag k="type" v="line_thin"/>
    <tag k="subtype" v="solid"/>
  </way>
  <way version="1" id="23">
    <nd ref="1233"/>
    <nd ref="1234"/>
    <nd ref="1235"/>
    <nd ref="1236"/>
    <nd ref="1237"/>
    <nd ref="1238"/>
    <nd ref="1239"/>
    <nd ref="1240"/>
    <nd ref="1241"/>
    <nd ref="1242"/>
    <nd ref="1243"/>
    <nd ref="1244"/>
    <nd ref="1245"/>
    <tag k="type" v="line_thin"/>
    <tag k="subtype" v="solid"/>
  </way>
  <way version="1" id="24">
    <nd ref="1246"/>
    <nd ref="1247"/>
    <nd ref="1248"/>
    <nd ref="1249"/>
    <nd ref="1250"/>
    <nd ref="1251"/>
    <nd ref="1252"/>
    <nd ref="1253"/>
    <nd ref="1254"/>
    <nd ref="1255"/>
    <nd ref="1256"/>
    <nd ref="1257"/>
    <nd ref="1258"/>
    <nd ref="1259"/>
    <nd ref="1260"/>
    <nd ref="1261"/>
    <nd ref="1262"/>
    <nd ref="1263"/>
    <nd ref="1264"/>
    <nd ref="1265"/>
    <nd ref="1266"/>
    <nd ref="1267"/>
    <nd ref="1268"/>
    <nd ref="1269"/>
    <nd ref="1270"/>
    <nd ref="1271"/>
    <nd ref="1272"/>
    <nd ref="1273"/>
    <nd ref="1274"/>
  </way>
  <way version="1" id="25">
    <nd ref="1275"/>
    <nd ref="1276"/>
    <nd ref="1277"/>
    <nd ref="1278"/>
    <nd ref="1279"/>
    <nd ref="1280"/>
    <nd ref="1281"/>
    <nd ref="1282"/>
    <nd ref="1283"/>
    <nd ref="1284"/>
    <nd ref="1285"/>
    <nd ref="1286"/>
    <nd ref="1287"/>
    <nd ref="1288"/>
    <nd ref="1289"/>
    <nd ref="1290"/>
    <nd ref="1291"/>
    <nd ref="1292"/>
    <nd ref="1293"/>
    <nd ref="1294"/>
    <nd ref="1295"/>
    <nd ref="1296"/>
    <nd ref="1297"/>
    <nd ref="1298"/>
    <nd ref="1299"/>
    <nd ref="1300"/>
    <nd ref="1301"/>
    <nd ref="1302"/>
    <nd ref="1303"/>
    <nd ref="1304"/>
    <nd ref="1305"/>
    <nd ref="1306"/>
    <nd ref="1307"/>
    <nd ref="1308"/>
    <nd ref="1309"/>
    <nd ref="1310"/>
    <nd ref="1311"/>
    <nd ref="1312"/>
    <nd ref="1313"/>
    <nd ref="1314"/>
    <nd ref="1315"/>
    <nd ref="1316"/>
    <nd ref="1317"/>
    <nd ref="1318"/>
    <nd ref="1319"/>
    <nd ref="1320"/>
    <nd ref="1321"/>
    <nd ref="1322"/>
    <tag k="type" v="line_thin"/>
    <tag k="subtype" v="solid"/>
  </way>
  <way version="1" id="26">
    <nd ref="1323"/>
    <nd ref="1324"/>
    <nd ref="1325"/>
    <nd ref="1326"/>
    <nd ref="1327"/>
    <nd ref="1328"/>
    <nd ref="1329"/>
    <nd ref="1330"/>
    <nd ref="1331"/>
    <nd ref="1332"/>
    <nd ref="1333"/>
    <nd ref="1334"/>
    <nd ref="1335"/>
    <nd ref="1336"/>
    <nd ref="1337"/>
    <nd ref="1338"/>
    <nd ref="1339"/>
    <nd ref="1340"/>
    <nd ref="1341"/>
    <nd ref="1342"/>
    <nd ref="1343"/>
    <nd ref="1344"/>
    <nd ref="1345"/>
    <nd ref="1346"/>
    <nd ref="1347"/>
    <nd ref="1348"/>
    <nd ref="1349"/>
    <nd ref="1350"/>
    <nd ref="1351"/>
    <nd ref="1352"/>
    <nd ref="1353"/>
    <nd ref="1354"/>
    <nd ref="1355"/>
    <nd ref="1356"/>
    <nd ref="1357"/>
    <nd ref="1358"/>
    <nd ref="1359"/>
    <nd ref="1360"/>
    <nd ref="1361"/>
    <nd ref="1362"/>
    <nd ref="1363"/>
    <nd ref="1364"/>
    <nd ref="1365"/>
    <nd ref="1366"/>
    <nd ref="1367"/>
    <nd ref="1368"/>
    <nd ref="1369"/>
    <nd ref="1370"/>
    <tag k="type" v="line_thin"/>
    <tag k="subtype" v="solid"/>
  </way>
  <way version="1" id="27">
    <nd ref="1371"/>
    <nd ref="1372"/>
    <nd ref="1373"/>
    <nd ref="1374"/>
    <nd ref="1375"/>
    <nd ref="1376"/>
    <nd ref="1377"/>
    <nd ref="1378"/>
    <nd ref="1379"/>
    <nd ref="1380"/>
    <nd ref="1381"/>
    <nd ref="1382"/>
    <nd ref="1383"/>
    <nd ref="1384"/>
    <nd ref="1385"/>
    <nd ref="1386"/>
    <nd ref="1387"/>
    <nd ref="1388"/>
    <nd ref="1389"/>
    <nd ref="1390"/>
    <nd ref="1391"/>
    <nd ref="1392"/>
    <nd ref="1393"/>
    <nd ref="1394"/>
    <nd ref="1395"/>
    <nd ref="1396"/>
    <nd ref="1397"/>
    <nd ref="1398"/>
    <nd ref="1399"/>
    <nd ref="1400"/>
    <nd ref="1401"/>
    <nd ref="1402"/>
    <nd ref="1403"/>
    <nd ref="1404"/>
    <nd ref="1405"/>
    <nd ref="1406"/>
    <nd ref="1407"/>
    <nd ref="1408"/>
    <nd ref="1409"/>
    <nd ref="1410"/>
    <nd ref="1411"/>
    <nd ref="1412"/>
    <nd ref="1413"/>
    <nd ref="1414"/>
    <nd ref="1415"/>
    <nd ref="1416"/>
    <nd ref="1417"/>
    <nd ref="1418"/>
    <nd ref="1419"/>
    <nd ref="1420"/>
    <nd ref="1421"/>
    <nd ref="1422"/>
    <nd ref="1423"/>
    <nd ref="1424"/>
    <nd ref="1425"/>
    <nd ref="1426"/>
    <nd ref="1427"/>
    <nd ref="1428"/>
    <nd ref="1429"/>
    <nd ref="1430"/>
    <nd ref="1431"/>
    <nd ref="1432"/>
    <nd ref="1433"/>
    <nd ref="1434"/>
    <nd ref="1435"/>
    <nd ref="1436"/>
    <nd ref="1437"/>
    <nd ref="1438"/>
    <nd ref="1439"/>
    <nd ref="1440"/>
    <nd ref="1441"/>
    <nd ref="1442"/>
    <nd ref="1443"/>
    <nd ref="1444"/>
    <nd ref="1445"/>
    <nd ref="1446"/>
    <nd ref="1447"/>
    <nd ref="1448"/>
    <nd ref="1449"/>
    <nd ref="1450"/>
    <nd ref="1451"/>
    <nd ref="1452"/>
    <nd ref="1453"/>
    <nd ref="1454"/>
    <nd ref="1455"/>
    <nd ref="1456"/>
    <nd ref="1457"/>
    <nd ref="1458"/>
    <nd ref="1459"/>
    <nd ref="1460"/>
    <nd ref="1461"/>
    <nd ref="1462"/>
    <nd ref="1463"/>
    <nd ref="1464"/>
    <nd ref="1465"/>
    <nd ref="1466"/>
    <nd ref="1467"/>
    <nd ref="1468"/>
    <nd ref="1469"/>
    <nd ref="1470"/>
    <nd ref="1471"/>
    <nd ref="1472"/>
    <nd ref="1473"/>
    <nd ref="1474"/>
    <nd ref="1475"/>
    <nd ref="1476"/>
    <nd ref="1477"/>
    <nd ref="1478"/>
    <nd ref="1479"/>
    <nd ref="1480"/>
    <nd ref="1481"/>
    <nd ref="1482"/>
    <nd ref="1483"/>
    <nd ref="1484"/>
    <nd ref="1485"/>
    <nd ref="1486"/>
    <nd ref="1487"/>
    <nd ref="1488"/>
    <nd ref="1489"/>
    <nd ref="1490"/>
    <nd ref="1491"/>
    <nd ref="1492"/>
    <nd ref="1493"/>
    <nd ref="1494"/>
    <nd ref="1495"/>
    <nd ref="1496"/>
  </way>
  <way version="1" id="28">
    <nd ref="1322"/>
    <nd ref="1497"/>
    <nd ref="1498"/>
    <nd ref="1499"/>
    <nd ref="1500"/>
    <nd ref="1501"/>
    <nd ref="1502"/>
    <nd ref="1503"/>
    <nd ref="1504"/>
    <nd ref="1505"/>
    <nd ref="1506"/>
    <nd ref="1507"/>
    <nd ref="1508"/>
    <nd ref="1509"/>
    <nd ref="1510"/>
    <nd ref="1511"/>
    <nd ref="1512"/>
    <nd ref="1513"/>
    <nd ref="1514"/>
    <nd ref="1515"/>
    <nd ref="1516"/>
    <tag k="type" v="line_thin"/>
    <tag k="subtype" v="solid"/>
  </way>
  <way version="1" id="29">
    <nd ref="1517"/>
    <nd ref="1518"/>
    <nd ref="1519"/>
    <nd ref="1520"/>
    <nd ref="1521"/>
    <nd ref="1522"/>
    <nd ref="1523"/>
    <nd ref="1524"/>
    <nd ref="1525"/>
    <nd ref="1526"/>
    <nd ref="1527"/>
    <nd ref="1528"/>
    <nd ref="1529"/>
    <nd ref="1530"/>
    <nd ref="1531"/>
    <nd ref="1532"/>
    <nd ref="1533"/>
    <nd ref="1534"/>
    <nd ref="1535"/>
    <nd ref="1536"/>
    <nd ref="1537"/>
    <nd ref="1538"/>
    <nd ref="1539"/>
    <nd ref="1540"/>
    <nd ref="1541"/>
    <nd ref="1542"/>
    <nd ref="1543"/>
    <nd ref="1544"/>
    <nd ref="1545"/>
    <nd ref="1546"/>
    <nd ref="1547"/>
    <nd ref="1548"/>
    <nd ref="1549"/>
    <nd ref="1550"/>
    <nd ref="1551"/>
    <nd ref="1552"/>
    <tag k="type" v="line_thin"/>
    <tag k="subtype" v="solid"/>
  </way>
  <way version="1" id="30">
    <nd ref="1553"/>
    <nd ref="1554"/>
    <nd ref="1555"/>
    <nd ref="1556"/>
    <nd ref="1557"/>
    <nd ref="1558"/>
    <nd ref="1559"/>
    <nd ref="1560"/>
    <nd ref="1561"/>
    <nd ref="1562"/>
    <nd ref="1563"/>
    <nd ref="1564"/>
    <nd ref="1565"/>
    <nd ref="1566"/>
    <nd ref="1567"/>
    <nd ref="1568"/>
    <nd ref="1569"/>
    <nd ref="1570"/>
    <nd ref="1571"/>
    <nd ref="1572"/>
    <nd ref="1573"/>
    <nd ref="1574"/>
    <nd ref="1575"/>
    <nd ref="1576"/>
    <nd ref="1577"/>
    <nd ref="1578"/>
    <nd ref="1579"/>
    <nd ref="1580"/>
    <nd ref="1581"/>
    <nd ref="1582"/>
    <nd ref="1583"/>
    <nd ref="1584"/>
    <nd ref="1585"/>
    <nd ref="1586"/>
    <nd ref="1587"/>
    <nd ref="1588"/>
    <nd ref="1589"/>
    <nd ref="1590"/>
    <nd ref="1591"/>
    <nd ref="1592"/>
    <nd ref="1593"/>
    <nd ref="1594"/>
    <nd ref="1595"/>
    <nd ref="1596"/>
    <nd ref="1597"/>
    <nd ref="1598"/>
    <nd ref="1599"/>
    <nd ref="1600"/>
    <nd ref="1601"/>
    <nd ref="1602"/>
    <nd ref="1603"/>
    <nd ref="1604"/>
    <nd ref="1605"/>
    <nd ref="1606"/>
    <nd ref="1607"/>
    <nd ref="1608"/>
    <nd ref="1609"/>
    <nd ref="1610"/>
    <nd ref="1611"/>
    <nd ref="1612"/>
    <nd ref="1613"/>
    <nd ref="1614"/>
    <nd ref="1615"/>
    <nd ref="1616"/>
    <nd ref="1617"/>
    <nd ref="1618"/>
    <nd ref="1619"/>
    <nd ref="1620"/>
    <nd ref="1621"/>
    <nd ref="1622"/>
    <nd ref="1623"/>
    <nd ref="1624"/>
    <nd ref="1625"/>
    <nd ref="1626"/>
    <nd ref="1627"/>
    <nd ref="1628"/>
    <nd ref="1629"/>
    <nd ref="1630"/>
    <nd ref="1631"/>
    <nd ref="1632"/>
    <nd ref="1633"/>
    <nd ref="1634"/>
    <nd ref="1635"/>
    <nd ref="1636"/>
    <nd ref="1637"/>
    <nd ref="1638"/>
    <nd ref="1639"/>
    <nd ref="1640"/>
    <nd ref="1641"/>
    <nd ref="1642"/>
    <nd ref="1643"/>
    <nd ref="1644"/>
    <nd ref="1645"/>
    <nd ref="1646"/>
    <nd ref="1647"/>
    <nd ref="1648"/>
    <nd ref="1649"/>
    <nd ref="1650"/>
    <nd ref="1651"/>
    <nd ref="1652"/>
    <nd ref="1653"/>
    <nd ref="1654"/>
    <nd ref="1655"/>
    <nd ref="1656"/>
    <nd ref="1657"/>
    <nd ref="1658"/>
    <nd ref="1659"/>
    <nd ref="1660"/>
    <nd ref="1661"/>
    <nd ref="1662"/>
    <nd ref="1663"/>
    <nd ref="1664"/>
    <nd ref="1665"/>
    <nd ref="1666"/>
    <nd ref="1667"/>
    <nd ref="1668"/>
    <nd ref="1669"/>
    <nd ref="1670"/>
    <nd ref="1671"/>
    <nd ref="1672"/>
    <nd ref="1673"/>
    <nd ref="1674"/>
    <nd ref="1675"/>
    <nd ref="1676"/>
    <nd ref="1677"/>
    <nd ref="1678"/>
    <nd ref="1679"/>
    <nd ref="1680"/>
    <nd ref="1681"/>
  </way>
  <way version="1" id="31">
    <nd ref="1682"/>
    <nd ref="1683"/>
    <tag k="type" v="line_thin"/>
    <tag k="subtype" v="solid"/>
  </way>
  <way version="1" id="32">
    <nd ref="1682"/>
    <nd ref="1684"/>
    <tag k="type" v="line_thin"/>
    <tag k="subtype" v="solid"/>
  </way>
  <way version="1" id="33">
    <nd ref="767"/>
    <nd ref="1685"/>
    <nd ref="1686"/>
    <nd ref="1687"/>
    <nd ref="1688"/>
    <nd ref="1689"/>
    <tag k="type" v="line_thin"/>
    <tag k="subtype" v="solid"/>
  </way>
  <way version="1" id="34">
    <nd ref="1690"/>
    <nd ref="1691"/>
    <nd ref="1692"/>
    <nd ref="1693"/>
    <nd ref="1694"/>
    <nd ref="1695"/>
    <nd ref="1696"/>
    <nd ref="1697"/>
    <nd ref="1698"/>
    <nd ref="1699"/>
    <nd ref="1700"/>
    <nd ref="1701"/>
    <nd ref="1702"/>
    <nd ref="1703"/>
    <nd ref="1704"/>
    <nd ref="1705"/>
    <nd ref="1706"/>
    <nd ref="1707"/>
    <nd ref="1708"/>
    <nd ref="1709"/>
    <nd ref="1710"/>
    <nd ref="1711"/>
    <nd ref="1712"/>
    <nd ref="1713"/>
    <nd ref="1714"/>
    <nd ref="1715"/>
    <nd ref="1716"/>
    <nd ref="1717"/>
    <nd ref="1718"/>
    <nd ref="1719"/>
    <nd ref="1720"/>
    <nd ref="1721"/>
    <nd ref="1722"/>
    <nd ref="1723"/>
    <nd ref="1724"/>
    <nd ref="1725"/>
    <nd ref="1726"/>
    <nd ref="1727"/>
    <nd ref="1728"/>
    <nd ref="1729"/>
    <nd ref="1730"/>
    <nd ref="1731"/>
    <nd ref="1732"/>
    <nd ref="1733"/>
    <nd ref="1734"/>
    <nd ref="1735"/>
    <nd ref="1736"/>
    <nd ref="1737"/>
    <nd ref="1738"/>
    <nd ref="1739"/>
    <nd ref="1740"/>
    <nd ref="1741"/>
    <nd ref="1742"/>
    <nd ref="1743"/>
    <nd ref="1744"/>
    <nd ref="1745"/>
    <nd ref="1746"/>
    <nd ref="1747"/>
    <nd ref="1748"/>
    <nd ref="1749"/>
    <nd ref="1750"/>
    <nd ref="1751"/>
    <nd ref="1752"/>
    <nd ref="1753"/>
    <nd ref="1754"/>
    <nd ref="1755"/>
    <nd ref="1756"/>
    <nd ref="1757"/>
    <nd ref="1758"/>
    <nd ref="1759"/>
    <nd ref="1760"/>
    <nd ref="1761"/>
    <nd ref="1762"/>
    <nd ref="1763"/>
    <nd ref="1764"/>
    <nd ref="1765"/>
    <nd ref="1766"/>
    <nd ref="1767"/>
    <nd ref="1768"/>
    <nd ref="1769"/>
    <nd ref="1770"/>
    <nd ref="1771"/>
    <nd ref="1772"/>
    <nd ref="1773"/>
    <nd ref="1774"/>
    <nd ref="1775"/>
    <nd ref="1776"/>
    <nd ref="1777"/>
    <nd ref="1778"/>
    <nd ref="1779"/>
    <nd ref="1780"/>
    <nd ref="1781"/>
    <nd ref="1782"/>
    <nd ref="1783"/>
    <nd ref="1784"/>
    <nd ref="1785"/>
    <nd ref="1786"/>
    <nd ref="1787"/>
    <nd ref="1788"/>
    <nd ref="1789"/>
    <nd ref="1790"/>
    <nd ref="1791"/>
    <nd ref="1792"/>
    <tag k="type" v="line_thin"/>
    <tag k="subtype" v="solid"/>
  </way>
  <way version="1" id="35">
    <nd ref="1793"/>
    <nd ref="1794"/>
    <nd ref="1795"/>
    <nd ref="1796"/>
    <nd ref="1797"/>
    <nd ref="1798"/>
    <tag k="type" v="line_thin"/>
    <tag k="subtype" v="solid"/>
  </way>
  <way version="1" id="36">
    <nd ref="1798"/>
    <nd ref="1799"/>
    <nd ref="1800"/>
    <nd ref="1801"/>
    <nd ref="1802"/>
    <tag k="type" v="line_thin"/>
    <tag k="subtype" v="solid"/>
  </way>
  <way version="1" id="37">
    <nd ref="767"/>
    <nd ref="1803"/>
    <nd ref="1804"/>
    <nd ref="1805"/>
    <nd ref="1806"/>
    <nd ref="1807"/>
    <nd ref="1808"/>
    <nd ref="1809"/>
    <nd ref="1810"/>
    <nd ref="1811"/>
    <nd ref="1812"/>
    <nd ref="1813"/>
    <nd ref="1814"/>
    <nd ref="1815"/>
    <tag k="type" v="line_thin"/>
    <tag k="subtype" v="solid"/>
  </way>
  <way version="1" id="38">
    <nd ref="70"/>
    <nd ref="618"/>
    <tag k="type" v="line_thin"/>
    <tag k="subtype" v="solid"/>
  </way>
  <way version="1" id="39">
    <nd ref="1816"/>
    <nd ref="1817"/>
    <tag k="type" v="line_thin"/>
    <tag k="subtype" v="solid"/>
  </way>
  <way version="1" id="40">
    <nd ref="1818"/>
    <nd ref="1819"/>
    <nd ref="1820"/>
    <nd ref="1821"/>
    <nd ref="1822"/>
    <nd ref="1823"/>
    <nd ref="1824"/>
    <nd ref="1825"/>
    <nd ref="1826"/>
    <nd ref="1827"/>
    <nd ref="1828"/>
    <nd ref="1829"/>
    <nd ref="1830"/>
    <tag k="type" v="line_thin"/>
    <tag k="subtype" v="solid"/>
  </way>
  <way version="1" id="41">
    <nd ref="1831"/>
    <nd ref="1832"/>
    <nd ref="1833"/>
    <nd ref="1834"/>
    <nd ref="1835"/>
    <nd ref="1836"/>
    <nd ref="1837"/>
    <nd ref="1838"/>
    <nd ref="1839"/>
    <nd ref="1840"/>
    <nd ref="1841"/>
    <nd ref="1842"/>
    <nd ref="1843"/>
    <nd ref="1844"/>
    <nd ref="1845"/>
    <tag k="type" v="line_thin"/>
    <tag k="subtype" v="solid"/>
  </way>
  <way version="1" id="42">
    <nd ref="1846"/>
    <nd ref="1847"/>
    <nd ref="1848"/>
    <nd ref="1849"/>
    <nd ref="1850"/>
    <nd ref="1851"/>
    <nd ref="1852"/>
    <nd ref="1853"/>
    <nd ref="1854"/>
    <nd ref="1855"/>
    <nd ref="1856"/>
    <nd ref="1857"/>
    <nd ref="1858"/>
    <nd ref="1859"/>
    <nd ref="1860"/>
    <nd ref="1861"/>
    <nd ref="1862"/>
    <nd ref="1863"/>
    <nd ref="1864"/>
    <tag k="type" v="line_thin"/>
    <tag k="subtype" v="solid"/>
  </way>
  <way version="1" id="43">
    <nd ref="1865"/>
    <nd ref="1866"/>
    <nd ref="1867"/>
    <nd ref="1868"/>
    <nd ref="1869"/>
    <nd ref="1870"/>
    <nd ref="1871"/>
    <nd ref="1872"/>
    <nd ref="1873"/>
    <nd ref="1874"/>
    <nd ref="1875"/>
    <nd ref="1876"/>
    <nd ref="1877"/>
    <nd ref="1878"/>
    <nd ref="1879"/>
    <nd ref="1880"/>
    <nd ref="1881"/>
    <nd ref="1882"/>
    <nd ref="1883"/>
    <nd ref="1884"/>
    <nd ref="1885"/>
    <nd ref="1886"/>
    <nd ref="1887"/>
    <nd ref="1888"/>
    <nd ref="1889"/>
    <nd ref="1890"/>
    <nd ref="1816"/>
    <tag k="type" v="line_thin"/>
    <tag k="subtype" v="solid"/>
  </way>
  <way version="1" id="44">
    <nd ref="1891"/>
    <nd ref="1892"/>
    <nd ref="1893"/>
    <nd ref="1894"/>
    <nd ref="1895"/>
    <nd ref="1896"/>
    <nd ref="1897"/>
    <nd ref="1898"/>
    <nd ref="1899"/>
    <nd ref="1900"/>
    <nd ref="1793"/>
    <tag k="type" v="line_thin"/>
    <tag k="subtype" v="solid"/>
  </way>
  <way version="1" id="45">
    <nd ref="1901"/>
    <nd ref="1902"/>
    <nd ref="1903"/>
    <nd ref="1904"/>
    <nd ref="1905"/>
    <nd ref="1906"/>
    <nd ref="1907"/>
    <nd ref="1908"/>
    <nd ref="1909"/>
    <nd ref="1910"/>
    <nd ref="1911"/>
    <nd ref="1912"/>
    <nd ref="1913"/>
    <nd ref="1914"/>
    <nd ref="1915"/>
    <nd ref="1916"/>
    <nd ref="1917"/>
    <nd ref="1918"/>
    <nd ref="1919"/>
    <nd ref="1920"/>
    <nd ref="1921"/>
    <nd ref="1922"/>
    <nd ref="1891"/>
    <tag k="type" v="line_thin"/>
    <tag k="subtype" v="solid"/>
  </way>
  <way version="1" id="46">
    <nd ref="1923"/>
    <nd ref="1924"/>
    <nd ref="1925"/>
    <nd ref="1926"/>
    <nd ref="1927"/>
    <nd ref="1928"/>
    <nd ref="1929"/>
    <nd ref="1930"/>
    <nd ref="1931"/>
    <nd ref="1901"/>
    <tag k="type" v="line_thin"/>
    <tag k="subtype" v="solid"/>
  </way>
  <way version="1" id="47">
    <nd ref="1845"/>
    <nd ref="1932"/>
    <nd ref="1933"/>
    <nd ref="1934"/>
    <nd ref="1935"/>
    <nd ref="1936"/>
    <nd ref="1937"/>
    <nd ref="1938"/>
    <nd ref="1939"/>
    <nd ref="1940"/>
    <nd ref="1846"/>
    <tag k="type" v="line_thin"/>
    <tag k="subtype" v="solid"/>
  </way>
  <way version="1" id="48">
    <nd ref="1941"/>
    <nd ref="1942"/>
    <nd ref="1943"/>
    <nd ref="1944"/>
    <nd ref="1945"/>
    <nd ref="1946"/>
    <nd ref="1947"/>
    <nd ref="1948"/>
    <nd ref="1949"/>
    <nd ref="1950"/>
    <tag k="type" v="line_thin"/>
    <tag k="subtype" v="solid"/>
  </way>
  <way version="1" id="49">
    <nd ref="1951"/>
    <nd ref="1950"/>
    <nd ref="1949"/>
    <nd ref="1948"/>
    <nd ref="1947"/>
    <nd ref="1946"/>
    <nd ref="1945"/>
    <nd ref="1944"/>
    <nd ref="1943"/>
    <nd ref="1942"/>
    <tag k="type" v="line_thin"/>
    <tag k="subtype" v="solid"/>
  </way>
  <way version="1" id="50">
    <nd ref="1950"/>
    <nd ref="1951"/>
    <tag k="type" v="line_thin"/>
    <tag k="subtype" v="solid"/>
  </way>
  <way version="1" id="51">
    <nd ref="1942"/>
    <nd ref="1941"/>
    <tag k="type" v="line_thin"/>
    <tag k="subtype" v="solid"/>
  </way>
  <way version="1" id="52">
    <nd ref="1952"/>
    <nd ref="1953"/>
    <nd ref="1954"/>
    <nd ref="1955"/>
    <nd ref="1956"/>
    <nd ref="1957"/>
    <nd ref="1958"/>
    <nd ref="1959"/>
    <nd ref="1960"/>
    <nd ref="1961"/>
    <nd ref="1962"/>
    <nd ref="1963"/>
    <nd ref="1964"/>
    <nd ref="1965"/>
    <nd ref="1966"/>
    <nd ref="1967"/>
    <nd ref="1968"/>
    <nd ref="1969"/>
    <nd ref="1970"/>
    <nd ref="1971"/>
    <nd ref="1972"/>
    <nd ref="1973"/>
    <nd ref="1974"/>
    <nd ref="1975"/>
    <nd ref="1976"/>
    <nd ref="1977"/>
    <nd ref="1978"/>
    <nd ref="1979"/>
    <nd ref="1980"/>
    <nd ref="1981"/>
    <nd ref="1982"/>
    <nd ref="1983"/>
    <nd ref="1984"/>
    <nd ref="1985"/>
    <nd ref="1986"/>
    <nd ref="1987"/>
    <nd ref="1988"/>
    <nd ref="1989"/>
    <nd ref="1990"/>
    <nd ref="1991"/>
    <tag k="type" v="line_thin"/>
    <tag k="subtype" v="solid"/>
  </way>
  <way version="1" id="53">
    <nd ref="1991"/>
    <nd ref="1990"/>
    <nd ref="1989"/>
    <nd ref="1988"/>
    <nd ref="1987"/>
    <nd ref="1986"/>
    <nd ref="1985"/>
    <nd ref="1984"/>
    <nd ref="1983"/>
    <nd ref="1982"/>
    <nd ref="1981"/>
    <nd ref="1980"/>
    <nd ref="1979"/>
    <nd ref="1978"/>
    <nd ref="1977"/>
    <nd ref="1976"/>
    <nd ref="1975"/>
    <nd ref="1974"/>
    <nd ref="1973"/>
    <nd ref="1972"/>
    <nd ref="1971"/>
    <nd ref="1970"/>
    <nd ref="1969"/>
    <nd ref="1968"/>
    <nd ref="1967"/>
    <nd ref="1966"/>
    <nd ref="1965"/>
    <nd ref="1964"/>
    <nd ref="1963"/>
    <nd ref="1962"/>
    <nd ref="1960"/>
    <nd ref="1959"/>
    <nd ref="1958"/>
    <nd ref="1957"/>
    <nd ref="1956"/>
    <nd ref="1955"/>
    <nd ref="1954"/>
    <tag k="type" v="line_thin"/>
    <tag k="subtype" v="solid"/>
  </way>
  <way version="1" id="54">
    <nd ref="1954"/>
    <nd ref="1953"/>
    <nd ref="1952"/>
    <tag k="type" v="line_thin"/>
    <tag k="subtype" v="solid"/>
  </way>
  <way version="1" id="55">
    <nd ref="1802"/>
    <nd ref="1992"/>
    <nd ref="1993"/>
    <nd ref="1994"/>
    <nd ref="1995"/>
    <nd ref="1996"/>
    <nd ref="1997"/>
    <nd ref="1998"/>
    <nd ref="1999"/>
    <nd ref="2000"/>
    <nd ref="2001"/>
    <nd ref="2002"/>
    <nd ref="2003"/>
    <nd ref="2004"/>
    <nd ref="2005"/>
    <nd ref="2006"/>
    <nd ref="2007"/>
    <nd ref="2008"/>
    <nd ref="2009"/>
    <nd ref="2010"/>
    <nd ref="2011"/>
    <nd ref="2012"/>
    <nd ref="2013"/>
    <nd ref="2014"/>
    <nd ref="2015"/>
    <nd ref="2016"/>
    <nd ref="2017"/>
    <nd ref="2018"/>
    <nd ref="2019"/>
    <nd ref="2020"/>
    <nd ref="2021"/>
    <nd ref="2022"/>
    <nd ref="2023"/>
    <nd ref="2024"/>
    <nd ref="2025"/>
    <nd ref="2026"/>
    <nd ref="2027"/>
    <nd ref="2028"/>
    <nd ref="2029"/>
    <nd ref="2030"/>
    <nd ref="2031"/>
    <nd ref="2032"/>
    <nd ref="2033"/>
    <tag k="type" v="line_thin"/>
    <tag k="subtype" v="solid"/>
  </way>
  <way version="1" id="56">
    <nd ref="2033"/>
    <nd ref="2034"/>
    <tag k="type" v="line_thin"/>
    <tag k="subtype" v="solid"/>
  </way>
  <way version="1" id="57">
    <nd ref="2035"/>
    <nd ref="2036"/>
    <nd ref="2037"/>
    <nd ref="2038"/>
    <nd ref="2039"/>
    <nd ref="2040"/>
    <nd ref="2041"/>
    <nd ref="2042"/>
    <nd ref="2043"/>
    <nd ref="2044"/>
    <nd ref="2045"/>
    <nd ref="2046"/>
    <nd ref="2047"/>
    <nd ref="2048"/>
    <nd ref="2049"/>
    <nd ref="2050"/>
    <nd ref="2051"/>
    <nd ref="2052"/>
    <nd ref="2053"/>
    <nd ref="2054"/>
    <nd ref="2055"/>
    <nd ref="2056"/>
    <nd ref="2057"/>
    <nd ref="2058"/>
    <nd ref="2059"/>
    <nd ref="2060"/>
    <nd ref="2061"/>
    <nd ref="2062"/>
    <nd ref="2063"/>
    <nd ref="2064"/>
    <nd ref="2065"/>
    <nd ref="2066"/>
    <nd ref="2067"/>
    <nd ref="2068"/>
    <nd ref="2069"/>
    <nd ref="2070"/>
    <nd ref="2071"/>
    <nd ref="2072"/>
    <nd ref="2073"/>
    <nd ref="2074"/>
    <nd ref="2075"/>
    <nd ref="2076"/>
    <nd ref="2077"/>
    <nd ref="2078"/>
    <nd ref="1818"/>
    <tag k="type" v="line_thin"/>
    <tag k="subtype" v="solid"/>
  </way>
  <way version="1" id="58">
    <nd ref="2079"/>
    <nd ref="2080"/>
    <nd ref="2081"/>
    <nd ref="2082"/>
    <nd ref="2083"/>
    <nd ref="2084"/>
    <nd ref="2085"/>
    <nd ref="2086"/>
    <nd ref="2087"/>
    <nd ref="2088"/>
    <nd ref="2089"/>
    <nd ref="2090"/>
    <nd ref="2091"/>
    <nd ref="2092"/>
    <nd ref="2093"/>
    <nd ref="2035"/>
    <tag k="type" v="line_thin"/>
    <tag k="subtype" v="solid"/>
  </way>
  <way version="1" id="59">
    <nd ref="2094"/>
    <nd ref="2095"/>
    <nd ref="2096"/>
    <tag k="type" v="line_thin"/>
    <tag k="subtype" v="solid"/>
  </way>
  <way version="1" id="60">
    <nd ref="1864"/>
    <nd ref="2097"/>
    <nd ref="2098"/>
    <nd ref="2099"/>
    <nd ref="2100"/>
    <nd ref="2101"/>
    <nd ref="2102"/>
    <nd ref="2103"/>
    <nd ref="2104"/>
    <nd ref="2105"/>
    <nd ref="2106"/>
    <nd ref="2107"/>
    <nd ref="2108"/>
    <nd ref="2109"/>
    <nd ref="2110"/>
    <nd ref="2111"/>
    <nd ref="2112"/>
    <nd ref="2113"/>
    <nd ref="2114"/>
    <nd ref="2115"/>
    <nd ref="2116"/>
    <nd ref="2117"/>
    <nd ref="2118"/>
    <nd ref="2119"/>
    <nd ref="2120"/>
    <nd ref="2121"/>
    <nd ref="2122"/>
    <nd ref="2123"/>
    <nd ref="2124"/>
    <nd ref="2125"/>
    <nd ref="2126"/>
    <nd ref="2127"/>
    <nd ref="2128"/>
    <nd ref="2129"/>
    <nd ref="2130"/>
    <nd ref="2131"/>
    <tag k="type" v="line_thin"/>
    <tag k="subtype" v="solid"/>
  </way>
  <way version="1" id="61">
    <nd ref="2132"/>
    <nd ref="2133"/>
    <nd ref="2134"/>
    <nd ref="2135"/>
    <nd ref="2136"/>
    <nd ref="2137"/>
    <nd ref="2138"/>
    <nd ref="2139"/>
    <nd ref="2140"/>
    <nd ref="2141"/>
    <nd ref="2142"/>
    <nd ref="2143"/>
    <nd ref="2144"/>
    <nd ref="2145"/>
    <nd ref="2146"/>
    <nd ref="2147"/>
    <nd ref="2148"/>
    <nd ref="2149"/>
    <nd ref="2150"/>
    <nd ref="2151"/>
    <nd ref="2152"/>
    <nd ref="2153"/>
    <nd ref="2154"/>
    <nd ref="2155"/>
    <nd ref="2156"/>
    <nd ref="2157"/>
    <nd ref="2158"/>
    <nd ref="2159"/>
    <nd ref="2160"/>
    <nd ref="2161"/>
    <nd ref="2162"/>
    <nd ref="2163"/>
    <nd ref="2164"/>
    <nd ref="2165"/>
    <nd ref="2094"/>
    <tag k="type" v="line_thin"/>
    <tag k="subtype" v="solid"/>
  </way>
  <way version="1" id="62">
    <nd ref="2096"/>
    <nd ref="2095"/>
    <nd ref="2094"/>
    <nd ref="2165"/>
    <nd ref="2164"/>
    <nd ref="2163"/>
    <nd ref="2162"/>
    <nd ref="2161"/>
    <nd ref="2160"/>
    <nd ref="2159"/>
    <nd ref="2158"/>
    <nd ref="2157"/>
    <nd ref="2156"/>
    <nd ref="2155"/>
    <nd ref="2154"/>
    <nd ref="2153"/>
    <nd ref="2152"/>
    <nd ref="2151"/>
    <nd ref="2150"/>
    <nd ref="2149"/>
    <nd ref="2148"/>
    <nd ref="2147"/>
    <nd ref="2146"/>
    <nd ref="2145"/>
    <nd ref="2144"/>
    <nd ref="2143"/>
    <nd ref="2142"/>
    <nd ref="2141"/>
    <nd ref="2140"/>
    <nd ref="2139"/>
    <nd ref="2138"/>
    <nd ref="2137"/>
    <nd ref="2136"/>
    <nd ref="2135"/>
    <nd ref="2134"/>
    <tag k="type" v="line_thin"/>
    <tag k="subtype" v="solid"/>
  </way>
  <way version="1" id="63">
    <nd ref="2134"/>
    <nd ref="2133"/>
    <nd ref="2132"/>
    <tag k="type" v="line_thin"/>
    <tag k="subtype" v="solid"/>
  </way>
  <way version="1" id="64">
    <nd ref="2166"/>
    <nd ref="2167"/>
    <nd ref="2168"/>
    <nd ref="2169"/>
    <nd ref="2170"/>
    <nd ref="2171"/>
    <nd ref="2172"/>
    <nd ref="2173"/>
    <nd ref="2174"/>
    <nd ref="2175"/>
    <nd ref="2176"/>
    <nd ref="2177"/>
    <nd ref="2178"/>
    <nd ref="2179"/>
    <nd ref="2180"/>
    <nd ref="2181"/>
    <nd ref="2182"/>
    <nd ref="2183"/>
    <nd ref="2184"/>
    <nd ref="2185"/>
    <nd ref="2186"/>
    <nd ref="2187"/>
    <nd ref="2188"/>
    <nd ref="2189"/>
    <nd ref="2190"/>
    <nd ref="2191"/>
    <nd ref="2192"/>
    <nd ref="2193"/>
    <nd ref="2194"/>
    <nd ref="2195"/>
    <nd ref="2196"/>
    <nd ref="2197"/>
    <nd ref="2198"/>
    <nd ref="2199"/>
    <nd ref="2200"/>
    <nd ref="2201"/>
    <nd ref="2202"/>
    <nd ref="2203"/>
    <nd ref="2079"/>
    <tag k="type" v="line_thin"/>
    <tag k="subtype" v="solid"/>
  </way>
  <way version="1" id="65">
    <nd ref="2204"/>
    <nd ref="2205"/>
    <nd ref="2206"/>
    <nd ref="2207"/>
    <nd ref="2208"/>
    <nd ref="2209"/>
    <nd ref="2210"/>
    <nd ref="2211"/>
    <nd ref="2212"/>
    <nd ref="2213"/>
    <nd ref="2214"/>
    <tag k="type" v="line_thin"/>
    <tag k="subtype" v="solid"/>
  </way>
  <way version="1" id="66">
    <nd ref="2131"/>
    <nd ref="2215"/>
    <nd ref="2216"/>
    <nd ref="2217"/>
    <nd ref="2218"/>
    <nd ref="2219"/>
    <nd ref="2220"/>
    <nd ref="2221"/>
    <nd ref="2222"/>
    <nd ref="2223"/>
    <nd ref="2224"/>
    <nd ref="2225"/>
    <nd ref="2226"/>
    <nd ref="2227"/>
    <nd ref="2228"/>
    <nd ref="2229"/>
    <nd ref="2230"/>
    <nd ref="2231"/>
    <nd ref="2232"/>
    <nd ref="2233"/>
    <tag k="type" v="line_thin"/>
    <tag k="subtype" v="solid"/>
  </way>
  <way version="1" id="67">
    <nd ref="2214"/>
    <nd ref="2234"/>
    <tag k="type" v="line_thin"/>
    <tag k="subtype" v="solid"/>
  </way>
  <way version="1" id="68">
    <nd ref="2233"/>
    <nd ref="2235"/>
    <nd ref="2236"/>
    <nd ref="2237"/>
    <nd ref="2238"/>
    <nd ref="2239"/>
    <nd ref="2240"/>
    <nd ref="2241"/>
    <nd ref="1831"/>
    <tag k="type" v="line_thin"/>
    <tag k="subtype" v="solid"/>
  </way>
  <way version="1" id="69">
    <nd ref="2242"/>
    <nd ref="2243"/>
    <nd ref="2244"/>
    <nd ref="2245"/>
    <nd ref="2246"/>
    <nd ref="2247"/>
    <nd ref="2248"/>
    <nd ref="2249"/>
    <nd ref="2250"/>
    <tag k="type" v="line_thin"/>
    <tag k="subtype" v="solid"/>
  </way>
  <way version="1" id="70">
    <nd ref="2250"/>
    <nd ref="2251"/>
    <tag k="type" v="line_thin"/>
    <tag k="subtype" v="solid"/>
  </way>
  <way version="1" id="71">
    <nd ref="2252"/>
    <nd ref="2253"/>
    <tag k="type" v="line_thin"/>
    <tag k="subtype" v="solid"/>
  </way>
  <way version="1" id="72">
    <nd ref="2254"/>
    <nd ref="2255"/>
    <nd ref="2256"/>
    <nd ref="2257"/>
    <nd ref="2258"/>
    <nd ref="2259"/>
    <nd ref="2260"/>
    <nd ref="2261"/>
    <nd ref="2252"/>
    <tag k="type" v="line_thin"/>
    <tag k="subtype" v="solid"/>
  </way>
  <way version="1" id="73">
    <nd ref="2253"/>
    <nd ref="2252"/>
    <nd ref="2261"/>
    <nd ref="2260"/>
    <nd ref="2259"/>
    <nd ref="2258"/>
    <nd ref="2257"/>
    <nd ref="2256"/>
    <tag k="type" v="line_thin"/>
    <tag k="subtype" v="solid"/>
  </way>
  <way version="1" id="74">
    <nd ref="2256"/>
    <nd ref="2255"/>
    <nd ref="2254"/>
    <tag k="type" v="line_thin"/>
    <tag k="subtype" v="solid"/>
  </way>
  <way version="1" id="75">
    <nd ref="2262"/>
    <nd ref="2263"/>
    <nd ref="2264"/>
    <nd ref="2265"/>
    <nd ref="2266"/>
    <nd ref="2267"/>
    <nd ref="2268"/>
    <nd ref="2269"/>
    <nd ref="2270"/>
    <nd ref="2271"/>
    <nd ref="2272"/>
    <tag k="type" v="line_thin"/>
    <tag k="subtype" v="solid"/>
  </way>
  <way version="1" id="76">
    <nd ref="2272"/>
    <nd ref="2273"/>
    <nd ref="2274"/>
    <tag k="type" v="line_thin"/>
    <tag k="subtype" v="solid"/>
  </way>
  <way version="1" id="77">
    <nd ref="2275"/>
    <nd ref="2276"/>
    <nd ref="2277"/>
    <nd ref="2278"/>
    <nd ref="2279"/>
    <nd ref="2280"/>
    <nd ref="2281"/>
    <nd ref="2282"/>
    <nd ref="2283"/>
    <nd ref="2284"/>
    <nd ref="2285"/>
    <nd ref="2286"/>
    <nd ref="2287"/>
    <tag k="type" v="line_thin"/>
    <tag k="subtype" v="solid"/>
  </way>
  <way version="1" id="78">
    <nd ref="2288"/>
    <nd ref="2289"/>
    <nd ref="2290"/>
    <nd ref="2291"/>
    <nd ref="2292"/>
    <nd ref="2293"/>
    <nd ref="2294"/>
    <nd ref="2295"/>
    <nd ref="2296"/>
    <nd ref="2297"/>
    <nd ref="2298"/>
    <tag k="type" v="line_thin"/>
    <tag k="subtype" v="solid"/>
  </way>
  <way version="1" id="79">
    <nd ref="2299"/>
    <nd ref="2300"/>
    <nd ref="2301"/>
    <nd ref="2302"/>
    <nd ref="2303"/>
    <nd ref="2304"/>
    <nd ref="2305"/>
    <nd ref="2306"/>
    <nd ref="2307"/>
    <nd ref="2308"/>
    <nd ref="2309"/>
    <nd ref="2310"/>
    <tag k="type" v="line_thin"/>
    <tag k="subtype" v="solid"/>
  </way>
  <way version="1" id="80">
    <nd ref="2311"/>
    <nd ref="2312"/>
    <nd ref="2313"/>
    <nd ref="2314"/>
    <nd ref="2315"/>
    <nd ref="2316"/>
    <nd ref="2317"/>
    <nd ref="2318"/>
    <nd ref="2319"/>
    <nd ref="2320"/>
    <nd ref="2321"/>
    <nd ref="2322"/>
    <nd ref="2323"/>
    <tag k="type" v="line_thin"/>
    <tag k="subtype" v="solid"/>
  </way>
  <way version="1" id="81">
    <nd ref="2324"/>
    <nd ref="2325"/>
    <tag k="type" v="line_thin"/>
    <tag k="subtype" v="solid"/>
  </way>
  <way version="1" id="82">
    <nd ref="2326"/>
    <nd ref="2327"/>
    <nd ref="2328"/>
    <nd ref="2329"/>
    <nd ref="2330"/>
    <nd ref="2331"/>
    <nd ref="2332"/>
    <nd ref="2333"/>
    <nd ref="2334"/>
    <nd ref="2335"/>
    <nd ref="2336"/>
    <nd ref="2337"/>
    <nd ref="2338"/>
    <nd ref="2339"/>
    <nd ref="2340"/>
    <nd ref="2341"/>
    <nd ref="2342"/>
    <nd ref="2343"/>
    <nd ref="2344"/>
    <nd ref="2345"/>
    <nd ref="2346"/>
    <nd ref="2347"/>
    <nd ref="2348"/>
    <nd ref="2349"/>
    <nd ref="2350"/>
    <nd ref="2351"/>
    <nd ref="2352"/>
    <nd ref="2353"/>
    <nd ref="2354"/>
    <tag k="type" v="line_thin"/>
    <tag k="subtype" v="solid"/>
  </way>
  <way version="1" id="83">
    <nd ref="2355"/>
    <nd ref="2356"/>
    <nd ref="2357"/>
    <nd ref="2358"/>
    <nd ref="2359"/>
    <nd ref="2360"/>
    <nd ref="2361"/>
    <nd ref="2362"/>
    <nd ref="2363"/>
    <nd ref="2364"/>
    <nd ref="2365"/>
    <nd ref="2366"/>
    <nd ref="2367"/>
    <nd ref="2368"/>
    <nd ref="2369"/>
    <nd ref="2370"/>
    <tag k="type" v="line_thin"/>
    <tag k="subtype" v="solid"/>
  </way>
  <way version="1" id="84">
    <nd ref="2371"/>
    <nd ref="2372"/>
    <nd ref="2373"/>
    <tag k="type" v="line_thin"/>
    <tag k="subtype" v="solid"/>
  </way>
  <way version="1" id="85">
    <nd ref="2374"/>
    <nd ref="2375"/>
    <nd ref="2376"/>
    <nd ref="2377"/>
    <nd ref="2378"/>
    <nd ref="2379"/>
    <nd ref="2380"/>
    <nd ref="2381"/>
    <nd ref="2382"/>
    <nd ref="2371"/>
    <tag k="type" v="line_thin"/>
    <tag k="subtype" v="solid"/>
  </way>
  <way version="1" id="86">
    <nd ref="2383"/>
    <nd ref="2384"/>
    <nd ref="2385"/>
    <nd ref="2386"/>
    <nd ref="2387"/>
    <nd ref="2388"/>
    <nd ref="2389"/>
    <nd ref="2390"/>
    <nd ref="2391"/>
    <nd ref="2392"/>
    <nd ref="2393"/>
    <tag k="type" v="line_thin"/>
    <tag k="subtype" v="solid"/>
  </way>
  <way version="1" id="87">
    <nd ref="1815"/>
    <nd ref="2394"/>
    <nd ref="2395"/>
    <nd ref="2396"/>
    <nd ref="2397"/>
    <nd ref="2374"/>
    <tag k="type" v="line_thin"/>
    <tag k="subtype" v="solid"/>
  </way>
  <way version="1" id="88">
    <nd ref="626"/>
    <nd ref="683"/>
    <nd ref="682"/>
    <nd ref="681"/>
    <nd ref="680"/>
    <nd ref="679"/>
    <nd ref="678"/>
    <nd ref="677"/>
    <nd ref="676"/>
    <nd ref="675"/>
    <nd ref="674"/>
    <nd ref="673"/>
    <nd ref="672"/>
    <nd ref="671"/>
    <nd ref="670"/>
    <tag k="type" v="line_thin"/>
    <tag k="subtype" v="solid"/>
  </way>
  <way version="1" id="89">
    <nd ref="724"/>
    <nd ref="2398"/>
    <nd ref="2399"/>
    <nd ref="2400"/>
    <nd ref="2401"/>
    <nd ref="2402"/>
    <nd ref="2403"/>
    <nd ref="2404"/>
    <nd ref="2405"/>
    <nd ref="2406"/>
    <nd ref="2407"/>
    <nd ref="1682"/>
    <tag k="type" v="line_thin"/>
    <tag k="subtype" v="solid"/>
  </way>
  <way version="1" id="90">
    <nd ref="670"/>
    <nd ref="2408"/>
    <nd ref="2409"/>
    <nd ref="2410"/>
    <nd ref="2411"/>
    <nd ref="2412"/>
    <nd ref="1682"/>
    <tag k="type" v="line_thin"/>
    <tag k="subtype" v="solid"/>
  </way>
  <way version="1" id="91">
    <nd ref="724"/>
    <nd ref="2413"/>
    <nd ref="2414"/>
    <nd ref="2415"/>
    <nd ref="2416"/>
    <nd ref="2417"/>
    <nd ref="2418"/>
    <nd ref="2419"/>
    <nd ref="2420"/>
    <tag k="type" v="line_thin"/>
    <tag k="subtype" v="solid"/>
  </way>
  <way version="1" id="92">
    <nd ref="670"/>
    <nd ref="2421"/>
    <nd ref="2422"/>
    <nd ref="2423"/>
    <nd ref="2420"/>
    <tag k="type" v="line_thin"/>
    <tag k="subtype" v="solid"/>
  </way>
  <way version="1" id="93">
    <nd ref="1"/>
    <nd ref="2"/>
    <nd ref="3"/>
    <nd ref="4"/>
    <nd ref="5"/>
    <nd ref="6"/>
    <nd ref="7"/>
    <nd ref="8"/>
    <nd ref="9"/>
    <nd ref="10"/>
    <nd ref="11"/>
    <nd ref="12"/>
    <nd ref="13"/>
    <nd ref="14"/>
    <nd ref="15"/>
    <nd ref="16"/>
    <nd ref="17"/>
    <nd ref="18"/>
    <nd ref="19"/>
    <nd ref="20"/>
    <nd ref="21"/>
    <nd ref="22"/>
    <nd ref="23"/>
    <nd ref="24"/>
    <nd ref="25"/>
    <nd ref="26"/>
    <nd ref="27"/>
    <nd ref="28"/>
    <nd ref="29"/>
    <nd ref="30"/>
    <nd ref="31"/>
    <nd ref="32"/>
    <nd ref="33"/>
    <nd ref="34"/>
    <nd ref="35"/>
    <nd ref="36"/>
    <nd ref="37"/>
    <nd ref="38"/>
    <nd ref="39"/>
    <nd ref="40"/>
    <nd ref="41"/>
    <nd ref="42"/>
    <nd ref="43"/>
    <nd ref="44"/>
    <nd ref="45"/>
    <nd ref="46"/>
    <nd ref="47"/>
    <nd ref="48"/>
    <nd ref="49"/>
    <nd ref="50"/>
    <nd ref="51"/>
    <nd ref="52"/>
    <nd ref="53"/>
    <nd ref="54"/>
    <nd ref="55"/>
    <nd ref="56"/>
    <nd ref="57"/>
    <nd ref="58"/>
    <nd ref="59"/>
    <nd ref="60"/>
    <nd ref="61"/>
    <nd ref="62"/>
    <nd ref="63"/>
    <nd ref="64"/>
    <nd ref="65"/>
    <nd ref="66"/>
    <nd ref="67"/>
    <nd ref="68"/>
    <nd ref="69"/>
    <nd ref="70"/>
    <tag k="type" v="line_thin"/>
    <tag k="subtype" v="solid"/>
  </way>
  <way version="1" id="94">
    <nd ref="127"/>
    <nd ref="126"/>
    <nd ref="125"/>
    <nd ref="124"/>
    <nd ref="123"/>
    <nd ref="122"/>
    <nd ref="121"/>
    <nd ref="120"/>
    <nd ref="119"/>
    <nd ref="118"/>
    <nd ref="117"/>
    <nd ref="116"/>
    <nd ref="115"/>
    <nd ref="114"/>
    <nd ref="113"/>
    <nd ref="112"/>
    <nd ref="111"/>
    <nd ref="110"/>
    <nd ref="109"/>
    <nd ref="108"/>
    <nd ref="107"/>
    <nd ref="106"/>
    <nd ref="105"/>
    <nd ref="104"/>
    <nd ref="103"/>
    <nd ref="102"/>
    <nd ref="101"/>
    <nd ref="100"/>
    <nd ref="99"/>
    <nd ref="98"/>
    <nd ref="97"/>
    <nd ref="96"/>
    <nd ref="95"/>
    <nd ref="94"/>
    <nd ref="93"/>
    <nd ref="92"/>
    <nd ref="91"/>
    <nd ref="90"/>
    <nd ref="89"/>
    <nd ref="88"/>
    <nd ref="87"/>
    <nd ref="86"/>
    <nd ref="85"/>
    <nd ref="84"/>
    <nd ref="83"/>
    <nd ref="82"/>
    <nd ref="81"/>
    <nd ref="80"/>
    <nd ref="79"/>
    <nd ref="78"/>
    <nd ref="77"/>
    <nd ref="76"/>
    <nd ref="75"/>
    <nd ref="74"/>
    <nd ref="73"/>
    <nd ref="72"/>
    <nd ref="71"/>
    <tag k="type" v="line_thin"/>
    <tag k="subtype" v="solid"/>
  </way>
  <way version="1" id="95">
    <nd ref="2424"/>
    <nd ref="2425"/>
    <nd ref="2426"/>
    <nd ref="2427"/>
    <nd ref="2428"/>
    <nd ref="2429"/>
    <nd ref="2430"/>
    <nd ref="2431"/>
    <nd ref="2432"/>
    <nd ref="2433"/>
    <nd ref="2434"/>
    <nd ref="2435"/>
    <nd ref="2436"/>
    <nd ref="2437"/>
    <nd ref="2438"/>
    <nd ref="2439"/>
    <nd ref="2440"/>
    <nd ref="2441"/>
    <nd ref="2442"/>
    <nd ref="2443"/>
    <nd ref="2444"/>
    <nd ref="2445"/>
    <nd ref="2446"/>
    <nd ref="2447"/>
    <nd ref="2448"/>
    <nd ref="2449"/>
    <tag k="type" v="line_thin"/>
    <tag k="subtype" v="solid"/>
  </way>
  <way version="1" id="96">
    <nd ref="2393"/>
    <nd ref="2450"/>
    <nd ref="2451"/>
    <nd ref="2452"/>
    <nd ref="2453"/>
    <nd ref="2454"/>
    <nd ref="2455"/>
    <nd ref="2456"/>
    <nd ref="2457"/>
    <nd ref="2458"/>
    <tag k="type" v="line_thin"/>
    <tag k="subtype" v="solid"/>
  </way>
  <way version="1" id="97">
    <nd ref="2459"/>
    <nd ref="2460"/>
    <nd ref="2461"/>
    <nd ref="2462"/>
    <nd ref="2463"/>
    <nd ref="2464"/>
    <nd ref="2465"/>
    <nd ref="2466"/>
    <nd ref="2467"/>
    <nd ref="2468"/>
    <tag k="type" v="line_thin"/>
    <tag k="subtype" v="solid"/>
  </way>
  <way version="1" id="98">
    <nd ref="2469"/>
    <nd ref="2470"/>
    <nd ref="2471"/>
    <nd ref="2472"/>
    <nd ref="2473"/>
    <nd ref="2474"/>
    <nd ref="2475"/>
    <nd ref="2476"/>
    <nd ref="2477"/>
    <nd ref="2478"/>
    <tag k="type" v="line_thin"/>
    <tag k="subtype" v="solid"/>
  </way>
  <way version="1" id="99">
    <nd ref="2354"/>
    <nd ref="2479"/>
    <nd ref="2480"/>
    <nd ref="2481"/>
    <nd ref="2482"/>
    <nd ref="2483"/>
    <nd ref="2484"/>
    <nd ref="2485"/>
    <nd ref="2486"/>
    <nd ref="2487"/>
    <nd ref="2488"/>
    <nd ref="2489"/>
    <nd ref="2490"/>
    <tag k="type" v="line_thin"/>
    <tag k="subtype" v="solid"/>
  </way>
  <way version="1" id="100">
    <nd ref="2323"/>
    <nd ref="2322"/>
    <nd ref="2321"/>
    <nd ref="2320"/>
    <nd ref="2319"/>
    <nd ref="2318"/>
    <nd ref="2317"/>
    <nd ref="2316"/>
    <nd ref="2315"/>
    <nd ref="2314"/>
    <nd ref="2313"/>
    <nd ref="2312"/>
    <nd ref="2311"/>
    <tag k="type" v="line_thin"/>
    <tag k="subtype" v="solid"/>
  </way>
  <way version="1" id="101">
    <nd ref="2491"/>
    <nd ref="2492"/>
    <nd ref="2493"/>
    <nd ref="2494"/>
    <nd ref="2495"/>
    <nd ref="2496"/>
    <nd ref="2497"/>
    <nd ref="2498"/>
    <nd ref="2499"/>
    <nd ref="2500"/>
    <nd ref="2501"/>
    <nd ref="2502"/>
    <nd ref="2503"/>
    <nd ref="2504"/>
    <nd ref="2505"/>
    <nd ref="2506"/>
    <nd ref="2507"/>
    <nd ref="2508"/>
    <nd ref="2509"/>
    <nd ref="2510"/>
    <nd ref="2511"/>
    <nd ref="2512"/>
    <nd ref="2513"/>
    <nd ref="2514"/>
    <nd ref="2515"/>
    <nd ref="2516"/>
    <nd ref="2517"/>
    <nd ref="2518"/>
    <nd ref="2519"/>
    <nd ref="2520"/>
    <nd ref="2521"/>
    <nd ref="2522"/>
    <nd ref="2523"/>
    <nd ref="2524"/>
    <nd ref="2525"/>
    <nd ref="2526"/>
    <nd ref="2527"/>
    <nd ref="2528"/>
    <nd ref="2529"/>
    <nd ref="2530"/>
    <nd ref="2531"/>
    <nd ref="2532"/>
    <nd ref="2533"/>
    <tag k="type" v="line_thin"/>
    <tag k="subtype" v="solid"/>
  </way>
  <way version="1" id="102">
    <nd ref="654"/>
    <nd ref="655"/>
    <nd ref="656"/>
    <nd ref="657"/>
    <nd ref="658"/>
    <nd ref="659"/>
    <nd ref="660"/>
    <nd ref="661"/>
    <nd ref="662"/>
    <nd ref="663"/>
    <nd ref="664"/>
    <nd ref="665"/>
    <nd ref="666"/>
    <nd ref="667"/>
    <nd ref="668"/>
    <nd ref="669"/>
    <tag k="type" v="line_thin"/>
    <tag k="subtype" v="solid"/>
  </way>
  <way version="1" id="103">
    <nd ref="1830"/>
    <nd ref="2534"/>
    <nd ref="2535"/>
    <nd ref="2536"/>
    <nd ref="2537"/>
    <nd ref="2538"/>
    <nd ref="2539"/>
    <nd ref="2540"/>
    <nd ref="2541"/>
    <nd ref="2542"/>
    <nd ref="2543"/>
    <nd ref="2544"/>
    <nd ref="2545"/>
    <nd ref="2546"/>
    <nd ref="2547"/>
    <nd ref="2548"/>
    <nd ref="2549"/>
    <nd ref="2550"/>
    <nd ref="2551"/>
    <nd ref="2552"/>
    <nd ref="2553"/>
    <nd ref="2554"/>
    <nd ref="2555"/>
    <nd ref="2556"/>
    <nd ref="2557"/>
    <nd ref="2558"/>
    <nd ref="2559"/>
    <nd ref="2560"/>
    <nd ref="2561"/>
    <nd ref="2562"/>
    <nd ref="2563"/>
    <nd ref="2564"/>
    <nd ref="2565"/>
    <nd ref="2566"/>
    <nd ref="2567"/>
    <nd ref="2568"/>
    <nd ref="2569"/>
    <nd ref="2570"/>
    <nd ref="2571"/>
    <nd ref="2572"/>
    <nd ref="2573"/>
    <nd ref="2574"/>
    <nd ref="2575"/>
    <nd ref="2576"/>
    <nd ref="2577"/>
    <tag k="type" v="line_thin"/>
    <tag k="subtype" v="solid"/>
  </way>
  <way version="1" id="104">
    <nd ref="2578"/>
    <nd ref="2579"/>
    <nd ref="2580"/>
    <nd ref="2581"/>
    <nd ref="2582"/>
    <nd ref="2583"/>
    <nd ref="2584"/>
    <nd ref="2585"/>
    <nd ref="2586"/>
    <nd ref="2587"/>
    <nd ref="2588"/>
    <nd ref="2589"/>
    <nd ref="2324"/>
    <tag k="type" v="line_thin"/>
    <tag k="subtype" v="solid"/>
  </way>
  <way version="1" id="105">
    <nd ref="2590"/>
    <nd ref="2591"/>
    <nd ref="2592"/>
    <nd ref="2593"/>
    <nd ref="2594"/>
    <nd ref="2595"/>
    <nd ref="2596"/>
    <nd ref="2597"/>
    <nd ref="2598"/>
    <nd ref="2599"/>
    <nd ref="2600"/>
    <nd ref="2601"/>
    <tag k="type" v="line_thin"/>
    <tag k="subtype" v="solid"/>
  </way>
  <way version="1" id="106">
    <nd ref="1683"/>
    <nd ref="2602"/>
    <nd ref="2603"/>
    <nd ref="2604"/>
    <nd ref="2605"/>
    <nd ref="2606"/>
    <nd ref="2607"/>
    <nd ref="2608"/>
    <nd ref="2609"/>
    <nd ref="2397"/>
    <tag k="type" v="line_thin"/>
    <tag k="subtype" v="solid"/>
  </way>
  <way version="1" id="107">
    <nd ref="2610"/>
    <nd ref="2611"/>
    <nd ref="2612"/>
    <nd ref="2613"/>
    <nd ref="2614"/>
    <nd ref="2615"/>
    <nd ref="2616"/>
    <nd ref="2617"/>
    <nd ref="2618"/>
    <nd ref="2619"/>
    <nd ref="2620"/>
    <nd ref="2621"/>
    <nd ref="2622"/>
    <nd ref="2623"/>
    <nd ref="2624"/>
    <nd ref="2625"/>
    <nd ref="2626"/>
    <nd ref="2627"/>
    <nd ref="2628"/>
    <nd ref="2629"/>
    <nd ref="2630"/>
    <nd ref="2631"/>
    <tag k="type" v="line_thin"/>
    <tag k="subtype" v="solid"/>
  </way>
  <way version="1" id="108">
    <nd ref="1299"/>
    <nd ref="2632"/>
    <nd ref="2633"/>
    <nd ref="2634"/>
    <nd ref="2635"/>
    <nd ref="2636"/>
    <nd ref="2637"/>
    <nd ref="2638"/>
    <nd ref="2639"/>
    <nd ref="2640"/>
    <nd ref="2641"/>
    <nd ref="2642"/>
    <tag k="type" v="line_thin"/>
    <tag k="subtype" v="solid"/>
  </way>
  <way version="1" id="109">
    <nd ref="2643"/>
    <nd ref="2644"/>
    <nd ref="2645"/>
    <nd ref="2646"/>
    <nd ref="2647"/>
    <nd ref="2648"/>
    <nd ref="2649"/>
    <nd ref="2650"/>
    <nd ref="2651"/>
    <nd ref="2652"/>
    <nd ref="2653"/>
    <nd ref="2654"/>
    <nd ref="2655"/>
    <tag k="type" v="line_thin"/>
    <tag k="subtype" v="solid"/>
  </way>
  <way version="1" id="110">
    <nd ref="2643"/>
    <nd ref="2656"/>
    <nd ref="2657"/>
    <nd ref="2658"/>
    <nd ref="2659"/>
    <nd ref="2660"/>
    <nd ref="2661"/>
    <nd ref="2662"/>
    <nd ref="2663"/>
    <nd ref="2664"/>
    <nd ref="2665"/>
    <nd ref="2666"/>
    <tag k="type" v="line_thin"/>
    <tag k="subtype" v="solid"/>
  </way>
  <way version="1" id="111">
    <nd ref="2667"/>
    <nd ref="2668"/>
    <nd ref="2669"/>
    <nd ref="2670"/>
    <nd ref="2671"/>
    <nd ref="2672"/>
    <nd ref="2673"/>
    <nd ref="2674"/>
    <nd ref="2675"/>
    <nd ref="2676"/>
    <nd ref="2677"/>
    <nd ref="2678"/>
    <nd ref="2679"/>
    <nd ref="2680"/>
    <nd ref="2681"/>
    <nd ref="2682"/>
    <nd ref="2683"/>
    <nd ref="2684"/>
    <nd ref="2685"/>
    <nd ref="2686"/>
    <nd ref="2687"/>
    <nd ref="2688"/>
    <nd ref="2689"/>
    <nd ref="2690"/>
    <nd ref="2691"/>
    <nd ref="2692"/>
    <nd ref="2693"/>
    <nd ref="2694"/>
    <nd ref="2695"/>
    <nd ref="2696"/>
    <nd ref="2697"/>
    <nd ref="2698"/>
    <nd ref="2699"/>
    <nd ref="2700"/>
    <nd ref="2701"/>
    <nd ref="2702"/>
    <nd ref="2703"/>
    <nd ref="2704"/>
    <nd ref="2705"/>
    <nd ref="2706"/>
    <nd ref="2707"/>
    <nd ref="2708"/>
    <nd ref="2709"/>
    <nd ref="2710"/>
    <nd ref="2711"/>
    <nd ref="2712"/>
    <nd ref="2713"/>
    <nd ref="2714"/>
    <nd ref="2715"/>
    <nd ref="2716"/>
    <tag k="type" v="line_thin"/>
    <tag k="subtype" v="solid"/>
  </way>
  <way version="1" id="112">
    <nd ref="2717"/>
    <nd ref="2718"/>
    <nd ref="2719"/>
    <nd ref="2720"/>
    <nd ref="2721"/>
    <nd ref="2722"/>
    <nd ref="2723"/>
    <nd ref="2724"/>
    <nd ref="2725"/>
    <nd ref="2726"/>
    <nd ref="2727"/>
    <nd ref="2728"/>
    <nd ref="2729"/>
    <nd ref="2730"/>
    <nd ref="2731"/>
    <nd ref="2732"/>
    <nd ref="2733"/>
    <nd ref="2734"/>
    <nd ref="2735"/>
    <nd ref="2736"/>
    <nd ref="2737"/>
    <nd ref="2738"/>
    <nd ref="2739"/>
    <nd ref="2740"/>
    <nd ref="2741"/>
    <nd ref="2742"/>
    <nd ref="2743"/>
    <nd ref="2744"/>
    <nd ref="2745"/>
    <nd ref="2746"/>
    <nd ref="2747"/>
    <nd ref="2748"/>
    <nd ref="2749"/>
    <nd ref="2750"/>
    <nd ref="2751"/>
    <nd ref="2752"/>
    <nd ref="2753"/>
    <nd ref="2754"/>
    <nd ref="2755"/>
    <nd ref="2756"/>
    <nd ref="2757"/>
    <nd ref="2758"/>
    <nd ref="2759"/>
    <nd ref="2760"/>
    <nd ref="2761"/>
    <nd ref="2762"/>
    <nd ref="2763"/>
    <nd ref="2643"/>
    <tag k="type" v="line_thin"/>
    <tag k="subtype" v="solid"/>
  </way>
  <way version="1" id="113">
    <nd ref="2764"/>
    <nd ref="2765"/>
    <nd ref="2766"/>
    <nd ref="2767"/>
    <nd ref="2768"/>
    <nd ref="2769"/>
    <nd ref="2770"/>
    <nd ref="2771"/>
    <nd ref="2772"/>
    <nd ref="2773"/>
    <nd ref="2774"/>
    <nd ref="2775"/>
    <nd ref="2776"/>
    <nd ref="2777"/>
    <nd ref="2778"/>
    <nd ref="2779"/>
    <nd ref="2780"/>
    <nd ref="2781"/>
    <nd ref="2782"/>
    <tag k="type" v="line_thin"/>
    <tag k="subtype" v="solid"/>
  </way>
  <way version="1" id="114">
    <nd ref="2667"/>
    <nd ref="2783"/>
    <nd ref="2784"/>
    <nd ref="2785"/>
    <nd ref="2786"/>
    <nd ref="2787"/>
    <nd ref="2788"/>
    <nd ref="2789"/>
    <nd ref="2790"/>
    <nd ref="2791"/>
    <nd ref="2792"/>
    <nd ref="2793"/>
    <nd ref="2794"/>
    <nd ref="2795"/>
    <nd ref="2796"/>
    <nd ref="2797"/>
    <nd ref="2798"/>
    <nd ref="2799"/>
    <nd ref="2800"/>
    <nd ref="2801"/>
    <nd ref="2802"/>
    <tag k="type" v="line_thin"/>
    <tag k="subtype" v="solid"/>
  </way>
  <way version="1" id="115">
    <nd ref="2803"/>
    <nd ref="2804"/>
    <nd ref="2805"/>
    <nd ref="2806"/>
    <nd ref="2807"/>
    <nd ref="2808"/>
    <nd ref="2809"/>
    <nd ref="2810"/>
    <nd ref="2811"/>
    <nd ref="2812"/>
    <nd ref="2813"/>
    <nd ref="2814"/>
    <nd ref="2815"/>
    <nd ref="2816"/>
    <nd ref="2817"/>
    <nd ref="2818"/>
    <nd ref="2819"/>
    <nd ref="2820"/>
    <tag k="type" v="line_thin"/>
    <tag k="subtype" v="solid"/>
  </way>
  <way version="1" id="116">
    <nd ref="2642"/>
    <nd ref="2821"/>
    <nd ref="2822"/>
    <nd ref="2823"/>
    <nd ref="2824"/>
    <nd ref="2825"/>
    <nd ref="2826"/>
    <nd ref="2827"/>
    <nd ref="2828"/>
    <nd ref="2829"/>
    <nd ref="2830"/>
    <nd ref="2831"/>
    <nd ref="1322"/>
    <tag k="type" v="line_thin"/>
    <tag k="subtype" v="solid"/>
  </way>
  <way version="1" id="117">
    <nd ref="2655"/>
    <nd ref="2832"/>
    <nd ref="2833"/>
    <nd ref="2834"/>
    <nd ref="2835"/>
    <nd ref="2836"/>
    <nd ref="2837"/>
    <nd ref="2838"/>
    <nd ref="2839"/>
    <nd ref="2840"/>
    <nd ref="2841"/>
    <tag k="type" v="line_thin"/>
    <tag k="subtype" v="solid"/>
  </way>
  <way version="1" id="118">
    <nd ref="2666"/>
    <nd ref="2842"/>
    <nd ref="2843"/>
    <nd ref="2844"/>
    <nd ref="2845"/>
    <nd ref="2846"/>
    <nd ref="2847"/>
    <nd ref="2848"/>
    <nd ref="2849"/>
    <nd ref="2841"/>
    <tag k="type" v="line_thin"/>
    <tag k="subtype" v="solid"/>
  </way>
  <way version="1" id="119">
    <nd ref="2782"/>
    <nd ref="2850"/>
    <nd ref="2851"/>
    <nd ref="2852"/>
    <nd ref="2853"/>
    <nd ref="2854"/>
    <nd ref="2855"/>
    <nd ref="2856"/>
    <nd ref="2857"/>
    <nd ref="2858"/>
    <tag k="type" v="line_thin"/>
    <tag k="subtype" v="solid"/>
  </way>
  <way version="1" id="120">
    <nd ref="2802"/>
    <nd ref="2859"/>
    <nd ref="2860"/>
    <nd ref="2861"/>
    <nd ref="2862"/>
    <nd ref="2863"/>
    <nd ref="2864"/>
    <nd ref="2865"/>
    <nd ref="2866"/>
    <nd ref="2867"/>
    <nd ref="2868"/>
    <nd ref="2869"/>
    <nd ref="2870"/>
    <nd ref="2858"/>
    <tag k="type" v="line_thin"/>
    <tag k="subtype" v="solid"/>
  </way>
  <way version="1" id="121">
    <nd ref="2820"/>
    <nd ref="2871"/>
    <nd ref="2872"/>
    <nd ref="2873"/>
    <nd ref="2874"/>
    <nd ref="2875"/>
    <nd ref="2876"/>
    <nd ref="2877"/>
    <nd ref="2878"/>
    <nd ref="2879"/>
    <nd ref="2880"/>
    <nd ref="2881"/>
    <tag k="type" v="line_thin"/>
    <tag k="subtype" v="solid"/>
  </way>
  <way version="1" id="122">
    <nd ref="2882"/>
    <nd ref="2883"/>
    <nd ref="2884"/>
    <nd ref="2885"/>
    <nd ref="2886"/>
    <nd ref="2887"/>
    <nd ref="2888"/>
    <nd ref="2889"/>
    <nd ref="2890"/>
    <nd ref="2891"/>
    <nd ref="2892"/>
    <nd ref="2893"/>
    <nd ref="2894"/>
    <nd ref="2895"/>
    <nd ref="2896"/>
    <nd ref="2897"/>
    <nd ref="2898"/>
    <nd ref="2802"/>
    <tag k="type" v="line_thin"/>
    <tag k="subtype" v="solid"/>
  </way>
  <way version="1" id="123">
    <nd ref="2858"/>
    <nd ref="2899"/>
    <nd ref="2900"/>
    <tag k="type" v="line_thin"/>
    <tag k="subtype" v="solid"/>
  </way>
  <way version="1" id="124">
    <nd ref="2881"/>
    <nd ref="2717"/>
    <tag k="type" v="line_thin"/>
    <tag k="subtype" v="solid"/>
  </way>
  <way version="1" id="125">
    <nd ref="2901"/>
    <nd ref="2902"/>
    <tag k="type" v="line_thin"/>
    <tag k="subtype" v="solid"/>
  </way>
  <way version="1" id="126">
    <nd ref="2903"/>
    <nd ref="2904"/>
    <tag k="type" v="line_thin"/>
    <tag k="subtype" v="solid"/>
  </way>
  <way version="1" id="127">
    <nd ref="2905"/>
    <nd ref="2906"/>
    <tag k="type" v="line_thin"/>
    <tag k="subtype" v="solid"/>
  </way>
  <way version="1" id="128">
    <nd ref="2907"/>
    <nd ref="2908"/>
    <nd ref="2909"/>
    <nd ref="2910"/>
    <nd ref="2911"/>
    <nd ref="2912"/>
    <nd ref="2913"/>
    <nd ref="2914"/>
    <nd ref="2915"/>
    <nd ref="2916"/>
    <nd ref="2917"/>
    <nd ref="2918"/>
    <nd ref="2919"/>
    <nd ref="2920"/>
    <nd ref="2921"/>
    <nd ref="2922"/>
    <nd ref="2923"/>
    <nd ref="2924"/>
    <nd ref="2925"/>
    <nd ref="2926"/>
    <nd ref="2927"/>
    <nd ref="2928"/>
    <nd ref="2929"/>
    <nd ref="2930"/>
    <nd ref="2931"/>
    <nd ref="2932"/>
    <nd ref="2933"/>
    <nd ref="2934"/>
    <nd ref="2935"/>
    <nd ref="2936"/>
    <nd ref="2937"/>
    <nd ref="2938"/>
    <nd ref="2939"/>
    <nd ref="2940"/>
    <nd ref="2941"/>
    <nd ref="2942"/>
    <nd ref="2943"/>
    <nd ref="2944"/>
    <nd ref="2945"/>
    <nd ref="2946"/>
    <nd ref="2947"/>
    <nd ref="2948"/>
    <nd ref="2949"/>
    <nd ref="2950"/>
    <nd ref="2951"/>
    <nd ref="2952"/>
    <nd ref="2953"/>
    <nd ref="2954"/>
    <tag k="type" v="line_thin"/>
    <tag k="subtype" v="solid"/>
  </way>
  <way version="1" id="129">
    <nd ref="2955"/>
    <nd ref="2956"/>
    <nd ref="2957"/>
    <nd ref="2958"/>
    <nd ref="2959"/>
    <nd ref="2960"/>
    <nd ref="2961"/>
    <nd ref="2962"/>
    <nd ref="2963"/>
    <nd ref="2964"/>
    <nd ref="2965"/>
    <nd ref="2966"/>
    <nd ref="2967"/>
    <nd ref="2968"/>
    <nd ref="2969"/>
    <nd ref="2970"/>
    <nd ref="2971"/>
    <nd ref="2972"/>
    <nd ref="2973"/>
    <nd ref="2974"/>
    <nd ref="2975"/>
    <nd ref="2976"/>
    <nd ref="2977"/>
    <nd ref="2978"/>
    <nd ref="2979"/>
    <nd ref="2980"/>
    <nd ref="2981"/>
    <nd ref="2982"/>
    <nd ref="2983"/>
    <nd ref="2984"/>
    <nd ref="2985"/>
    <nd ref="2986"/>
    <nd ref="2987"/>
    <nd ref="2988"/>
    <nd ref="2989"/>
    <nd ref="2990"/>
    <nd ref="2991"/>
    <nd ref="2992"/>
    <nd ref="2993"/>
    <nd ref="2994"/>
    <nd ref="2995"/>
    <nd ref="2996"/>
    <nd ref="2997"/>
    <nd ref="2998"/>
    <nd ref="2999"/>
    <nd ref="3000"/>
    <nd ref="3001"/>
    <nd ref="3002"/>
    <tag k="type" v="line_thin"/>
    <tag k="subtype" v="solid"/>
  </way>
  <way version="1" id="130">
    <nd ref="3003"/>
    <nd ref="3004"/>
    <nd ref="3005"/>
    <nd ref="3006"/>
    <nd ref="3007"/>
    <tag k="type" v="line_thin"/>
    <tag k="subtype" v="solid"/>
  </way>
  <way version="1" id="131">
    <nd ref="3008"/>
    <nd ref="3009"/>
    <nd ref="3010"/>
    <nd ref="3011"/>
    <tag k="type" v="line_thin"/>
    <tag k="subtype" v="solid"/>
  </way>
  <way version="1" id="132">
    <nd ref="3012"/>
    <nd ref="3013"/>
    <nd ref="3014"/>
    <nd ref="3015"/>
    <nd ref="3016"/>
    <nd ref="3017"/>
    <nd ref="3018"/>
    <nd ref="3019"/>
    <nd ref="3020"/>
    <nd ref="3021"/>
    <nd ref="3022"/>
    <nd ref="3023"/>
    <nd ref="3024"/>
    <nd ref="3025"/>
    <nd ref="3026"/>
    <nd ref="3027"/>
    <nd ref="3028"/>
    <nd ref="3029"/>
    <nd ref="3030"/>
    <nd ref="3031"/>
    <nd ref="3032"/>
    <nd ref="3033"/>
    <nd ref="3034"/>
    <nd ref="3035"/>
    <nd ref="3036"/>
    <nd ref="3037"/>
    <nd ref="3038"/>
    <nd ref="3039"/>
    <nd ref="3040"/>
    <nd ref="3041"/>
    <nd ref="3042"/>
    <nd ref="3043"/>
    <nd ref="3044"/>
    <nd ref="3045"/>
    <nd ref="3046"/>
    <nd ref="3047"/>
    <nd ref="3048"/>
    <nd ref="3049"/>
    <nd ref="3050"/>
    <nd ref="3051"/>
    <nd ref="3052"/>
    <nd ref="3053"/>
    <nd ref="3054"/>
    <nd ref="3055"/>
    <nd ref="3056"/>
    <nd ref="3057"/>
    <nd ref="3058"/>
    <nd ref="3059"/>
    <nd ref="3060"/>
    <nd ref="3061"/>
    <nd ref="3062"/>
    <nd ref="3063"/>
    <nd ref="3064"/>
    <nd ref="3065"/>
    <nd ref="3066"/>
    <nd ref="3067"/>
    <nd ref="3068"/>
    <nd ref="3069"/>
    <nd ref="3070"/>
    <nd ref="3071"/>
    <nd ref="3072"/>
    <nd ref="3073"/>
    <nd ref="3074"/>
    <nd ref="3075"/>
    <nd ref="3076"/>
    <nd ref="3077"/>
    <nd ref="3078"/>
    <nd ref="3079"/>
    <nd ref="3080"/>
    <nd ref="3081"/>
    <nd ref="3082"/>
    <nd ref="3083"/>
    <nd ref="3084"/>
    <nd ref="3085"/>
    <nd ref="3086"/>
    <nd ref="3087"/>
    <nd ref="3088"/>
    <nd ref="3089"/>
    <nd ref="3090"/>
    <nd ref="3091"/>
    <nd ref="3092"/>
    <nd ref="3093"/>
    <nd ref="3094"/>
    <nd ref="3095"/>
    <nd ref="3096"/>
    <nd ref="3097"/>
    <nd ref="3098"/>
    <nd ref="3099"/>
    <nd ref="3100"/>
    <nd ref="3101"/>
    <nd ref="3102"/>
    <nd ref="3103"/>
    <nd ref="3104"/>
    <nd ref="3105"/>
    <nd ref="3106"/>
    <nd ref="3107"/>
    <nd ref="3108"/>
    <nd ref="3109"/>
    <nd ref="3110"/>
    <nd ref="3111"/>
    <nd ref="3112"/>
    <nd ref="3113"/>
    <nd ref="3114"/>
    <nd ref="3115"/>
    <nd ref="3116"/>
    <nd ref="3117"/>
    <nd ref="3118"/>
    <nd ref="3119"/>
    <tag k="type" v="line_thin"/>
    <tag k="subtype" v="solid"/>
  </way>
  <way version="1" id="133">
    <nd ref="3120"/>
    <nd ref="3121"/>
    <nd ref="3122"/>
    <nd ref="3123"/>
    <nd ref="3124"/>
    <nd ref="3125"/>
    <nd ref="3126"/>
    <nd ref="3127"/>
    <nd ref="3128"/>
    <nd ref="3129"/>
    <nd ref="3130"/>
    <nd ref="3131"/>
    <nd ref="3132"/>
    <nd ref="3133"/>
    <nd ref="3134"/>
    <nd ref="3135"/>
    <nd ref="3136"/>
    <nd ref="3137"/>
    <nd ref="3138"/>
    <nd ref="3139"/>
    <nd ref="3140"/>
    <nd ref="3141"/>
    <nd ref="3142"/>
    <nd ref="3143"/>
    <nd ref="3144"/>
    <nd ref="3145"/>
    <nd ref="3146"/>
    <nd ref="3147"/>
    <nd ref="3148"/>
    <nd ref="3149"/>
    <nd ref="3150"/>
    <nd ref="3151"/>
    <nd ref="3152"/>
    <nd ref="3153"/>
    <nd ref="3154"/>
    <nd ref="3155"/>
    <nd ref="3156"/>
    <nd ref="3157"/>
    <nd ref="3158"/>
    <nd ref="3159"/>
    <nd ref="3160"/>
    <nd ref="3161"/>
    <nd ref="3162"/>
    <nd ref="3163"/>
    <nd ref="3164"/>
    <nd ref="3165"/>
    <nd ref="3166"/>
    <nd ref="3167"/>
    <nd ref="3168"/>
    <nd ref="3169"/>
    <nd ref="3170"/>
    <nd ref="3171"/>
    <nd ref="3172"/>
    <nd ref="3173"/>
    <nd ref="3174"/>
    <nd ref="3175"/>
    <nd ref="3176"/>
    <nd ref="3177"/>
    <nd ref="3178"/>
    <nd ref="3179"/>
    <nd ref="3180"/>
    <nd ref="3181"/>
    <nd ref="3182"/>
    <nd ref="3183"/>
    <nd ref="3184"/>
    <nd ref="3185"/>
    <nd ref="3186"/>
    <nd ref="3187"/>
    <nd ref="3188"/>
    <nd ref="3189"/>
    <nd ref="3190"/>
    <nd ref="3191"/>
    <nd ref="3192"/>
    <nd ref="3193"/>
    <nd ref="3194"/>
    <nd ref="3195"/>
    <nd ref="3196"/>
    <nd ref="3197"/>
    <nd ref="3198"/>
    <nd ref="3199"/>
    <nd ref="3200"/>
    <nd ref="3201"/>
    <nd ref="3202"/>
    <nd ref="3203"/>
    <nd ref="3204"/>
    <nd ref="3205"/>
    <nd ref="3206"/>
    <nd ref="3207"/>
    <nd ref="3208"/>
    <nd ref="3209"/>
    <nd ref="3210"/>
    <nd ref="3211"/>
    <nd ref="3212"/>
    <nd ref="3213"/>
    <nd ref="3214"/>
    <nd ref="3215"/>
    <nd ref="3216"/>
    <nd ref="3217"/>
    <nd ref="3218"/>
    <nd ref="3219"/>
    <nd ref="3220"/>
    <nd ref="3221"/>
    <nd ref="3222"/>
    <nd ref="3223"/>
    <nd ref="3224"/>
    <nd ref="3225"/>
    <nd ref="3226"/>
    <nd ref="3227"/>
    <nd ref="3228"/>
    <nd ref="3229"/>
    <nd ref="3230"/>
    <nd ref="3231"/>
    <nd ref="3232"/>
    <nd ref="3233"/>
    <nd ref="3234"/>
    <nd ref="3235"/>
    <nd ref="3236"/>
    <nd ref="3237"/>
    <nd ref="3238"/>
    <nd ref="3239"/>
    <nd ref="3240"/>
    <nd ref="3241"/>
    <nd ref="3242"/>
    <nd ref="3243"/>
    <nd ref="3244"/>
    <nd ref="3245"/>
    <nd ref="3246"/>
    <nd ref="3247"/>
    <nd ref="3248"/>
    <nd ref="3249"/>
    <nd ref="3250"/>
    <nd ref="3251"/>
    <nd ref="3252"/>
    <nd ref="3253"/>
    <nd ref="3254"/>
    <tag k="type" v="line_thin"/>
    <tag k="subtype" v="solid"/>
  </way>
  <way version="1" id="134">
    <nd ref="3255"/>
    <nd ref="3256"/>
    <nd ref="3257"/>
    <nd ref="3258"/>
    <nd ref="3259"/>
    <nd ref="3260"/>
    <nd ref="3261"/>
    <nd ref="3262"/>
    <nd ref="3263"/>
    <nd ref="3264"/>
    <nd ref="3265"/>
    <nd ref="3266"/>
    <nd ref="3267"/>
    <nd ref="3268"/>
    <nd ref="3269"/>
    <nd ref="3270"/>
    <nd ref="3271"/>
    <nd ref="3272"/>
    <nd ref="3273"/>
    <nd ref="3274"/>
    <nd ref="3275"/>
    <nd ref="3276"/>
    <nd ref="3277"/>
    <nd ref="3278"/>
    <nd ref="3279"/>
    <nd ref="3280"/>
    <nd ref="3281"/>
    <nd ref="3282"/>
    <nd ref="3283"/>
    <nd ref="3284"/>
    <nd ref="3285"/>
    <nd ref="3286"/>
    <nd ref="3287"/>
    <nd ref="3288"/>
    <nd ref="3289"/>
    <nd ref="3290"/>
    <nd ref="3291"/>
    <nd ref="3292"/>
    <nd ref="3293"/>
    <nd ref="3294"/>
    <nd ref="3295"/>
    <nd ref="3296"/>
    <nd ref="3297"/>
    <nd ref="3298"/>
    <nd ref="3299"/>
    <nd ref="3300"/>
    <nd ref="3301"/>
    <nd ref="3302"/>
    <nd ref="3303"/>
    <nd ref="3304"/>
    <nd ref="3305"/>
    <nd ref="3306"/>
    <nd ref="3307"/>
    <nd ref="3308"/>
    <nd ref="3309"/>
    <nd ref="3310"/>
    <nd ref="3311"/>
    <nd ref="3312"/>
    <nd ref="3313"/>
    <nd ref="3314"/>
    <nd ref="3315"/>
    <nd ref="3316"/>
    <nd ref="3317"/>
    <nd ref="3318"/>
    <nd ref="3319"/>
    <nd ref="3320"/>
    <nd ref="3321"/>
    <nd ref="3322"/>
    <nd ref="3323"/>
    <nd ref="3324"/>
    <nd ref="3325"/>
    <nd ref="3326"/>
    <nd ref="3327"/>
    <nd ref="3328"/>
    <nd ref="3329"/>
    <nd ref="3330"/>
    <nd ref="3331"/>
    <nd ref="3332"/>
    <nd ref="3333"/>
    <nd ref="3334"/>
    <nd ref="3335"/>
    <nd ref="3336"/>
    <nd ref="3337"/>
    <nd ref="3338"/>
    <nd ref="3339"/>
    <nd ref="3340"/>
    <nd ref="3341"/>
    <nd ref="3342"/>
    <nd ref="3343"/>
    <nd ref="3344"/>
    <nd ref="3345"/>
    <nd ref="3346"/>
    <nd ref="3347"/>
    <nd ref="3348"/>
    <nd ref="3349"/>
    <nd ref="3350"/>
    <nd ref="3351"/>
    <nd ref="3352"/>
    <nd ref="3353"/>
    <nd ref="3354"/>
    <nd ref="3355"/>
    <nd ref="3356"/>
    <nd ref="3357"/>
    <nd ref="3358"/>
    <nd ref="3359"/>
    <nd ref="3360"/>
    <nd ref="3361"/>
    <nd ref="3362"/>
    <nd ref="3363"/>
    <nd ref="3364"/>
    <nd ref="3365"/>
    <nd ref="3366"/>
    <nd ref="3367"/>
    <nd ref="3368"/>
    <nd ref="3369"/>
    <nd ref="3370"/>
    <nd ref="3371"/>
    <nd ref="3372"/>
    <nd ref="3373"/>
    <nd ref="3374"/>
    <nd ref="3375"/>
    <nd ref="3376"/>
    <nd ref="3377"/>
    <nd ref="3378"/>
    <nd ref="3379"/>
    <nd ref="3380"/>
    <nd ref="3381"/>
    <nd ref="3382"/>
    <nd ref="3383"/>
    <nd ref="3384"/>
    <tag k="type" v="line_thin"/>
    <tag k="subtype" v="solid"/>
  </way>
  <way version="1" id="135">
    <nd ref="3385"/>
    <nd ref="3386"/>
    <nd ref="3387"/>
    <nd ref="3388"/>
    <nd ref="3389"/>
    <nd ref="3390"/>
    <nd ref="3391"/>
    <nd ref="3392"/>
    <nd ref="3393"/>
    <nd ref="3394"/>
    <tag k="type" v="line_thin"/>
    <tag k="subtype" v="solid"/>
  </way>
  <way version="1" id="136">
    <nd ref="3395"/>
    <nd ref="3396"/>
    <nd ref="3397"/>
    <nd ref="3398"/>
    <nd ref="3399"/>
    <nd ref="3400"/>
    <nd ref="3401"/>
    <nd ref="3402"/>
    <tag k="type" v="line_thin"/>
    <tag k="subtype" v="solid"/>
  </way>
  <way version="1" id="137">
    <nd ref="1299"/>
    <nd ref="1300"/>
    <nd ref="1301"/>
    <nd ref="1302"/>
    <nd ref="1303"/>
    <nd ref="1304"/>
    <nd ref="1305"/>
    <nd ref="1306"/>
    <nd ref="1307"/>
    <nd ref="1308"/>
    <nd ref="1309"/>
    <nd ref="1310"/>
    <nd ref="1311"/>
    <nd ref="1312"/>
    <nd ref="1313"/>
    <nd ref="1314"/>
    <nd ref="1315"/>
    <nd ref="1316"/>
    <nd ref="1317"/>
    <nd ref="1318"/>
    <nd ref="1319"/>
    <nd ref="1320"/>
    <nd ref="1321"/>
    <nd ref="1322"/>
    <tag k="type" v="line_thin"/>
    <tag k="subtype" v="solid"/>
  </way>
  <way version="1" id="138">
    <nd ref="71"/>
    <nd ref="634"/>
    <nd ref="633"/>
    <nd ref="632"/>
    <nd ref="631"/>
    <nd ref="630"/>
    <nd ref="629"/>
    <nd ref="628"/>
    <nd ref="627"/>
    <nd ref="626"/>
    <tag k="type" v="line_thin"/>
    <tag k="subtype" v="solid"/>
  </way>
  <way version="1" id="139">
    <nd ref="2900"/>
    <nd ref="3403"/>
    <nd ref="3404"/>
    <nd ref="3405"/>
    <nd ref="3406"/>
    <nd ref="3407"/>
    <nd ref="3408"/>
    <nd ref="3409"/>
    <nd ref="3410"/>
    <nd ref="3411"/>
    <nd ref="3412"/>
    <nd ref="3413"/>
    <nd ref="3414"/>
    <nd ref="3415"/>
    <nd ref="3416"/>
    <nd ref="3417"/>
    <nd ref="3418"/>
    <nd ref="3419"/>
    <nd ref="3420"/>
    <nd ref="3421"/>
    <nd ref="3422"/>
    <nd ref="3423"/>
    <nd ref="3424"/>
    <nd ref="3425"/>
    <nd ref="3426"/>
    <nd ref="3427"/>
    <nd ref="3428"/>
    <nd ref="3429"/>
    <nd ref="1370"/>
    <tag k="type" v="line_thin"/>
    <tag k="subtype" v="solid"/>
  </way>
  <way version="1" id="140">
    <nd ref="1370"/>
    <nd ref="1369"/>
    <nd ref="1368"/>
    <nd ref="1367"/>
    <nd ref="1366"/>
    <nd ref="1365"/>
    <nd ref="1364"/>
    <nd ref="1363"/>
    <nd ref="1362"/>
    <nd ref="1361"/>
    <nd ref="1360"/>
    <nd ref="1359"/>
    <nd ref="1358"/>
    <nd ref="1357"/>
    <nd ref="1356"/>
    <nd ref="1355"/>
    <nd ref="1354"/>
    <nd ref="1353"/>
    <nd ref="1352"/>
    <nd ref="1351"/>
    <nd ref="1350"/>
    <nd ref="1349"/>
    <nd ref="1348"/>
    <nd ref="1347"/>
    <nd ref="1346"/>
    <nd ref="1345"/>
    <nd ref="1344"/>
    <nd ref="1343"/>
    <nd ref="1342"/>
    <nd ref="1341"/>
    <nd ref="1340"/>
    <nd ref="1339"/>
    <nd ref="1338"/>
    <nd ref="1337"/>
    <nd ref="1336"/>
    <nd ref="1335"/>
    <nd ref="1334"/>
    <nd ref="1333"/>
    <nd ref="1332"/>
    <nd ref="1331"/>
    <nd ref="1330"/>
    <nd ref="1329"/>
    <nd ref="1328"/>
    <nd ref="1327"/>
    <nd ref="1326"/>
    <nd ref="1325"/>
    <nd ref="1324"/>
    <nd ref="1323"/>
    <tag k="type" v="line_thin"/>
    <tag k="subtype" v="solid"/>
  </way>
  <way version="1" id="141">
    <nd ref="1504"/>
    <nd ref="1505"/>
    <nd ref="1506"/>
    <nd ref="1507"/>
    <nd ref="1508"/>
    <nd ref="1509"/>
    <nd ref="1510"/>
    <nd ref="1511"/>
    <nd ref="1512"/>
    <nd ref="1513"/>
    <nd ref="1514"/>
    <nd ref="1515"/>
    <nd ref="1516"/>
    <tag k="type" v="line_thin"/>
    <tag k="subtype" v="solid"/>
  </way>
  <way version="1" id="142">
    <nd ref="1552"/>
    <nd ref="1551"/>
    <nd ref="1550"/>
    <nd ref="1549"/>
    <nd ref="1548"/>
    <nd ref="1547"/>
    <nd ref="1546"/>
    <nd ref="1545"/>
    <nd ref="1544"/>
    <nd ref="1543"/>
    <nd ref="1542"/>
    <nd ref="1541"/>
    <nd ref="1540"/>
    <nd ref="1539"/>
    <nd ref="1538"/>
    <nd ref="1537"/>
    <nd ref="1536"/>
    <nd ref="1535"/>
    <nd ref="1534"/>
    <nd ref="1533"/>
    <nd ref="1532"/>
    <nd ref="1531"/>
    <nd ref="1530"/>
    <nd ref="1529"/>
    <nd ref="1528"/>
    <nd ref="1527"/>
    <nd ref="1526"/>
    <nd ref="1525"/>
    <nd ref="1524"/>
    <nd ref="1523"/>
    <nd ref="1522"/>
    <nd ref="1521"/>
    <nd ref="1520"/>
    <nd ref="1519"/>
    <nd ref="1518"/>
    <nd ref="1517"/>
    <tag k="type" v="line_thin"/>
    <tag k="subtype" v="solid"/>
  </way>
  <way version="1" id="143">
    <nd ref="343"/>
    <nd ref="342"/>
    <nd ref="341"/>
    <nd ref="340"/>
    <nd ref="339"/>
    <nd ref="338"/>
    <nd ref="337"/>
    <nd ref="336"/>
    <nd ref="335"/>
    <nd ref="334"/>
    <nd ref="333"/>
    <nd ref="332"/>
    <nd ref="331"/>
    <nd ref="330"/>
    <nd ref="329"/>
    <nd ref="328"/>
    <nd ref="327"/>
    <nd ref="326"/>
    <nd ref="325"/>
    <nd ref="324"/>
    <nd ref="323"/>
    <nd ref="322"/>
    <nd ref="321"/>
    <nd ref="320"/>
    <nd ref="319"/>
    <nd ref="318"/>
    <nd ref="317"/>
    <nd ref="316"/>
    <nd ref="315"/>
    <nd ref="314"/>
    <nd ref="313"/>
    <nd ref="312"/>
    <nd ref="311"/>
    <nd ref="310"/>
    <nd ref="309"/>
    <nd ref="308"/>
    <nd ref="307"/>
    <nd ref="306"/>
    <nd ref="305"/>
    <nd ref="304"/>
    <nd ref="303"/>
    <nd ref="302"/>
    <nd ref="301"/>
    <nd ref="300"/>
    <nd ref="299"/>
    <tag k="type" v="line_thin"/>
    <tag k="subtype" v="solid"/>
  </way>
  <way version="1" id="144">
    <nd ref="254"/>
    <nd ref="255"/>
    <nd ref="256"/>
    <nd ref="257"/>
    <nd ref="258"/>
    <nd ref="259"/>
    <nd ref="260"/>
    <nd ref="261"/>
    <nd ref="262"/>
    <nd ref="263"/>
    <nd ref="264"/>
    <nd ref="265"/>
    <nd ref="266"/>
    <nd ref="267"/>
    <nd ref="268"/>
    <nd ref="269"/>
    <nd ref="270"/>
    <nd ref="271"/>
    <nd ref="272"/>
    <nd ref="273"/>
    <nd ref="274"/>
    <nd ref="275"/>
    <nd ref="276"/>
    <nd ref="277"/>
    <nd ref="278"/>
    <nd ref="279"/>
    <nd ref="280"/>
    <nd ref="281"/>
    <nd ref="282"/>
    <nd ref="283"/>
    <nd ref="284"/>
    <nd ref="285"/>
    <nd ref="286"/>
    <nd ref="287"/>
    <nd ref="288"/>
    <nd ref="289"/>
    <nd ref="290"/>
    <nd ref="291"/>
    <nd ref="292"/>
    <nd ref="293"/>
    <nd ref="294"/>
    <nd ref="295"/>
    <nd ref="296"/>
    <nd ref="297"/>
    <nd ref="298"/>
    <tag k="type" v="line_thin"/>
    <tag k="subtype" v="solid"/>
  </way>
  <way version="1" id="145">
    <nd ref="1133"/>
    <nd ref="3430"/>
    <nd ref="3431"/>
    <nd ref="3432"/>
    <nd ref="3433"/>
    <nd ref="3434"/>
    <nd ref="3435"/>
    <nd ref="3436"/>
    <nd ref="3437"/>
    <nd ref="3438"/>
    <nd ref="3439"/>
    <nd ref="3440"/>
    <nd ref="3441"/>
    <nd ref="3442"/>
    <nd ref="3443"/>
    <nd ref="3444"/>
    <nd ref="3445"/>
    <nd ref="3446"/>
    <nd ref="3447"/>
    <nd ref="3448"/>
    <nd ref="3449"/>
    <nd ref="3450"/>
    <nd ref="3451"/>
    <nd ref="3452"/>
    <nd ref="3453"/>
    <nd ref="3454"/>
    <nd ref="3455"/>
    <nd ref="3456"/>
    <nd ref="3457"/>
    <nd ref="3458"/>
    <nd ref="3459"/>
    <nd ref="3460"/>
    <nd ref="3461"/>
    <nd ref="3462"/>
    <nd ref="3463"/>
    <nd ref="3464"/>
    <nd ref="3465"/>
    <nd ref="3466"/>
    <nd ref="3467"/>
    <nd ref="3468"/>
    <nd ref="3469"/>
    <nd ref="3470"/>
    <nd ref="3471"/>
    <nd ref="3472"/>
    <nd ref="3473"/>
    <nd ref="3474"/>
    <nd ref="3475"/>
    <nd ref="3476"/>
    <nd ref="3477"/>
    <nd ref="3478"/>
    <nd ref="3479"/>
    <nd ref="3480"/>
    <nd ref="3481"/>
    <nd ref="3482"/>
    <nd ref="3483"/>
    <nd ref="3484"/>
    <tag k="type" v="line_thin"/>
    <tag k="subtype" v="solid"/>
  </way>
  <way version="1" id="146">
    <nd ref="1134"/>
    <nd ref="3485"/>
    <nd ref="3486"/>
    <nd ref="3487"/>
    <nd ref="3488"/>
    <nd ref="3489"/>
    <nd ref="2716"/>
    <tag k="type" v="line_thin"/>
    <tag k="subtype" v="solid"/>
  </way>
  <way version="1" id="147">
    <nd ref="3490"/>
    <nd ref="3491"/>
    <tag k="type" v="line_thin"/>
    <tag k="subtype" v="solid"/>
  </way>
  <way version="1" id="148">
    <nd ref="767"/>
    <nd ref="768"/>
    <nd ref="769"/>
    <nd ref="770"/>
    <nd ref="771"/>
    <nd ref="772"/>
    <nd ref="773"/>
    <nd ref="774"/>
    <nd ref="775"/>
    <nd ref="776"/>
    <nd ref="777"/>
    <nd ref="778"/>
    <nd ref="779"/>
    <nd ref="780"/>
    <nd ref="781"/>
    <nd ref="782"/>
    <nd ref="783"/>
    <nd ref="784"/>
    <nd ref="785"/>
    <nd ref="786"/>
    <nd ref="787"/>
    <nd ref="788"/>
    <nd ref="789"/>
    <nd ref="790"/>
    <nd ref="791"/>
    <nd ref="792"/>
    <nd ref="793"/>
    <nd ref="794"/>
    <nd ref="795"/>
    <nd ref="796"/>
    <nd ref="797"/>
    <nd ref="798"/>
    <nd ref="799"/>
    <nd ref="800"/>
    <nd ref="801"/>
    <nd ref="802"/>
    <nd ref="803"/>
    <nd ref="804"/>
    <nd ref="805"/>
    <nd ref="806"/>
    <nd ref="807"/>
    <nd ref="808"/>
    <nd ref="809"/>
    <nd ref="810"/>
    <nd ref="811"/>
    <nd ref="812"/>
    <nd ref="813"/>
    <nd ref="814"/>
    <nd ref="815"/>
    <nd ref="816"/>
    <nd ref="817"/>
    <nd ref="818"/>
    <nd ref="819"/>
    <nd ref="820"/>
    <nd ref="821"/>
    <nd ref="822"/>
    <nd ref="823"/>
    <nd ref="824"/>
    <nd ref="825"/>
    <nd ref="826"/>
    <nd ref="827"/>
    <nd ref="828"/>
    <nd ref="829"/>
    <nd ref="830"/>
    <nd ref="831"/>
    <nd ref="832"/>
    <nd ref="833"/>
    <nd ref="834"/>
    <nd ref="835"/>
    <nd ref="836"/>
    <nd ref="837"/>
    <nd ref="838"/>
    <nd ref="839"/>
    <nd ref="840"/>
    <nd ref="841"/>
    <nd ref="842"/>
    <nd ref="843"/>
    <tag k="type" v="line_thin"/>
    <tag k="subtype" v="solid"/>
  </way>
  <way version="1" id="149">
    <nd ref="724"/>
    <nd ref="920"/>
    <nd ref="919"/>
    <nd ref="918"/>
    <nd ref="917"/>
    <nd ref="916"/>
    <nd ref="915"/>
    <nd ref="914"/>
    <nd ref="913"/>
    <nd ref="912"/>
    <nd ref="911"/>
    <nd ref="910"/>
    <nd ref="909"/>
    <nd ref="908"/>
    <nd ref="907"/>
    <nd ref="906"/>
    <nd ref="905"/>
    <nd ref="904"/>
    <nd ref="903"/>
    <nd ref="902"/>
    <nd ref="901"/>
    <nd ref="900"/>
    <nd ref="899"/>
    <nd ref="898"/>
    <nd ref="897"/>
    <nd ref="896"/>
    <nd ref="895"/>
    <nd ref="894"/>
    <nd ref="893"/>
    <nd ref="892"/>
    <nd ref="891"/>
    <nd ref="890"/>
    <nd ref="889"/>
    <nd ref="888"/>
    <nd ref="887"/>
    <nd ref="886"/>
    <nd ref="885"/>
    <nd ref="884"/>
    <nd ref="883"/>
    <nd ref="882"/>
    <nd ref="881"/>
    <nd ref="880"/>
    <nd ref="879"/>
    <nd ref="878"/>
    <nd ref="877"/>
    <nd ref="876"/>
    <nd ref="875"/>
    <nd ref="874"/>
    <nd ref="873"/>
    <nd ref="872"/>
    <nd ref="871"/>
    <nd ref="870"/>
    <nd ref="869"/>
    <nd ref="868"/>
    <nd ref="867"/>
    <nd ref="866"/>
    <nd ref="865"/>
    <nd ref="864"/>
    <nd ref="863"/>
    <nd ref="862"/>
    <nd ref="861"/>
    <nd ref="860"/>
    <nd ref="859"/>
    <nd ref="858"/>
    <nd ref="857"/>
    <nd ref="856"/>
    <nd ref="855"/>
    <nd ref="854"/>
    <nd ref="853"/>
    <nd ref="852"/>
    <nd ref="851"/>
    <nd ref="850"/>
    <nd ref="849"/>
    <nd ref="848"/>
    <nd ref="847"/>
    <nd ref="846"/>
    <nd ref="845"/>
    <nd ref="844"/>
    <tag k="type" v="line_thin"/>
    <tag k="subtype" v="solid"/>
  </way>
  <way version="1" id="150">
    <nd ref="843"/>
    <nd ref="1110"/>
    <nd ref="1111"/>
    <nd ref="1112"/>
    <nd ref="1113"/>
    <nd ref="1114"/>
    <nd ref="1115"/>
    <nd ref="1116"/>
    <nd ref="1117"/>
    <nd ref="1118"/>
    <nd ref="1119"/>
    <nd ref="1120"/>
    <nd ref="1121"/>
    <nd ref="1122"/>
    <nd ref="1123"/>
    <nd ref="1124"/>
    <nd ref="1125"/>
    <nd ref="1126"/>
    <nd ref="1127"/>
    <nd ref="1128"/>
    <nd ref="1129"/>
    <nd ref="1130"/>
    <nd ref="1131"/>
    <nd ref="1132"/>
    <nd ref="1133"/>
    <tag k="type" v="line_thin"/>
    <tag k="subtype" v="solid"/>
  </way>
  <way version="1" id="151">
    <nd ref="844"/>
    <nd ref="1156"/>
    <nd ref="1155"/>
    <nd ref="1154"/>
    <nd ref="1153"/>
    <nd ref="1152"/>
    <nd ref="1151"/>
    <nd ref="1150"/>
    <nd ref="1149"/>
    <nd ref="1148"/>
    <nd ref="1147"/>
    <nd ref="1146"/>
    <nd ref="1145"/>
    <nd ref="1144"/>
    <nd ref="1143"/>
    <nd ref="1142"/>
    <nd ref="1141"/>
    <nd ref="1140"/>
    <nd ref="1139"/>
    <nd ref="1138"/>
    <nd ref="1137"/>
    <nd ref="1136"/>
    <nd ref="1135"/>
    <nd ref="1134"/>
    <tag k="type" v="line_thin"/>
    <tag k="subtype" v="solid"/>
  </way>
  <way version="1" id="152">
    <nd ref="3492"/>
    <nd ref="3493"/>
    <nd ref="3494"/>
    <nd ref="3495"/>
    <nd ref="3496"/>
    <nd ref="3497"/>
    <nd ref="3498"/>
    <nd ref="3499"/>
    <nd ref="3500"/>
    <nd ref="3501"/>
    <nd ref="3502"/>
    <tag k="type" v="line_thin"/>
    <tag k="subtype" v="dashed"/>
  </way>
  <way version="1" id="153">
    <nd ref="3503"/>
    <nd ref="3504"/>
    <nd ref="3505"/>
    <nd ref="3506"/>
    <nd ref="3507"/>
    <nd ref="3508"/>
    <nd ref="3509"/>
    <nd ref="3510"/>
    <nd ref="3511"/>
    <nd ref="3512"/>
    <nd ref="3513"/>
    <tag k="type" v="line_thin"/>
    <tag k="subtype" v="dashed"/>
  </way>
  <way version="1" id="154">
    <nd ref="2424"/>
    <nd ref="3514"/>
    <nd ref="3515"/>
    <nd ref="3516"/>
    <nd ref="3517"/>
    <nd ref="3518"/>
    <nd ref="3519"/>
    <nd ref="3520"/>
    <nd ref="3521"/>
    <nd ref="3522"/>
    <nd ref="3523"/>
    <nd ref="3524"/>
    <nd ref="1991"/>
    <tag k="type" v="line_thin"/>
    <tag k="subtype" v="dashed"/>
  </way>
  <way version="1" id="155">
    <nd ref="3525"/>
    <nd ref="3526"/>
    <nd ref="3527"/>
    <nd ref="3528"/>
    <nd ref="3529"/>
    <nd ref="3530"/>
    <nd ref="3531"/>
    <nd ref="3532"/>
    <nd ref="3533"/>
    <nd ref="3534"/>
    <nd ref="3535"/>
    <nd ref="3536"/>
    <nd ref="3537"/>
    <nd ref="3538"/>
    <tag k="type" v="line_thin"/>
    <tag k="subtype" v="dashed"/>
  </way>
  <way version="1" id="156">
    <nd ref="3539"/>
    <nd ref="3540"/>
    <nd ref="3541"/>
    <nd ref="3542"/>
    <nd ref="3543"/>
    <nd ref="3544"/>
    <nd ref="3545"/>
    <nd ref="3546"/>
    <nd ref="3547"/>
    <nd ref="3548"/>
    <nd ref="3549"/>
    <nd ref="3550"/>
    <nd ref="3551"/>
    <nd ref="3552"/>
    <nd ref="3553"/>
    <nd ref="3554"/>
    <tag k="type" v="line_thin"/>
    <tag k="subtype" v="dashed"/>
  </way>
  <way version="1" id="157">
    <nd ref="3538"/>
    <nd ref="3555"/>
    <nd ref="3556"/>
    <nd ref="3557"/>
    <nd ref="3558"/>
    <nd ref="3559"/>
    <nd ref="3560"/>
    <nd ref="3561"/>
    <nd ref="3562"/>
    <nd ref="3563"/>
    <nd ref="3564"/>
    <nd ref="3565"/>
    <tag k="type" v="line_thin"/>
    <tag k="subtype" v="dashed"/>
  </way>
  <way version="1" id="158">
    <nd ref="3566"/>
    <nd ref="3567"/>
    <nd ref="3568"/>
    <nd ref="3569"/>
    <nd ref="3570"/>
    <nd ref="3571"/>
    <nd ref="3572"/>
    <nd ref="3573"/>
    <nd ref="3574"/>
    <nd ref="3575"/>
    <nd ref="3576"/>
    <nd ref="3577"/>
    <nd ref="3578"/>
    <nd ref="3579"/>
    <nd ref="3539"/>
    <tag k="type" v="line_thin"/>
    <tag k="subtype" v="dashed"/>
  </way>
  <way version="1" id="159">
    <nd ref="3580"/>
    <nd ref="3581"/>
    <nd ref="3582"/>
    <nd ref="3583"/>
    <nd ref="3584"/>
    <nd ref="3585"/>
    <nd ref="3586"/>
    <nd ref="3587"/>
    <nd ref="3588"/>
    <nd ref="3589"/>
    <nd ref="3590"/>
    <nd ref="3591"/>
    <nd ref="3592"/>
    <nd ref="3593"/>
    <nd ref="3594"/>
    <nd ref="3595"/>
    <tag k="type" v="line_thin"/>
    <tag k="subtype" v="dashed"/>
  </way>
  <way version="1" id="160">
    <nd ref="3596"/>
    <nd ref="3597"/>
    <nd ref="3598"/>
    <nd ref="3599"/>
    <nd ref="3600"/>
    <nd ref="3601"/>
    <nd ref="3602"/>
    <nd ref="3603"/>
    <nd ref="3604"/>
    <nd ref="3605"/>
    <nd ref="3606"/>
    <nd ref="3607"/>
    <nd ref="3608"/>
    <nd ref="3609"/>
    <nd ref="3610"/>
    <tag k="type" v="line_thin"/>
    <tag k="subtype" v="dashed"/>
  </way>
  <way version="1" id="161">
    <nd ref="3611"/>
    <nd ref="3612"/>
    <nd ref="3613"/>
    <nd ref="3614"/>
    <nd ref="3615"/>
    <nd ref="3616"/>
    <nd ref="3617"/>
    <nd ref="3618"/>
    <nd ref="3619"/>
    <nd ref="3620"/>
    <nd ref="3621"/>
    <nd ref="3622"/>
    <nd ref="3623"/>
    <nd ref="3624"/>
    <nd ref="3625"/>
    <nd ref="3626"/>
    <nd ref="3627"/>
    <nd ref="3580"/>
    <tag k="type" v="line_thin"/>
    <tag k="subtype" v="dashed"/>
  </way>
  <way version="1" id="162">
    <nd ref="1817"/>
    <nd ref="3628"/>
    <nd ref="3629"/>
    <nd ref="3630"/>
    <nd ref="3631"/>
    <nd ref="3632"/>
    <nd ref="3633"/>
    <nd ref="3634"/>
    <nd ref="3635"/>
    <nd ref="3636"/>
    <nd ref="3637"/>
    <nd ref="3638"/>
    <nd ref="3639"/>
    <nd ref="654"/>
    <tag k="type" v="line_thin"/>
    <tag k="subtype" v="dashed"/>
  </way>
  <way version="1" id="163">
    <nd ref="654"/>
    <nd ref="3640"/>
    <nd ref="3641"/>
    <nd ref="3642"/>
    <nd ref="3643"/>
    <nd ref="3644"/>
    <nd ref="3645"/>
    <nd ref="3646"/>
    <nd ref="3647"/>
    <nd ref="3648"/>
    <nd ref="3649"/>
    <nd ref="3650"/>
    <nd ref="3651"/>
    <nd ref="3652"/>
    <nd ref="3653"/>
    <nd ref="3654"/>
    <nd ref="1690"/>
    <tag k="type" v="line_thin"/>
    <tag k="subtype" v="dashed"/>
  </way>
  <way version="1" id="164">
    <nd ref="3610"/>
    <nd ref="3655"/>
    <nd ref="3656"/>
    <nd ref="3657"/>
    <nd ref="3658"/>
    <nd ref="3659"/>
    <nd ref="3660"/>
    <nd ref="3661"/>
    <nd ref="3662"/>
    <nd ref="3663"/>
    <nd ref="3664"/>
    <nd ref="3665"/>
    <nd ref="3666"/>
    <nd ref="3667"/>
    <nd ref="3668"/>
    <nd ref="3669"/>
    <nd ref="3670"/>
    <nd ref="3671"/>
    <nd ref="3672"/>
    <nd ref="3673"/>
    <tag k="type" v="line_thin"/>
    <tag k="subtype" v="dashed"/>
  </way>
  <way version="1" id="165">
    <nd ref="618"/>
    <nd ref="3674"/>
    <nd ref="3675"/>
    <nd ref="3676"/>
    <nd ref="3677"/>
    <nd ref="3678"/>
    <nd ref="3679"/>
    <nd ref="3680"/>
    <nd ref="3681"/>
    <nd ref="3682"/>
    <nd ref="3683"/>
    <nd ref="3684"/>
    <nd ref="3685"/>
    <nd ref="3686"/>
    <nd ref="3687"/>
    <nd ref="3688"/>
    <nd ref="3689"/>
    <nd ref="1991"/>
    <tag k="type" v="line_thin"/>
    <tag k="subtype" v="dashed"/>
  </way>
  <way version="1" id="166">
    <nd ref="3690"/>
    <nd ref="3691"/>
    <nd ref="3692"/>
    <nd ref="3693"/>
    <nd ref="3694"/>
    <nd ref="3695"/>
    <nd ref="3696"/>
    <nd ref="3697"/>
    <nd ref="3565"/>
    <tag k="type" v="line_thin"/>
    <tag k="subtype" v="dashed"/>
  </way>
  <way version="1" id="167">
    <nd ref="3698"/>
    <nd ref="3699"/>
    <nd ref="3700"/>
    <nd ref="3701"/>
    <nd ref="3702"/>
    <nd ref="3703"/>
    <nd ref="3704"/>
    <nd ref="3705"/>
    <nd ref="2228"/>
    <nd ref="2229"/>
    <nd ref="2230"/>
    <tag k="type" v="line_thin"/>
    <tag k="subtype" v="dashed"/>
  </way>
  <way version="1" id="168">
    <nd ref="70"/>
    <nd ref="618"/>
    <tag k="type" v="line_thin"/>
    <tag k="subtype" v="dashed"/>
  </way>
  <way version="1" id="169">
    <nd ref="1816"/>
    <nd ref="1817"/>
    <tag k="type" v="line_thin"/>
    <tag k="subtype" v="dashed"/>
  </way>
  <way version="1" id="170">
    <nd ref="3706"/>
    <nd ref="3707"/>
    <nd ref="3708"/>
    <nd ref="3709"/>
    <nd ref="3710"/>
    <nd ref="3711"/>
    <nd ref="3712"/>
    <nd ref="3713"/>
    <tag k="type" v="line_thin"/>
    <tag k="subtype" v="dashed"/>
  </way>
  <way version="1" id="171">
    <nd ref="3714"/>
    <nd ref="3715"/>
    <nd ref="3716"/>
    <nd ref="3717"/>
    <nd ref="3718"/>
    <nd ref="3719"/>
    <nd ref="3720"/>
    <nd ref="3721"/>
    <tag k="type" v="line_thin"/>
    <tag k="subtype" v="dashed"/>
  </way>
  <way version="1" id="172">
    <nd ref="1689"/>
    <nd ref="3722"/>
    <nd ref="3723"/>
    <nd ref="3724"/>
    <tag k="type" v="line_thin"/>
    <tag k="subtype" v="dashed"/>
  </way>
  <way version="1" id="173">
    <nd ref="3724"/>
    <nd ref="3725"/>
    <nd ref="3726"/>
    <nd ref="3727"/>
    <nd ref="3728"/>
    <nd ref="3729"/>
    <tag k="type" v="line_thin"/>
    <tag k="subtype" v="dashed"/>
  </way>
  <way version="1" id="174">
    <nd ref="1684"/>
    <nd ref="3730"/>
    <nd ref="3731"/>
    <nd ref="3732"/>
    <nd ref="3733"/>
    <nd ref="668"/>
    <tag k="type" v="line_thin"/>
    <tag k="subtype" v="dashed"/>
  </way>
  <way version="1" id="175">
    <nd ref="669"/>
    <nd ref="3734"/>
    <nd ref="3735"/>
    <nd ref="3736"/>
    <nd ref="3737"/>
    <nd ref="3738"/>
    <nd ref="2610"/>
    <tag k="type" v="line_thin"/>
    <tag k="subtype" v="dashed"/>
  </way>
  <way version="1" id="176">
    <nd ref="3739"/>
    <nd ref="3740"/>
    <tag k="type" v="line_thin"/>
    <tag k="subtype" v="dashed"/>
  </way>
  <way version="1" id="177">
    <nd ref="2900"/>
    <nd ref="3741"/>
    <nd ref="3742"/>
    <nd ref="3743"/>
    <nd ref="3744"/>
    <nd ref="3745"/>
    <nd ref="3746"/>
    <nd ref="3747"/>
    <nd ref="3748"/>
    <nd ref="3749"/>
    <nd ref="3750"/>
    <nd ref="3751"/>
    <nd ref="3752"/>
    <nd ref="3753"/>
    <nd ref="3754"/>
    <nd ref="3755"/>
    <nd ref="3756"/>
    <nd ref="3757"/>
    <nd ref="3758"/>
    <nd ref="3759"/>
    <nd ref="3760"/>
    <nd ref="3761"/>
    <nd ref="3762"/>
    <nd ref="3763"/>
    <nd ref="3764"/>
    <nd ref="3765"/>
    <nd ref="3766"/>
    <nd ref="3767"/>
    <nd ref="1275"/>
    <tag k="type" v="line_thin"/>
    <tag k="subtype" v="dashed"/>
  </way>
  <way version="1" id="178">
    <nd ref="1322"/>
    <nd ref="1497"/>
    <nd ref="1498"/>
    <nd ref="1499"/>
    <nd ref="1500"/>
    <nd ref="1501"/>
    <nd ref="1502"/>
    <nd ref="1503"/>
    <tag k="type" v="line_thin"/>
    <tag k="subtype" v="dashed"/>
  </way>
  <way version="1" id="179">
    <nd ref="2902"/>
    <nd ref="3768"/>
    <tag k="type" v="line_thin"/>
    <tag k="subtype" v="dashed"/>
  </way>
  <way version="1" id="180">
    <nd ref="1275"/>
    <nd ref="1276"/>
    <nd ref="1277"/>
    <nd ref="1278"/>
    <nd ref="1279"/>
    <nd ref="1280"/>
    <nd ref="1281"/>
    <nd ref="1282"/>
    <nd ref="1283"/>
    <nd ref="1284"/>
    <nd ref="1285"/>
    <nd ref="1286"/>
    <nd ref="1287"/>
    <nd ref="1288"/>
    <nd ref="1289"/>
    <nd ref="1290"/>
    <nd ref="1291"/>
    <nd ref="1292"/>
    <nd ref="1293"/>
    <nd ref="1294"/>
    <nd ref="1295"/>
    <nd ref="1296"/>
    <nd ref="1297"/>
    <nd ref="1298"/>
    <nd ref="1299"/>
    <tag k="type" v="line_thin"/>
    <tag k="subtype" v="dashed"/>
  </way>
  <way version="1" id="181">
    <nd ref="618"/>
    <nd ref="619"/>
    <nd ref="620"/>
    <nd ref="621"/>
    <nd ref="622"/>
    <nd ref="623"/>
    <nd ref="624"/>
    <nd ref="625"/>
    <tag k="type" v="line_thin"/>
    <tag k="subtype" v="virtual"/>
  </way>
  <way version="1" id="182">
    <nd ref="735"/>
    <nd ref="734"/>
    <nd ref="733"/>
    <nd ref="732"/>
    <nd ref="731"/>
    <nd ref="730"/>
    <nd ref="729"/>
    <nd ref="728"/>
    <nd ref="727"/>
    <nd ref="726"/>
    <nd ref="725"/>
    <nd ref="724"/>
    <tag k="type" v="line_thin"/>
    <tag k="subtype" v="virtual"/>
  </way>
  <way version="1" id="183">
    <nd ref="669"/>
    <nd ref="716"/>
    <nd ref="717"/>
    <nd ref="718"/>
    <nd ref="719"/>
    <nd ref="720"/>
    <nd ref="721"/>
    <nd ref="722"/>
    <nd ref="723"/>
    <tag k="type" v="line_thin"/>
    <tag k="subtype" v="virtual"/>
  </way>
  <way version="1" id="184">
    <nd ref="1245"/>
    <nd ref="1244"/>
    <nd ref="1243"/>
    <nd ref="1242"/>
    <nd ref="1241"/>
    <nd ref="1240"/>
    <nd ref="1239"/>
    <nd ref="1238"/>
    <nd ref="1237"/>
    <nd ref="1236"/>
    <nd ref="1235"/>
    <nd ref="1234"/>
    <nd ref="1233"/>
    <tag k="type" v="line_thin"/>
    <tag k="subtype" v="virtual"/>
  </way>
  <way version="1" id="185">
    <nd ref="1218"/>
    <nd ref="1219"/>
    <nd ref="1220"/>
    <nd ref="1221"/>
    <nd ref="1222"/>
    <nd ref="1223"/>
    <nd ref="1224"/>
    <nd ref="1225"/>
    <nd ref="1226"/>
    <nd ref="1227"/>
    <nd ref="1228"/>
    <nd ref="1229"/>
    <nd ref="1230"/>
    <nd ref="1231"/>
    <nd ref="1232"/>
    <tag k="type" v="line_thin"/>
    <tag k="subtype" v="virtual"/>
  </way>
  <way version="1" id="186">
    <nd ref="3769"/>
    <nd ref="3770"/>
    <nd ref="3771"/>
    <nd ref="3772"/>
    <nd ref="3773"/>
    <nd ref="3774"/>
    <nd ref="3775"/>
    <nd ref="3776"/>
    <nd ref="3777"/>
    <nd ref="3778"/>
    <nd ref="3779"/>
    <nd ref="3780"/>
    <nd ref="3781"/>
    <nd ref="3782"/>
    <nd ref="3783"/>
    <tag k="type" v="roadborder"/>
  </way>
  <way version="1" id="187">
    <nd ref="3784"/>
    <nd ref="3785"/>
    <nd ref="3786"/>
    <nd ref="3787"/>
    <nd ref="3788"/>
    <tag k="type" v="roadborder"/>
  </way>
  <way version="1" id="188">
    <nd ref="3789"/>
    <nd ref="3790"/>
    <nd ref="3791"/>
    <tag k="type" v="roadborder"/>
  </way>
  <way version="1" id="189">
    <nd ref="3792"/>
    <nd ref="3793"/>
    <tag k="type" v="roadborder"/>
  </way>
  <way version="1" id="190">
    <nd ref="3794"/>
    <nd ref="3795"/>
    <nd ref="3796"/>
    <tag k="type" v="roadborder"/>
  </way>
  <way version="1" id="191">
    <nd ref="3797"/>
    <nd ref="3798"/>
    <nd ref="3799"/>
    <tag k="type" v="roadborder"/>
  </way>
  <way version="1" id="192">
    <nd ref="3800"/>
    <nd ref="3801"/>
    <nd ref="3802"/>
    <nd ref="3803"/>
    <tag k="type" v="roadborder"/>
  </way>
  <way version="1" id="193">
    <nd ref="3804"/>
    <nd ref="3805"/>
    <nd ref="3806"/>
    <tag k="type" v="roadborder"/>
  </way>
  <way version="1" id="194">
    <nd ref="3807"/>
    <nd ref="3808"/>
    <nd ref="3809"/>
    <nd ref="3810"/>
    <nd ref="3811"/>
    <nd ref="3812"/>
    <tag k="type" v="roadborder"/>
  </way>
  <way version="1" id="195">
    <nd ref="3813"/>
    <nd ref="3814"/>
    <nd ref="3815"/>
    <nd ref="3816"/>
    <nd ref="3817"/>
    <nd ref="3818"/>
    <nd ref="3819"/>
    <tag k="type" v="roadborder"/>
  </way>
  <way version="1" id="196">
    <nd ref="2538"/>
    <nd ref="3820"/>
    <nd ref="3821"/>
    <nd ref="3822"/>
    <nd ref="3823"/>
    <nd ref="3824"/>
    <nd ref="3825"/>
    <nd ref="3826"/>
    <nd ref="3827"/>
    <nd ref="3828"/>
    <nd ref="3829"/>
    <nd ref="3830"/>
    <nd ref="3831"/>
    <nd ref="3832"/>
    <nd ref="3833"/>
    <nd ref="3834"/>
    <nd ref="3835"/>
    <nd ref="3836"/>
    <nd ref="3837"/>
    <nd ref="3838"/>
    <nd ref="3839"/>
    <nd ref="3840"/>
    <nd ref="3841"/>
    <nd ref="3842"/>
    <nd ref="3843"/>
    <nd ref="3844"/>
    <nd ref="3845"/>
    <nd ref="3846"/>
    <nd ref="3847"/>
    <nd ref="3848"/>
    <nd ref="3849"/>
    <nd ref="3850"/>
    <nd ref="3851"/>
    <nd ref="3852"/>
    <nd ref="3853"/>
    <nd ref="3854"/>
    <nd ref="3855"/>
    <nd ref="3856"/>
    <nd ref="2563"/>
    <tag k="type" v="Markings"/>
  </way>
  <way version="1" id="197">
    <nd ref="3857"/>
    <nd ref="3858"/>
    <nd ref="3859"/>
    <nd ref="3860"/>
    <nd ref="3861"/>
    <nd ref="3862"/>
    <nd ref="3863"/>
    <nd ref="3864"/>
    <nd ref="3865"/>
    <nd ref="3866"/>
    <nd ref="3867"/>
    <nd ref="3868"/>
    <nd ref="3869"/>
    <nd ref="3870"/>
    <tag k="type" v="Markings"/>
  </way>
  <way version="1" id="198">
    <nd ref="3871"/>
    <nd ref="3872"/>
    <nd ref="3873"/>
    <nd ref="3874"/>
    <nd ref="3875"/>
    <nd ref="3876"/>
    <nd ref="3877"/>
    <nd ref="3878"/>
    <nd ref="3879"/>
    <tag k="type" v="Markings"/>
  </way>
  <way version="1" id="199">
    <nd ref="3880"/>
    <nd ref="3881"/>
    <tag k="type" v="Markings"/>
  </way>
  <way version="1" id="200">
    <nd ref="3882"/>
    <nd ref="3883"/>
    <nd ref="3884"/>
    <tag k="type" v="Markings"/>
  </way>
  <way version="1" id="201">
    <nd ref="3885"/>
    <nd ref="3886"/>
    <nd ref="3887"/>
    <nd ref="3888"/>
    <nd ref="3889"/>
    <nd ref="3890"/>
    <nd ref="3891"/>
    <nd ref="3892"/>
    <nd ref="3893"/>
    <tag k="type" v="Markings"/>
  </way>
  <way version="1" id="202">
    <nd ref="3893"/>
    <nd ref="3894"/>
    <nd ref="3895"/>
    <nd ref="3896"/>
    <nd ref="3897"/>
    <nd ref="3898"/>
    <nd ref="3899"/>
    <nd ref="3900"/>
    <nd ref="3901"/>
    <nd ref="3880"/>
    <tag k="type" v="Markings"/>
  </way>
  <way version="1" id="203">
    <nd ref="3902"/>
    <nd ref="3903"/>
    <nd ref="3904"/>
    <nd ref="3905"/>
    <nd ref="3906"/>
    <nd ref="3907"/>
    <tag k="type" v="Markings"/>
  </way>
  <way version="1" id="204">
    <nd ref="3907"/>
    <nd ref="3908"/>
    <nd ref="3909"/>
    <nd ref="3910"/>
    <nd ref="3911"/>
    <nd ref="3912"/>
    <nd ref="3913"/>
    <nd ref="3914"/>
    <nd ref="3915"/>
    <nd ref="3882"/>
    <tag k="type" v="Markings"/>
  </way>
  <way version="1" id="205">
    <nd ref="3916"/>
    <nd ref="3917"/>
    <nd ref="3918"/>
    <nd ref="3919"/>
    <nd ref="3920"/>
    <nd ref="3921"/>
    <nd ref="3922"/>
    <nd ref="3923"/>
    <tag k="type" v="Markings"/>
  </way>
  <way version="1" id="206">
    <nd ref="3923"/>
    <nd ref="3924"/>
    <tag k="type" v="Markings"/>
  </way>
  <way version="1" id="207">
    <nd ref="3925"/>
    <nd ref="3926"/>
    <nd ref="3927"/>
    <tag k="type" v="Markings"/>
  </way>
  <way version="1" id="208">
    <nd ref="3928"/>
    <nd ref="3929"/>
    <nd ref="3930"/>
    <nd ref="3931"/>
    <nd ref="3932"/>
    <nd ref="3933"/>
    <nd ref="3934"/>
    <nd ref="3925"/>
    <tag k="type" v="Markings"/>
  </way>
  <way version="1" id="209">
    <nd ref="3935"/>
    <nd ref="3936"/>
    <nd ref="3937"/>
    <nd ref="3938"/>
    <nd ref="3939"/>
    <nd ref="3940"/>
    <nd ref="3941"/>
    <nd ref="3942"/>
    <tag k="type" v="Markings"/>
  </way>
  <way version="1" id="210">
    <nd ref="3942"/>
    <nd ref="3943"/>
    <nd ref="3944"/>
    <tag k="type" v="Markings"/>
  </way>
  <way version="1" id="211">
    <nd ref="3945"/>
    <nd ref="3946"/>
    <nd ref="3947"/>
    <nd ref="3948"/>
    <nd ref="3949"/>
    <nd ref="3950"/>
    <nd ref="3951"/>
    <nd ref="3952"/>
    <nd ref="3953"/>
    <tag k="type" v="Markings"/>
  </way>
  <way version="1" id="212">
    <nd ref="3953"/>
    <nd ref="3954"/>
    <nd ref="3955"/>
    <nd ref="3956"/>
    <nd ref="3957"/>
    <nd ref="3958"/>
    <nd ref="3959"/>
    <nd ref="3960"/>
    <nd ref="3961"/>
    <nd ref="3962"/>
    <nd ref="3963"/>
    <nd ref="3964"/>
    <nd ref="3965"/>
    <nd ref="3966"/>
    <tag k="type" v="Markings"/>
  </way>
  <way version="1" id="213">
    <nd ref="2288"/>
    <nd ref="2289"/>
    <nd ref="2290"/>
    <nd ref="2291"/>
    <nd ref="2292"/>
    <nd ref="2293"/>
    <nd ref="2294"/>
    <nd ref="2295"/>
    <nd ref="2296"/>
    <nd ref="2297"/>
    <nd ref="2298"/>
    <tag k="type" v="Markings"/>
  </way>
  <way version="1" id="214">
    <nd ref="3967"/>
    <nd ref="3968"/>
    <nd ref="3969"/>
    <nd ref="3970"/>
    <nd ref="3971"/>
    <nd ref="3972"/>
    <nd ref="3973"/>
    <nd ref="3974"/>
    <nd ref="3975"/>
    <nd ref="3976"/>
    <nd ref="3977"/>
    <tag k="type" v="Markings"/>
  </way>
  <way version="1" id="215">
    <nd ref="3978"/>
    <nd ref="3979"/>
    <nd ref="3980"/>
    <nd ref="3981"/>
    <nd ref="3982"/>
    <nd ref="3983"/>
    <nd ref="3984"/>
    <nd ref="3985"/>
    <nd ref="3986"/>
    <nd ref="3987"/>
    <tag k="type" v="Markings"/>
  </way>
  <way version="1" id="216">
    <nd ref="3988"/>
    <nd ref="3989"/>
    <nd ref="3990"/>
    <nd ref="3991"/>
    <nd ref="3992"/>
    <nd ref="3993"/>
    <nd ref="3994"/>
    <tag k="type" v="Markings"/>
  </way>
  <way version="1" id="217">
    <nd ref="3994"/>
    <nd ref="3995"/>
    <tag k="type" v="Markings"/>
  </way>
  <way version="1" id="218">
    <nd ref="3996"/>
    <nd ref="3997"/>
    <nd ref="3998"/>
    <nd ref="3999"/>
    <nd ref="4000"/>
    <nd ref="4001"/>
    <nd ref="4002"/>
    <nd ref="4003"/>
    <nd ref="4004"/>
    <nd ref="4005"/>
    <tag k="type" v="Markings"/>
  </way>
  <way version="1" id="219">
    <nd ref="4005"/>
    <nd ref="4006"/>
    <tag k="type" v="Markings"/>
  </way>
  <way version="1" id="220">
    <nd ref="4007"/>
    <nd ref="4008"/>
    <nd ref="4009"/>
    <nd ref="4010"/>
    <nd ref="4011"/>
    <nd ref="4012"/>
    <nd ref="4013"/>
    <nd ref="4014"/>
    <tag k="type" v="Markings"/>
  </way>
  <way version="1" id="221">
    <nd ref="4015"/>
    <nd ref="4016"/>
    <nd ref="4017"/>
    <nd ref="4018"/>
    <nd ref="4019"/>
    <nd ref="4020"/>
    <nd ref="4021"/>
    <nd ref="4022"/>
    <nd ref="4023"/>
    <nd ref="4024"/>
    <nd ref="4025"/>
    <nd ref="4026"/>
    <nd ref="4027"/>
    <tag k="type" v="Markings"/>
  </way>
  <way version="1" id="222">
    <nd ref="4028"/>
    <nd ref="4029"/>
    <nd ref="4030"/>
    <nd ref="4031"/>
    <nd ref="4032"/>
    <nd ref="4033"/>
    <nd ref="4034"/>
    <nd ref="4035"/>
    <nd ref="4036"/>
    <nd ref="4037"/>
    <tag k="type" v="Markings"/>
  </way>
  <way version="1" id="223">
    <nd ref="4037"/>
    <nd ref="4038"/>
    <nd ref="4039"/>
    <tag k="type" v="Markings"/>
  </way>
  <way version="1" id="224">
    <nd ref="4040"/>
    <nd ref="4041"/>
    <nd ref="4042"/>
    <nd ref="4043"/>
    <nd ref="4044"/>
    <nd ref="4045"/>
    <nd ref="4046"/>
    <nd ref="4047"/>
    <nd ref="4048"/>
    <nd ref="4049"/>
    <nd ref="4050"/>
    <nd ref="4051"/>
    <nd ref="4052"/>
    <nd ref="4053"/>
    <nd ref="4054"/>
    <nd ref="4055"/>
    <nd ref="4056"/>
    <nd ref="4057"/>
    <nd ref="4058"/>
    <nd ref="4059"/>
    <nd ref="4060"/>
    <nd ref="4061"/>
    <nd ref="4062"/>
    <nd ref="4063"/>
    <nd ref="4064"/>
    <nd ref="4065"/>
    <nd ref="4066"/>
    <nd ref="4067"/>
    <nd ref="4068"/>
    <nd ref="76"/>
    <tag k="type" v="Markings"/>
  </way>
  <way version="1" id="225">
    <nd ref="4069"/>
    <nd ref="4070"/>
    <tag k="type" v="Markings"/>
  </way>
  <way version="1" id="226">
    <nd ref="4071"/>
    <nd ref="4072"/>
    <tag k="type" v="Markings"/>
  </way>
  <way version="1" id="227">
    <nd ref="4073"/>
    <nd ref="4074"/>
    <nd ref="4075"/>
    <nd ref="4076"/>
    <nd ref="4077"/>
    <tag k="type" v="Markings"/>
  </way>
  <way version="1" id="228">
    <nd ref="4078"/>
    <nd ref="4079"/>
    <nd ref="4080"/>
    <nd ref="4081"/>
    <nd ref="4082"/>
    <tag k="type" v="Markings"/>
  </way>
  <way version="1" id="229">
    <nd ref="4083"/>
    <nd ref="4084"/>
    <nd ref="4085"/>
    <nd ref="4086"/>
    <nd ref="4087"/>
    <tag k="type" v="Markings"/>
  </way>
  <way version="1" id="230">
    <nd ref="4088"/>
    <nd ref="4089"/>
    <nd ref="4090"/>
    <nd ref="4091"/>
    <nd ref="4092"/>
    <tag k="type" v="Markings"/>
  </way>
  <way version="1" id="231">
    <nd ref="4093"/>
    <nd ref="4094"/>
    <tag k="type" v="Markings"/>
  </way>
  <way version="1" id="232">
    <nd ref="4095"/>
    <nd ref="4096"/>
    <tag k="type" v="Markings"/>
  </way>
  <way version="1" id="233">
    <nd ref="4097"/>
    <nd ref="4098"/>
    <tag k="type" v="Markings"/>
  </way>
  <way version="1" id="234">
    <nd ref="4099"/>
    <nd ref="4100"/>
    <tag k="type" v="Markings"/>
  </way>
  <way version="1" id="235">
    <nd ref="4101"/>
    <nd ref="4102"/>
    <tag k="type" v="Markings"/>
  </way>
  <way version="1" id="236">
    <nd ref="4103"/>
    <nd ref="4104"/>
    <tag k="type" v="Markings"/>
  </way>
  <way version="1" id="237">
    <nd ref="4105"/>
    <nd ref="4106"/>
    <tag k="type" v="Markings"/>
  </way>
  <way version="1" id="238">
    <nd ref="4107"/>
    <nd ref="4108"/>
    <tag k="type" v="Markings"/>
  </way>
  <way version="1" id="239">
    <nd ref="4109"/>
    <nd ref="4110"/>
    <tag k="type" v="Markings"/>
  </way>
  <way version="1" id="240">
    <nd ref="4111"/>
    <nd ref="4112"/>
    <tag k="type" v="Markings"/>
  </way>
  <way version="1" id="241">
    <nd ref="4113"/>
    <nd ref="4114"/>
    <nd ref="4115"/>
    <nd ref="4116"/>
    <tag k="type" v="Markings"/>
  </way>
  <way version="1" id="242">
    <nd ref="4113"/>
    <nd ref="4117"/>
    <nd ref="4118"/>
    <nd ref="4119"/>
    <nd ref="4120"/>
    <tag k="type" v="Markings"/>
  </way>
  <way version="1" id="243">
    <nd ref="4121"/>
    <nd ref="4122"/>
    <nd ref="4123"/>
    <nd ref="4124"/>
    <nd ref="4125"/>
    <tag k="type" v="Markings"/>
  </way>
  <way version="1" id="244">
    <nd ref="4126"/>
    <nd ref="4127"/>
    <nd ref="4128"/>
    <nd ref="4129"/>
    <nd ref="4130"/>
    <tag k="type" v="Markings"/>
  </way>
  <way version="1" id="245">
    <nd ref="4131"/>
    <nd ref="4132"/>
    <nd ref="4133"/>
    <nd ref="4134"/>
    <nd ref="4135"/>
    <tag k="type" v="Markings"/>
  </way>
  <way version="1" id="246">
    <nd ref="4136"/>
    <nd ref="4137"/>
    <nd ref="4138"/>
    <nd ref="4139"/>
    <nd ref="4140"/>
    <tag k="type" v="Markings"/>
  </way>
  <way version="1" id="247">
    <nd ref="4141"/>
    <nd ref="4142"/>
    <tag k="type" v="Markings"/>
  </way>
  <way version="1" id="248">
    <nd ref="4143"/>
    <nd ref="4144"/>
    <nd ref="4145"/>
    <nd ref="4114"/>
    <nd ref="4143"/>
    <tag k="area" v="yes"/>
    <tag k="type" v="parking_area"/>
  </way>
  <way version="1" id="249">
    <nd ref="4146"/>
    <nd ref="4118"/>
    <nd ref="4117"/>
    <nd ref="4147"/>
    <nd ref="4146"/>
    <tag k="area" v="yes"/>
    <tag k="type" v="parking_area"/>
  </way>
  <way version="1" id="250">
    <nd ref="4124"/>
    <nd ref="4123"/>
    <nd ref="4122"/>
    <nd ref="4125"/>
    <nd ref="4124"/>
    <tag k="area" v="yes"/>
    <tag k="type" v="parking_area"/>
  </way>
  <way version="1" id="251">
    <nd ref="4148"/>
    <nd ref="4128"/>
    <nd ref="4129"/>
    <nd ref="4149"/>
    <nd ref="4148"/>
    <tag k="area" v="yes"/>
    <tag k="type" v="parking_area"/>
  </way>
  <way version="1" id="252">
    <nd ref="4132"/>
    <nd ref="4133"/>
    <nd ref="4134"/>
    <nd ref="4150"/>
    <nd ref="4132"/>
    <tag k="area" v="yes"/>
    <tag k="type" v="parking_area"/>
  </way>
  <way version="1" id="253">
    <nd ref="4137"/>
    <nd ref="4151"/>
    <nd ref="4152"/>
    <nd ref="4153"/>
    <nd ref="4137"/>
    <tag k="area" v="yes"/>
    <tag k="type" v="parking_area"/>
  </way>
  <way version="1" id="254">
    <nd ref="4154"/>
    <nd ref="4155"/>
    <nd ref="4156"/>
    <nd ref="4157"/>
    <nd ref="4158"/>
    <nd ref="4159"/>
    <nd ref="4160"/>
    <nd ref="4161"/>
    <nd ref="4162"/>
    <nd ref="4154"/>
    <tag k="area" v="yes"/>
    <tag k="type" v="dashed_markings"/>
  </way>
  <way version="1" id="255">
    <nd ref="4163"/>
    <nd ref="4164"/>
    <nd ref="4165"/>
    <nd ref="4166"/>
    <nd ref="4163"/>
    <tag k="area" v="yes"/>
    <tag k="type" v="dashed_markings"/>
  </way>
  <way version="1" id="256">
    <nd ref="4167"/>
    <nd ref="4168"/>
    <nd ref="4169"/>
    <nd ref="4170"/>
    <nd ref="4167"/>
    <tag k="area" v="yes"/>
    <tag k="type" v="dashed_markings"/>
  </way>
  <way version="1" id="257">
    <nd ref="4171"/>
    <nd ref="4172"/>
    <nd ref="4173"/>
    <nd ref="4174"/>
    <nd ref="4175"/>
    <nd ref="4176"/>
    <nd ref="4177"/>
    <nd ref="4178"/>
    <nd ref="4179"/>
    <nd ref="4180"/>
    <nd ref="4181"/>
    <nd ref="4182"/>
    <nd ref="4183"/>
    <nd ref="4184"/>
    <nd ref="4185"/>
    <nd ref="4186"/>
    <nd ref="4187"/>
    <nd ref="4188"/>
    <nd ref="4189"/>
    <nd ref="4171"/>
    <tag k="area" v="yes"/>
    <tag k="type" v="dashed_markings"/>
  </way>
  <way version="1" id="258">
    <nd ref="4190"/>
    <nd ref="4191"/>
    <nd ref="4192"/>
    <nd ref="4193"/>
    <nd ref="4190"/>
    <tag k="area" v="yes"/>
    <tag k="type" v="dashed_markings"/>
  </way>
  <way version="1" id="259">
    <nd ref="4194"/>
    <nd ref="4195"/>
    <nd ref="4196"/>
    <nd ref="4197"/>
    <nd ref="4198"/>
    <nd ref="4199"/>
    <nd ref="4200"/>
    <nd ref="4201"/>
    <nd ref="4202"/>
    <nd ref="4203"/>
    <nd ref="4204"/>
    <nd ref="4205"/>
    <nd ref="4206"/>
    <nd ref="4207"/>
    <nd ref="4194"/>
    <tag k="area" v="yes"/>
    <tag k="type" v="dashed_markings"/>
  </way>
  <way version="1" id="260">
    <nd ref="3490"/>
    <nd ref="4208"/>
    <nd ref="4209"/>
    <nd ref="4210"/>
    <nd ref="4211"/>
    <nd ref="4212"/>
    <nd ref="4213"/>
    <nd ref="4214"/>
    <nd ref="4215"/>
    <nd ref="4216"/>
    <nd ref="4217"/>
    <nd ref="3490"/>
    <tag k="area" v="yes"/>
    <tag k="type" v="dashed_markings"/>
  </way>
  <relation version="1" id="1">
    <member type="way" ref="1" role="left"/>
    <member type="way" ref="2" role="right"/>
    <member type="way" ref="3" role="centerline"/>
    <tag k="type" v="lanelet"/>
    <tag k="subtype" v="road"/>
    <tag k="id" v="1"/>
  </relation>
  <relation version="1" id="10">
    <member type="way" ref="4" role="left"/>
    <member type="way" ref="5" role="right"/>
    <member type="way" ref="6" role="centerline"/>
    <tag k="type" v="lanelet"/>
    <tag k="subtype" v="road"/>
    <tag k="id" v="10"/>
  </relation>
  <relation version="1" id="2">
    <member type="way" ref="7" role="left"/>
    <member type="way" ref="8" role="right"/>
    <member type="way" ref="9" role="centerline"/>
    <tag k="type" v="lanelet"/>
    <tag k="subtype" v="road"/>
    <tag k="id" v="2"/>
  </relation>
  <relation version="1" id="3">
    <member type="way" ref="10" role="left"/>
    <member type="way" ref="11" role="right"/>
    <member type="way" ref="12" role="centerline"/>
    <tag k="type" v="lanelet"/>
    <tag k="subtype" v="road"/>
    <tag k="id" v="3"/>
  </relation>
  <relation version="1" id="4">
    <member type="way" ref="13" role="left"/>
    <member type="way" ref="14" role="right"/>
    <member type="way" ref="15" role="centerline"/>
    <tag k="type" v="lanelet"/>
    <tag k="subtype" v="road"/>
    <tag k="id" v="4"/>
  </relation>
  <relation version="1" id="5">
    <member type="way" ref="16" role="left"/>
    <member type="way" ref="17" role="right"/>
    <member type="way" ref="18" role="centerline"/>
    <tag k="type" v="lanelet"/>
    <tag k="subtype" v="road"/>
    <tag k="id" v="5"/>
  </relation>
  <relation version="1" id="6">
    <member type="way" ref="19" role="left"/>
    <member type="way" ref="20" role="right"/>
    <member type="way" ref="21" role="centerline"/>
    <tag k="type" v="lanelet"/>
    <tag k="subtype" v="road"/>
    <tag k="id" v="6"/>
  </relation>
  <relation version="1" id="7">
    <member type="way" ref="22" role="left"/>
    <member type="way" ref="23" role="right"/>
    <member type="way" ref="24" role="centerline"/>
    <tag k="type" v="lanelet"/>
    <tag k="subtype" v="road"/>
    <tag k="id" v="7"/>
  </relation>
  <relation version="1" id="8">
    <member type="way" ref="25" role="left"/>
    <member type="way" ref="26" role="right"/>
    <member type="way" ref="27" role="centerline"/>
    <tag k="type" v="lanelet"/>
    <tag k="subtype" v="road"/>
    <tag k="id" v="8"/>
  </relation>
  <relation version="1" id="9">
    <member type="way" ref="28" role="left"/>
    <member type="way" ref="29" role="right"/>
    <member type="way" ref="30" role="centerline"/>
    <tag k="type" v="lanelet"/>
    <tag k="subtype" v="road"/>
    <tag k="id" v="9"/>
  </relation>
</osm>
